rank,produto,cycle,pass,tile,data_inicio,data_fim,tamanho_mb,n_exutorios_dentro,distancia_min_m,distancia_mediana_m,tipo_geometria_usada,granule_id,download_url,motivo_rank
1,RIVERSP,055,227,SA,2026-08-29T00:11:30Z,2026-08-29T00:20:36Z,6.526829719543457,13,0.0,0.0,bounding_box,SWOT_L2_HR_RiverSP_Reach_055_227_SA_20260829T001130_20260829T002036_PID0_01,https://archive.swot.podaac.earthdata.nasa.gov/podaac-swot-ops-cumulus-protected/SWOT_L2_HR_RiverSP_D/SWOT_L2_HR_RiverSP_Reach_055_227_SA_20260829T001130_20260829T002036_PID0_01.zip,13 exutorios dentro/intersectando a geometria do granulo.
2,RIVERSP,055,158,SA,2026-08-26T13:09:17Z,2026-08-26T13:18:37Z,8.511759757995605,13,0.0,0.0,bounding_box,SWOT_L2_HR_RiverSP_Reach_055_158_SA_20260826T130917_20260826T131837_PID0_01,https://archive.swot.podaac.earthdata.nasa.gov/podaac-swot-ops-cumulus-protected/SWOT_L2_HR_RiverSP_D/SWOT_L2_HR_RiverSP_Reach_055_158_SA_20260826T130917_20260826T131837_PID0_01.zip,13 exutorios dentro/intersectando a geometria do granulo.
3,RIVERSP,055,158,SA,2026-08-26T13:09:17Z,2026-08-26T13:18:37Z,8.511926651000977,13,0.0,0.0,bounding_box,SWOT_L2_HR_RiverSP_Reach_055_158_SA_20260826T130917_20260826T131837_PID0_02,https://archive.swot.podaac.earthdata.nasa.gov/podaac-swot-ops-cumulus-protected/SWOT_L2_HR_RiverSP_D/SWOT_L2_HR_RiverSP_Reach_055_158_SA_20260826T130917_20260826T131837_PID0_02.zip,13 exutorios dentro/intersectando a geometria do granulo.
4,RIVERSP,055,130,SA,2026-08-25T13:09:44Z,2026-08-25T13:17:26Z,8.500367164611816,13,0.0,0.0,bounding_box,SWOT_L2_HR_RiverSP_Reach_055_130_SA_20260825T130944_20260825T131726_PID0_01,https://archive.swot.podaac.earthdata.nasa.gov/podaac-swot-ops-cumulus-protected/SWOT_L2_HR_RiverSP_D/SWOT_L2_HR_RiverSP_Reach_055_130_SA_20260825T130944_20260825T131726_PID0_01.zip,13 exutorios dentro/intersectando a geometria do granulo.
5,RIVERSP,054,533,SA,2026-08-19T01:43:01Z,2026-08-19T01:58:23Z,8.282011985778809,13,0.0,0.0,bounding_box,SWOT_L2_HR_RiverSP_Reach_054_533_SA_20260819T014301_20260819T015823_PID0_01,https://archive.swot.podaac.earthdata.nasa.gov/podaac-swot-ops-cumulus-protected/SWOT_L2_HR_RiverSP_D/SWOT_L2_HR_RiverSP_Reach_054_533_SA_20260819T014301_20260819T015823_PID0_01.zip,13 exutorios dentro/intersectando a geometria do granulo.
6,RIVERSP,054,505,SA,2026-08-18T01:49:25Z,2026-08-18T01:57:38Z,6.002925872802734,13,0.0,0.0,bounding_box,SWOT_L2_HR_RiverSP_Reach_054_505_SA_20260818T014925_20260818T015738_PID0_01,https://archive.swot.podaac.earthdata.nasa.gov/podaac-swot-ops-cumulus-protected/SWOT_L2_HR_RiverSP_D/SWOT_L2_HR_RiverSP_Reach_054_505_SA_20260818T014925_20260818T015738_PID0_01.zip,13 exutorios dentro/intersectando a geometria do granulo.
7,RIVERSP,054,464,SA,2026-08-16T14:46:52Z,2026-08-16T14:57:03Z,9.110350608825684,13,0.0,0.0,bounding_box,SWOT_L2_HR_RiverSP_Reach_054_464_SA_20260816T144652_20260816T145703_PID0_01,https://archive.swot.podaac.earthdata.nasa.gov/podaac-swot-ops-cumulus-protected/SWOT_L2_HR_RiverSP_D/SWOT_L2_HR_RiverSP_Reach_054_464_SA_20260816T144652_20260816T145703_PID0_01.zip,13 exutorios dentro/intersectando a geometria do granulo.
8,RIVERSP,054,436,SA,2026-08-15T14:46:39Z,2026-08-15T14:55:21Z,11.000909805297852,13,0.0,0.0,bounding_box,SWOT_L2_HR_RiverSP_Reach_054_436_SA_20260815T144639_20260815T145521_PID0_01,https://archive.swot.podaac.earthdata.nasa.gov/podaac-swot-ops-cumulus-protected/SWOT_L2_HR_RiverSP_D/SWOT_L2_HR_RiverSP_Reach_054_436_SA_20260815T144639_20260815T145521_PID0_01.zip,13 exutorios dentro/intersectando a geometria do granulo.
9,RIVERSP,054,408,SA,2026-08-14T14:47:36Z,2026-08-14T14:54:31Z,6.156073570251465,13,0.0,0.0,bounding_box,SWOT_L2_HR_RiverSP_Reach_054_408_SA_20260814T144736_20260814T145431_PID0_01,https://archive.swot.podaac.earthdata.nasa.gov/podaac-swot-ops-cumulus-protected/SWOT_L2_HR_RiverSP_D/SWOT_L2_HR_RiverSP_Reach_054_408_SA_20260814T144736_20260814T145431_PID0_01.zip,13 exutorios dentro/intersectando a geometria do granulo.
10,RIVERSP,054,408,SA,2026-08-14T14:47:36Z,2026-08-14T14:54:31Z,6.156073570251465,13,0.0,0.0,bounding_box,SWOT_L2_HR_RiverSP_Reach_054_408_SA_20260814T144736_20260814T145431_PID0_02,https://archive.swot.podaac.earthdata.nasa.gov/podaac-swot-ops-cumulus-protected/SWOT_L2_HR_RiverSP_D/SWOT_L2_HR_RiverSP_Reach_054_408_SA_20260814T144736_20260814T145431_PID0_02.zip,13 exutorios dentro/intersectando a geometria do granulo.
11,RIVERSP,054,255,SA,2026-08-09T03:26:02Z,2026-08-09T03:36:17Z,10.732728004455566,13,0.0,0.0,bounding_box,SWOT_L2_HR_RiverSP_Reach_054_255_SA_20260809T032602_20260809T033617_PID0_01,https://archive.swot.podaac.earthdata.nasa.gov/podaac-swot-ops-cumulus-protected/SWOT_L2_HR_RiverSP_D/SWOT_L2_HR_RiverSP_Reach_054_255_SA_20260809T032602_20260809T033617_PID0_01.zip,13 exutorios dentro/intersectando a geometria do granulo.
12,RIVERSP,054,227,SA,2026-08-08T03:26:25Z,2026-08-08T03:35:31Z,6.469080924987793,13,0.0,0.0,bounding_box,SWOT_L2_HR_RiverSP_Reach_054_227_SA_20260808T032625_20260808T033531_PID0_01,https://archive.swot.podaac.earthdata.nasa.gov/podaac-swot-ops-cumulus-protected/SWOT_L2_HR_RiverSP_D/SWOT_L2_HR_RiverSP_Reach_054_227_SA_20260808T032625_20260808T033531_PID0_01.zip,13 exutorios dentro/intersectando a geometria do granulo.
13,RIVERSP,054,227,SA,2026-08-08T03:26:25Z,2026-08-08T03:35:31Z,6.57525634765625,13,0.0,0.0,bounding_box,SWOT_L2_HR_RiverSP_Reach_054_227_SA_20260808T032625_20260808T033531_PID0_02,https://archive.swot.podaac.earthdata.nasa.gov/podaac-swot-ops-cumulus-protected/SWOT_L2_HR_RiverSP_D/SWOT_L2_HR_RiverSP_Reach_054_227_SA_20260808T032625_20260808T033531_PID0_02.zip,13 exutorios dentro/intersectando a geometria do granulo.
14,RIVERSP,054,158,SA,2026-08-05T16:24:12Z,2026-08-05T16:33:33Z,8.51192855834961,13,0.0,0.0,bounding_box,SWOT_L2_HR_RiverSP_Reach_054_158_SA_20260805T162412_20260805T163333_PID0_01,https://archive.swot.podaac.earthdata.nasa.gov/podaac-swot-ops-cumulus-protected/SWOT_L2_HR_RiverSP_D/SWOT_L2_HR_RiverSP_Reach_054_158_SA_20260805T162412_20260805T163333_PID0_01.zip,13 exutorios dentro/intersectando a geometria do granulo.
15,RIVERSP,054,130,SA,2026-08-04T16:24:40Z,2026-08-04T16:32:21Z,8.419477462768555,13,0.0,0.0,bounding_box,SWOT_L2_HR_RiverSP_Reach_054_130_SA_20260804T162440_20260804T163221_PID0_01,https://archive.swot.podaac.earthdata.nasa.gov/podaac-swot-ops-cumulus-protected/SWOT_L2_HR_RiverSP_D/SWOT_L2_HR_RiverSP_Reach_054_130_SA_20260804T162440_20260804T163221_PID0_01.zip,13 exutorios dentro/intersectando a geometria do granulo.
16,RIVERSP,054,130,SA,2026-08-04T16:24:40Z,2026-08-04T16:32:21Z,8.500676155090332,13,0.0,0.0,bounding_box,SWOT_L2_HR_RiverSP_Reach_054_130_SA_20260804T162440_20260804T163221_PID0_02,https://archive.swot.podaac.earthdata.nasa.gov/podaac-swot-ops-cumulus-protected/SWOT_L2_HR_RiverSP_D/SWOT_L2_HR_RiverSP_Reach_054_130_SA_20260804T162440_20260804T163221_PID0_02.zip,13 exutorios dentro/intersectando a geometria do granulo.
17,RIVERSP,053,533,SA,2026-07-29T04:57:56Z,2026-07-29T05:13:18Z,8.281704902648926,13,0.0,0.0,bounding_box,SWOT_L2_HR_RiverSP_Reach_053_533_SA_20260729T045756_20260729T051318_PID0_01,https://archive.swot.podaac.earthdata.nasa.gov/podaac-swot-ops-cumulus-protected/SWOT_L2_HR_RiverSP_D/SWOT_L2_HR_RiverSP_Reach_053_533_SA_20260729T045756_20260729T051318_PID0_01.zip,13 exutorios dentro/intersectando a geometria do granulo.
18,RIVERSP,053,505,SA,2026-07-28T05:04:20Z,2026-07-28T05:12:33Z,6.002923965454102,13,0.0,0.0,bounding_box,SWOT_L2_HR_RiverSP_Reach_053_505_SA_20260728T050420_20260728T051233_PID0_01,https://archive.swot.podaac.earthdata.nasa.gov/podaac-swot-ops-cumulus-protected/SWOT_L2_HR_RiverSP_D/SWOT_L2_HR_RiverSP_Reach_053_505_SA_20260728T050420_20260728T051233_PID0_01.zip,13 exutorios dentro/intersectando a geometria do granulo.
19,RIVERSP,053,464,SA,2026-07-26T18:01:46Z,2026-07-26T18:11:58Z,9.110347747802734,13,0.0,0.0,bounding_box,SWOT_L2_HR_RiverSP_Reach_053_464_SA_20260726T180146_20260726T181158_PID0_01,https://archive.swot.podaac.earthdata.nasa.gov/podaac-swot-ops-cumulus-protected/SWOT_L2_HR_RiverSP_D/SWOT_L2_HR_RiverSP_Reach_053_464_SA_20260726T180146_20260726T181158_PID0_01.zip,13 exutorios dentro/intersectando a geometria do granulo.
20,RIVERSP,053,436,SA,2026-07-25T18:01:33Z,2026-07-25T18:10:16Z,10.606029510498047,13,0.0,0.0,bounding_box,SWOT_L2_HR_RiverSP_Reach_053_436_SA_20260725T180133_20260725T181016_PID0_01,https://archive.swot.podaac.earthdata.nasa.gov/podaac-swot-ops-cumulus-protected/SWOT_L2_HR_RiverSP_D/SWOT_L2_HR_RiverSP_Reach_053_436_SA_20260725T180133_20260725T181016_PID0_01.zip,13 exutorios dentro/intersectando a geometria do granulo.
21,RIVERSP,053,436,SA,2026-07-25T18:01:33Z,2026-07-25T18:10:16Z,10.606029510498047,13,0.0,0.0,bounding_box,SWOT_L2_HR_RiverSP_Reach_053_436_SA_20260725T180133_20260725T181016_PID0_02,https://archive.swot.podaac.earthdata.nasa.gov/podaac-swot-ops-cumulus-protected/SWOT_L2_HR_RiverSP_D/SWOT_L2_HR_RiverSP_Reach_053_436_SA_20260725T180133_20260725T181016_PID0_02.zip,13 exutorios dentro/intersectando a geometria do granulo.
22,RIVERSP,053,408,SA,2026-07-24T18:02:30Z,2026-07-24T18:09:25Z,6.15606689453125,13,0.0,0.0,bounding_box,SWOT_L2_HR_RiverSP_Reach_053_408_SA_20260724T180230_20260724T180925_PID0_01,https://archive.swot.podaac.earthdata.nasa.gov/podaac-swot-ops-cumulus-protected/SWOT_L2_HR_RiverSP_D/SWOT_L2_HR_RiverSP_Reach_053_408_SA_20260724T180230_20260724T180925_PID0_01.zip,13 exutorios dentro/intersectando a geometria do granulo.
23,RIVERSP,053,255,SA,2026-07-19T06:40:57Z,2026-07-19T06:51:11Z,10.7327241897583,13,0.0,0.0,bounding_box,SWOT_L2_HR_RiverSP_Reach_053_255_SA_20260719T064057_20260719T065111_PID0_01,https://archive.swot.podaac.earthdata.nasa.gov/podaac-swot-ops-cumulus-protected/SWOT_L2_HR_RiverSP_D/SWOT_L2_HR_RiverSP_Reach_053_255_SA_20260719T064057_20260719T065111_PID0_01.zip,13 exutorios dentro/intersectando a geometria do granulo.
24,RIVERSP,053,227,SA,2026-07-18T06:41:20Z,2026-07-18T06:50:25Z,6.575257301330566,13,0.0,0.0,bounding_box,SWOT_L2_HR_RiverSP_Reach_053_227_SA_20260718T064120_20260718T065025_PID0_01,https://archive.swot.podaac.earthdata.nasa.gov/podaac-swot-ops-cumulus-protected/SWOT_L2_HR_RiverSP_D/SWOT_L2_HR_RiverSP_Reach_053_227_SA_20260718T064120_20260718T065025_PID0_01.zip,13 exutorios dentro/intersectando a geometria do granulo.
25,RIVERSP,053,158,SA,2026-07-15T19:39:07Z,2026-07-15T19:48:28Z,8.511931419372559,13,0.0,0.0,bounding_box,SWOT_L2_HR_RiverSP_Reach_053_158_SA_20260715T193907_20260715T194828_PID0_01,https://archive.swot.podaac.earthdata.nasa.gov/podaac-swot-ops-cumulus-protected/SWOT_L2_HR_RiverSP_D/SWOT_L2_HR_RiverSP_Reach_053_158_SA_20260715T193907_20260715T194828_PID0_01.zip,13 exutorios dentro/intersectando a geometria do granulo.
26,RIVERSP,053,130,SA,2026-07-14T19:39:35Z,2026-07-14T19:47:16Z,8.5006742477417,13,0.0,0.0,bounding_box,SWOT_L2_HR_RiverSP_Reach_053_130_SA_20260714T193935_20260714T194716_PID0_01,https://archive.swot.podaac.earthdata.nasa.gov/podaac-swot-ops-cumulus-protected/SWOT_L2_HR_RiverSP_D/SWOT_L2_HR_RiverSP_Reach_053_130_SA_20260714T193935_20260714T194716_PID0_01.zip,13 exutorios dentro/intersectando a geometria do granulo.
27,RIVERSP,052,533,SA,2026-07-08T08:12:52Z,2026-07-08T08:28:15Z,8.282013893127441,13,0.0,0.0,bounding_box,SWOT_L2_HR_RiverSP_Reach_052_533_SA_20260708T081252_20260708T082815_PID0_01,https://archive.swot.podaac.earthdata.nasa.gov/podaac-swot-ops-cumulus-protected/SWOT_L2_HR_RiverSP_D/SWOT_L2_HR_RiverSP_Reach_052_533_SA_20260708T081252_20260708T082815_PID0_01.zip,13 exutorios dentro/intersectando a geometria do granulo.
28,RIVERSP,052,505,SA,2026-07-07T08:19:17Z,2026-07-07T08:27:30Z,6.002927780151367,13,0.0,0.0,bounding_box,SWOT_L2_HR_RiverSP_Reach_052_505_SA_20260707T081917_20260707T082730_PID0_01,https://archive.swot.podaac.earthdata.nasa.gov/podaac-swot-ops-cumulus-protected/SWOT_L2_HR_RiverSP_D/SWOT_L2_HR_RiverSP_Reach_052_505_SA_20260707T081917_20260707T082730_PID0_01.zip,13 exutorios dentro/intersectando a geometria do granulo.
29,RIVERSP,052,464,SA,2026-07-05T21:16:43Z,2026-07-05T21:26:55Z,9.110347747802734,13,0.0,0.0,bounding_box,SWOT_L2_HR_RiverSP_Reach_052_464_SA_20260705T211643_20260705T212655_PID0_01,https://archive.swot.podaac.earthdata.nasa.gov/podaac-swot-ops-cumulus-protected/SWOT_L2_HR_RiverSP_D/SWOT_L2_HR_RiverSP_Reach_052_464_SA_20260705T211643_20260705T212655_PID0_01.zip,13 exutorios dentro/intersectando a geometria do granulo.
30,RIVERSP,052,436,SA,2026-07-04T21:16:30Z,2026-07-04T21:25:13Z,11.005746841430664,13,0.0,0.0,bounding_box,SWOT_L2_HR_RiverSP_Reach_052_436_SA_20260704T211630_20260704T212513_PID0_01,https://archive.swot.podaac.earthdata.nasa.gov/podaac-swot-ops-cumulus-protected/SWOT_L2_HR_RiverSP_D/SWOT_L2_HR_RiverSP_Reach_052_436_SA_20260704T211630_20260704T212513_PID0_01.zip,13 exutorios dentro/intersectando a geometria do granulo.
31,RIVERSP,052,408,SA,2026-07-03T21:17:27Z,2026-07-03T21:24:22Z,6.156069755554199,13,0.0,0.0,bounding_box,SWOT_L2_HR_RiverSP_Reach_052_408_SA_20260703T211727_20260703T212422_PID0_01,https://archive.swot.podaac.earthdata.nasa.gov/podaac-swot-ops-cumulus-protected/SWOT_L2_HR_RiverSP_D/SWOT_L2_HR_RiverSP_Reach_052_408_SA_20260703T211727_20260703T212422_PID0_01.zip,13 exutorios dentro/intersectando a geometria do granulo.
32,RIVERSP,052,255,SA,2026-06-28T09:55:54Z,2026-06-28T10:06:08Z,10.696249961853027,13,0.0,0.0,bounding_box,SWOT_L2_HR_RiverSP_Reach_052_255_SA_20260628T095554_20260628T100608_PID0_01,https://archive.swot.podaac.earthdata.nasa.gov/podaac-swot-ops-cumulus-protected/SWOT_L2_HR_RiverSP_D/SWOT_L2_HR_RiverSP_Reach_052_255_SA_20260628T095554_20260628T100608_PID0_01.zip,13 exutorios dentro/intersectando a geometria do granulo.
33,RIVERSP,052,255,SA,2026-06-28T09:55:54Z,2026-06-28T10:06:08Z,10.732560157775879,13,0.0,0.0,bounding_box,SWOT_L2_HR_RiverSP_Reach_052_255_SA_20260628T095554_20260628T100608_PID0_02,https://archive.swot.podaac.earthdata.nasa.gov/podaac-swot-ops-cumulus-protected/SWOT_L2_HR_RiverSP_D/SWOT_L2_HR_RiverSP_Reach_052_255_SA_20260628T095554_20260628T100608_PID0_02.zip,13 exutorios dentro/intersectando a geometria do granulo.
34,RIVERSP,052,227,SA,2026-06-27T09:56:17Z,2026-06-27T10:05:22Z,6.592474937438965,13,0.0,0.0,bounding_box,SWOT_L2_HR_RiverSP_Reach_052_227_SA_20260627T095617_20260627T100522_PID0_01,https://archive.swot.podaac.earthdata.nasa.gov/podaac-swot-ops-cumulus-protected/SWOT_L2_HR_RiverSP_D/SWOT_L2_HR_RiverSP_Reach_052_227_SA_20260627T095617_20260627T100522_PID0_01.zip,13 exutorios dentro/intersectando a geometria do granulo.
35,RIVERSP,052,158,SA,2026-06-24T22:54:03Z,2026-06-24T23:03:24Z,8.302810668945312,13,0.0,0.0,bounding_box,SWOT_L2_HR_RiverSP_Reach_052_158_SA_20260624T225403_20260624T230324_PID0_03,https://archive.swot.podaac.earthdata.nasa.gov/podaac-swot-ops-cumulus-protected/SWOT_L2_HR_RiverSP_D/SWOT_L2_HR_RiverSP_Reach_052_158_SA_20260624T225403_20260624T230324_PID0_03.zip,13 exutorios dentro/intersectando a geometria do granulo.
36,RIVERSP,052,158,SA,2026-06-24T22:54:03Z,2026-06-24T23:03:24Z,8.4293212890625,13,0.0,0.0,bounding_box,SWOT_L2_HR_RiverSP_Reach_052_158_SA_20260624T225403_20260624T230324_PID0_01,https://archive.swot.podaac.earthdata.nasa.gov/podaac-swot-ops-cumulus-protected/SWOT_L2_HR_RiverSP_D/SWOT_L2_HR_RiverSP_Reach_052_158_SA_20260624T225403_20260624T230324_PID0_01.zip,13 exutorios dentro/intersectando a geometria do granulo.
37,RIVERSP,052,158,SA,2026-06-24T22:54:03Z,2026-06-24T23:03:24Z,8.394603729248047,13,0.0,0.0,bounding_box,SWOT_L2_HR_RiverSP_Reach_052_158_SA_20260624T225403_20260624T230324_PID0_02,https://archive.swot.podaac.earthdata.nasa.gov/podaac-swot-ops-cumulus-protected/SWOT_L2_HR_RiverSP_D/SWOT_L2_HR_RiverSP_Reach_052_158_SA_20260624T225403_20260624T230324_PID0_02.zip,13 exutorios dentro/intersectando a geometria do granulo.
38,RIVERSP,052,130,SA,2026-06-23T22:54:31Z,2026-06-23T23:02:13Z,8.500198364257812,13,0.0,0.0,bounding_box,SWOT_L2_HR_RiverSP_Reach_052_130_SA_20260623T225431_20260623T230213_PID0_01,https://archive.swot.podaac.earthdata.nasa.gov/podaac-swot-ops-cumulus-protected/SWOT_L2_HR_RiverSP_D/SWOT_L2_HR_RiverSP_Reach_052_130_SA_20260623T225431_20260623T230213_PID0_01.zip,13 exutorios dentro/intersectando a geometria do granulo.
39,RIVERSP,052,130,SA,2026-06-23T22:54:31Z,2026-06-23T23:02:13Z,8.489240646362305,13,0.0,0.0,bounding_box,SWOT_L2_HR_RiverSP_Reach_052_130_SA_20260623T225431_20260623T230213_PID0_02,https://archive.swot.podaac.earthdata.nasa.gov/podaac-swot-ops-cumulus-protected/SWOT_L2_HR_RiverSP_D/SWOT_L2_HR_RiverSP_Reach_052_130_SA_20260623T225431_20260623T230213_PID0_02.zip,13 exutorios dentro/intersectando a geometria do granulo.
40,RIVERSP,051,533,SA,2026-06-17T11:27:48Z,2026-06-17T11:43:10Z,8.282011032104492,13,0.0,0.0,bounding_box,SWOT_L2_HR_RiverSP_Reach_051_533_SA_20260617T112748_20260617T114310_PID0_01,https://archive.swot.podaac.earthdata.nasa.gov/podaac-swot-ops-cumulus-protected/SWOT_L2_HR_RiverSP_D/SWOT_L2_HR_RiverSP_Reach_051_533_SA_20260617T112748_20260617T114310_PID0_01.zip,13 exutorios dentro/intersectando a geometria do granulo.
41,RIVERSP,051,505,SA,2026-06-16T11:34:12Z,2026-06-16T11:42:25Z,6.002926826477051,13,0.0,0.0,bounding_box,SWOT_L2_HR_RiverSP_Reach_051_505_SA_20260616T113412_20260616T114225_PID0_01,https://archive.swot.podaac.earthdata.nasa.gov/podaac-swot-ops-cumulus-protected/SWOT_L2_HR_RiverSP_D/SWOT_L2_HR_RiverSP_Reach_051_505_SA_20260616T113412_20260616T114225_PID0_01.zip,13 exutorios dentro/intersectando a geometria do granulo.
42,RIVERSP,051,464,SA,2026-06-15T00:31:39Z,2026-06-15T00:41:50Z,9.110352516174316,13,0.0,0.0,bounding_box,SWOT_L2_HR_RiverSP_Reach_051_464_SA_20260615T003139_20260615T004150_PID0_01,https://archive.swot.podaac.earthdata.nasa.gov/podaac-swot-ops-cumulus-protected/SWOT_L2_HR_RiverSP_D/SWOT_L2_HR_RiverSP_Reach_051_464_SA_20260615T003139_20260615T004150_PID0_01.zip,13 exutorios dentro/intersectando a geometria do granulo.
43,RIVERSP,051,436,SA,2026-06-14T00:31:25Z,2026-06-14T00:40:08Z,11.005745887756348,13,0.0,0.0,bounding_box,SWOT_L2_HR_RiverSP_Reach_051_436_SA_20260614T003125_20260614T004008_PID0_01,https://archive.swot.podaac.earthdata.nasa.gov/podaac-swot-ops-cumulus-protected/SWOT_L2_HR_RiverSP_D/SWOT_L2_HR_RiverSP_Reach_051_436_SA_20260614T003125_20260614T004008_PID0_01.zip,13 exutorios dentro/intersectando a geometria do granulo.
44,RIVERSP,051,408,SA,2026-06-13T00:32:22Z,2026-06-13T00:39:17Z,6.156072616577148,13,0.0,0.0,bounding_box,SWOT_L2_HR_RiverSP_Reach_051_408_SA_20260613T003222_20260613T003917_PID0_01,https://archive.swot.podaac.earthdata.nasa.gov/podaac-swot-ops-cumulus-protected/SWOT_L2_HR_RiverSP_D/SWOT_L2_HR_RiverSP_Reach_051_408_SA_20260613T003222_20260613T003917_PID0_01.zip,13 exutorios dentro/intersectando a geometria do granulo.
45,RIVERSP,051,408,SA,2026-06-13T00:32:22Z,2026-06-13T00:39:17Z,6.156072616577148,13,0.0,0.0,bounding_box,SWOT_L2_HR_RiverSP_Reach_051_408_SA_20260613T003222_20260613T003917_PID0_02,https://archive.swot.podaac.earthdata.nasa.gov/podaac-swot-ops-cumulus-protected/SWOT_L2_HR_RiverSP_D/SWOT_L2_HR_RiverSP_Reach_051_408_SA_20260613T003222_20260613T003917_PID0_02.zip,13 exutorios dentro/intersectando a geometria do granulo.
46,RIVERSP,051,227,SA,2026-06-06T13:11:11Z,2026-06-06T13:20:16Z,6.5687713623046875,13,0.0,0.0,bounding_box,SWOT_L2_HR_RiverSP_Reach_051_227_SA_20260606T131111_20260606T132016_PID0_01,https://archive.swot.podaac.earthdata.nasa.gov/podaac-swot-ops-cumulus-protected/SWOT_L2_HR_RiverSP_D/SWOT_L2_HR_RiverSP_Reach_051_227_SA_20260606T131111_20260606T132016_PID0_01.zip,13 exutorios dentro/intersectando a geometria do granulo.
47,RIVERSP,051,158,SA,2026-06-04T02:08:57Z,2026-06-04T02:18:18Z,8.511924743652344,13,0.0,0.0,bounding_box,SWOT_L2_HR_RiverSP_Reach_051_158_SA_20260604T020857_20260604T021818_PID0_01,https://archive.swot.podaac.earthdata.nasa.gov/podaac-swot-ops-cumulus-protected/SWOT_L2_HR_RiverSP_D/SWOT_L2_HR_RiverSP_Reach_051_158_SA_20260604T020857_20260604T021818_PID0_01.zip,13 exutorios dentro/intersectando a geometria do granulo.
48,RIVERSP,051,130,SA,2026-06-03T02:09:25Z,2026-06-03T02:17:07Z,8.5003662109375,13,0.0,0.0,bounding_box,SWOT_L2_HR_RiverSP_Reach_051_130_SA_20260603T020925_20260603T021707_PID0_01,https://archive.swot.podaac.earthdata.nasa.gov/podaac-swot-ops-cumulus-protected/SWOT_L2_HR_RiverSP_D/SWOT_L2_HR_RiverSP_Reach_051_130_SA_20260603T020925_20260603T021707_PID0_01.zip,13 exutorios dentro/intersectando a geometria do granulo.
49,RIVERSP,050,533,SA,2026-05-27T14:42:43Z,2026-05-27T14:58:05Z,8.282014846801758,13,0.0,0.0,bounding_box,SWOT_L2_HR_RiverSP_Reach_050_533_SA_20260527T144243_20260527T145805_PID0_01,https://archive.swot.podaac.earthdata.nasa.gov/podaac-swot-ops-cumulus-protected/SWOT_L2_HR_RiverSP_D/SWOT_L2_HR_RiverSP_Reach_050_533_SA_20260527T144243_20260527T145805_PID0_01.zip,13 exutorios dentro/intersectando a geometria do granulo.
50,RIVERSP,050,505,SA,2026-05-26T14:49:07Z,2026-05-26T14:57:20Z,6.00275993347168,13,0.0,0.0,bounding_box,SWOT_L2_HR_RiverSP_Reach_050_505_SA_20260526T144907_20260526T145720_PID0_01,https://archive.swot.podaac.earthdata.nasa.gov/podaac-swot-ops-cumulus-protected/SWOT_L2_HR_RiverSP_D/SWOT_L2_HR_RiverSP_Reach_050_505_SA_20260526T144907_20260526T145720_PID0_01.zip,13 exutorios dentro/intersectando a geometria do granulo.
51,RIVERSP,050,505,SA,2026-05-26T14:49:07Z,2026-05-26T14:57:20Z,6.00275993347168,13,0.0,0.0,bounding_box,SWOT_L2_HR_RiverSP_Reach_050_505_SA_20260526T144907_20260526T145720_PID0_02,https://archive.swot.podaac.earthdata.nasa.gov/podaac-swot-ops-cumulus-protected/SWOT_L2_HR_RiverSP_D/SWOT_L2_HR_RiverSP_Reach_050_505_SA_20260526T144907_20260526T145720_PID0_02.zip,13 exutorios dentro/intersectando a geometria do granulo.
52,RIVERSP,050,464,SA,2026-05-25T03:46:34Z,2026-05-25T03:56:45Z,9.110346794128418,13,0.0,0.0,bounding_box,SWOT_L2_HR_RiverSP_Reach_050_464_SA_20260525T034634_20260525T035645_PID0_01,https://archive.swot.podaac.earthdata.nasa.gov/podaac-swot-ops-cumulus-protected/SWOT_L2_HR_RiverSP_D/SWOT_L2_HR_RiverSP_Reach_050_464_SA_20260525T034634_20260525T035645_PID0_01.zip,13 exutorios dentro/intersectando a geometria do granulo.
53,RIVERSP,050,436,SA,2026-05-24T03:46:21Z,2026-05-24T03:55:03Z,11.005746841430664,13,0.0,0.0,bounding_box,SWOT_L2_HR_RiverSP_Reach_050_436_SA_20260524T034621_20260524T035503_PID0_01,https://archive.swot.podaac.earthdata.nasa.gov/podaac-swot-ops-cumulus-protected/SWOT_L2_HR_RiverSP_D/SWOT_L2_HR_RiverSP_Reach_050_436_SA_20260524T034621_20260524T035503_PID0_01.zip,13 exutorios dentro/intersectando a geometria do granulo.
54,RIVERSP,050,408,SA,2026-05-23T03:47:18Z,2026-05-23T03:54:13Z,6.156071662902832,13,0.0,0.0,bounding_box,SWOT_L2_HR_RiverSP_Reach_050_408_SA_20260523T034718_20260523T035413_PID0_01,https://archive.swot.podaac.earthdata.nasa.gov/podaac-swot-ops-cumulus-protected/SWOT_L2_HR_RiverSP_D/SWOT_L2_HR_RiverSP_Reach_050_408_SA_20260523T034718_20260523T035413_PID0_01.zip,13 exutorios dentro/intersectando a geometria do granulo.
55,RIVERSP,050,367,SA,2026-05-21T16:28:59Z,2026-05-21T16:39:51Z,0.35707759857177734,13,0.0,0.0,bounding_box,SWOT_L2_HR_RiverSP_Reach_050_367_SA_20260521T162859_20260521T163951_PID0_01,https://archive.swot.podaac.earthdata.nasa.gov/podaac-swot-ops-cumulus-protected/SWOT_L2_HR_RiverSP_D/SWOT_L2_HR_RiverSP_Reach_050_367_SA_20260521T162859_20260521T163951_PID0_01.zip,13 exutorios dentro/intersectando a geometria do granulo.
56,RIVERSP,050,255,SA,2026-05-17T16:25:44Z,2026-05-17T16:35:58Z,10.732726097106934,13,0.0,0.0,bounding_box,SWOT_L2_HR_RiverSP_Reach_050_255_SA_20260517T162544_20260517T163558_PID0_01,https://archive.swot.podaac.earthdata.nasa.gov/podaac-swot-ops-cumulus-protected/SWOT_L2_HR_RiverSP_D/SWOT_L2_HR_RiverSP_Reach_050_255_SA_20260517T162544_20260517T163558_PID0_01.zip,13 exutorios dentro/intersectando a geometria do granulo.
57,RIVERSP,050,227,SA,2026-05-16T16:26:07Z,2026-05-16T16:35:12Z,6.575255393981934,13,0.0,0.0,bounding_box,SWOT_L2_HR_RiverSP_Reach_050_227_SA_20260516T162607_20260516T163512_PID0_01,https://archive.swot.podaac.earthdata.nasa.gov/podaac-swot-ops-cumulus-protected/SWOT_L2_HR_RiverSP_D/SWOT_L2_HR_RiverSP_Reach_050_227_SA_20260516T162607_20260516T163512_PID0_01.zip,13 exutorios dentro/intersectando a geometria do granulo.
58,RIVERSP,050,158,SA,2026-05-14T05:23:54Z,2026-05-14T05:33:14Z,8.511929512023926,13,0.0,0.0,bounding_box,SWOT_L2_HR_RiverSP_Reach_050_158_SA_20260514T052354_20260514T053314_PID0_01,https://archive.swot.podaac.earthdata.nasa.gov/podaac-swot-ops-cumulus-protected/SWOT_L2_HR_RiverSP_D/SWOT_L2_HR_RiverSP_Reach_050_158_SA_20260514T052354_20260514T053314_PID0_01.zip,13 exutorios dentro/intersectando a geometria do granulo.
59,RIVERSP,050,130,SA,2026-05-13T05:24:21Z,2026-05-13T05:32:03Z,8.500673294067383,13,0.0,0.0,bounding_box,SWOT_L2_HR_RiverSP_Reach_050_130_SA_20260513T052421_20260513T053203_PID0_01,https://archive.swot.podaac.earthdata.nasa.gov/podaac-swot-ops-cumulus-protected/SWOT_L2_HR_RiverSP_D/SWOT_L2_HR_RiverSP_Reach_050_130_SA_20260513T052421_20260513T053203_PID0_01.zip,13 exutorios dentro/intersectando a geometria do granulo.
60,RIVERSP,049,533,SA,2026-05-06T17:57:39Z,2026-05-06T18:13:01Z,8.282010078430176,13,0.0,0.0,bounding_box,SWOT_L2_HR_RiverSP_Reach_049_533_SA_20260506T175739_20260506T181301_PID0_01,https://archive.swot.podaac.earthdata.nasa.gov/podaac-swot-ops-cumulus-protected/SWOT_L2_HR_RiverSP_D/SWOT_L2_HR_RiverSP_Reach_049_533_SA_20260506T175739_20260506T181301_PID0_01.zip,13 exutorios dentro/intersectando a geometria do granulo.
61,RIVERSP,049,505,SA,2026-05-05T18:04:03Z,2026-05-05T18:12:17Z,6.002923965454102,13,0.0,0.0,bounding_box,SWOT_L2_HR_RiverSP_Reach_049_505_SA_20260505T180403_20260505T181217_PID0_01,https://archive.swot.podaac.earthdata.nasa.gov/podaac-swot-ops-cumulus-protected/SWOT_L2_HR_RiverSP_D/SWOT_L2_HR_RiverSP_Reach_049_505_SA_20260505T180403_20260505T181217_PID0_01.zip,13 exutorios dentro/intersectando a geometria do granulo.
62,RIVERSP,049,464,SA,2026-05-04T07:01:30Z,2026-05-04T07:11:41Z,9.1103515625,13,0.0,0.0,bounding_box,SWOT_L2_HR_RiverSP_Reach_049_464_SA_20260504T070130_20260504T071141_PID0_01,https://archive.swot.podaac.earthdata.nasa.gov/podaac-swot-ops-cumulus-protected/SWOT_L2_HR_RiverSP_D/SWOT_L2_HR_RiverSP_Reach_049_464_SA_20260504T070130_20260504T071141_PID0_01.zip,13 exutorios dentro/intersectando a geometria do granulo.
63,RIVERSP,049,436,SA,2026-05-03T07:01:17Z,2026-05-03T07:10:00Z,11.00574779510498,13,0.0,0.0,bounding_box,SWOT_L2_HR_RiverSP_Reach_049_436_SA_20260503T070117_20260503T071000_PID0_01,https://archive.swot.podaac.earthdata.nasa.gov/podaac-swot-ops-cumulus-protected/SWOT_L2_HR_RiverSP_D/SWOT_L2_HR_RiverSP_Reach_049_436_SA_20260503T070117_20260503T071000_PID0_01.zip,13 exutorios dentro/intersectando a geometria do granulo.
64,RIVERSP,049,408,SA,2026-05-02T07:02:14Z,2026-05-02T07:09:09Z,6.156074523925781,13,0.0,0.0,bounding_box,SWOT_L2_HR_RiverSP_Reach_049_408_SA_20260502T070214_20260502T070909_PID0_01,https://archive.swot.podaac.earthdata.nasa.gov/podaac-swot-ops-cumulus-protected/SWOT_L2_HR_RiverSP_D/SWOT_L2_HR_RiverSP_Reach_049_408_SA_20260502T070214_20260502T070909_PID0_01.zip,13 exutorios dentro/intersectando a geometria do granulo.
65,RIVERSP,049,255,SA,2026-04-26T19:40:40Z,2026-04-26T19:50:55Z,10.73272705078125,13,0.0,0.0,bounding_box,SWOT_L2_HR_RiverSP_Reach_049_255_SA_20260426T194040_20260426T195055_PID0_01,https://archive.swot.podaac.earthdata.nasa.gov/podaac-swot-ops-cumulus-protected/SWOT_L2_HR_RiverSP_D/SWOT_L2_HR_RiverSP_Reach_049_255_SA_20260426T194040_20260426T195055_PID0_01.zip,13 exutorios dentro/intersectando a geometria do granulo.
66,RIVERSP,049,227,SA,2026-04-25T19:41:04Z,2026-04-25T19:50:09Z,6.592708587646484,13,0.0,0.0,bounding_box,SWOT_L2_HR_RiverSP_Reach_049_227_SA_20260425T194104_20260425T195009_PID0_01,https://archive.swot.podaac.earthdata.nasa.gov/podaac-swot-ops-cumulus-protected/SWOT_L2_HR_RiverSP_D/SWOT_L2_HR_RiverSP_Reach_049_227_SA_20260425T194104_20260425T195009_PID0_01.zip,13 exutorios dentro/intersectando a geometria do granulo.
67,RIVERSP,049,158,SA,2026-04-23T08:38:50Z,2026-04-23T08:48:11Z,8.511930465698242,13,0.0,0.0,bounding_box,SWOT_L2_HR_RiverSP_Reach_049_158_SA_20260423T083850_20260423T084811_PID0_01,https://archive.swot.podaac.earthdata.nasa.gov/podaac-swot-ops-cumulus-protected/SWOT_L2_HR_RiverSP_D/SWOT_L2_HR_RiverSP_Reach_049_158_SA_20260423T083850_20260423T084811_PID0_01.zip,13 exutorios dentro/intersectando a geometria do granulo.
68,RIVERSP,049,130,SA,2026-04-22T08:39:18Z,2026-04-22T08:46:59Z,8.500364303588867,13,0.0,0.0,bounding_box,SWOT_L2_HR_RiverSP_Reach_049_130_SA_20260422T083918_20260422T084659_PID0_01,https://archive.swot.podaac.earthdata.nasa.gov/podaac-swot-ops-cumulus-protected/SWOT_L2_HR_RiverSP_D/SWOT_L2_HR_RiverSP_Reach_049_130_SA_20260422T083918_20260422T084659_PID0_01.zip,13 exutorios dentro/intersectando a geometria do granulo.
69,RIVERSP,048,533,SA,2026-04-15T21:12:34Z,2026-04-15T21:27:57Z,8.282011032104492,13,0.0,0.0,bounding_box,SWOT_L2_HR_RiverSP_Reach_048_533_SA_20260415T211234_20260415T212757_PID0_01,https://archive.swot.podaac.earthdata.nasa.gov/podaac-swot-ops-cumulus-protected/SWOT_L2_HR_RiverSP_D/SWOT_L2_HR_RiverSP_Reach_048_533_SA_20260415T211234_20260415T212757_PID0_01.zip,13 exutorios dentro/intersectando a geometria do granulo.
70,RIVERSP,048,505,SA,2026-04-14T21:18:58Z,2026-04-14T21:27:12Z,6.002925872802734,13,0.0,0.0,bounding_box,SWOT_L2_HR_RiverSP_Reach_048_505_SA_20260414T211858_20260414T212712_PID0_01,https://archive.swot.podaac.earthdata.nasa.gov/podaac-swot-ops-cumulus-protected/SWOT_L2_HR_RiverSP_D/SWOT_L2_HR_RiverSP_Reach_048_505_SA_20260414T211858_20260414T212712_PID0_01.zip,13 exutorios dentro/intersectando a geometria do granulo.
71,RIVERSP,048,464,SA,2026-04-13T10:16:25Z,2026-04-13T10:26:36Z,9.11035442352295,13,0.0,0.0,bounding_box,SWOT_L2_HR_RiverSP_Reach_048_464_SA_20260413T101625_20260413T102636_PID0_01,https://archive.swot.podaac.earthdata.nasa.gov/podaac-swot-ops-cumulus-protected/SWOT_L2_HR_RiverSP_D/SWOT_L2_HR_RiverSP_Reach_048_464_SA_20260413T101625_20260413T102636_PID0_01.zip,13 exutorios dentro/intersectando a geometria do granulo.
72,RIVERSP,048,436,SA,2026-04-12T10:16:12Z,2026-04-12T10:24:55Z,10.606032371520996,13,0.0,0.0,bounding_box,SWOT_L2_HR_RiverSP_Reach_048_436_SA_20260412T101612_20260412T102455_PID0_01,https://archive.swot.podaac.earthdata.nasa.gov/podaac-swot-ops-cumulus-protected/SWOT_L2_HR_RiverSP_D/SWOT_L2_HR_RiverSP_Reach_048_436_SA_20260412T101612_20260412T102455_PID0_01.zip,13 exutorios dentro/intersectando a geometria do granulo.
73,RIVERSP,048,436,SA,2026-04-12T10:16:12Z,2026-04-12T10:24:55Z,10.606032371520996,13,0.0,0.0,bounding_box,SWOT_L2_HR_RiverSP_Reach_048_436_SA_20260412T101612_20260412T102455_PID0_02,https://archive.swot.podaac.earthdata.nasa.gov/podaac-swot-ops-cumulus-protected/SWOT_L2_HR_RiverSP_D/SWOT_L2_HR_RiverSP_Reach_048_436_SA_20260412T101612_20260412T102455_PID0_02.zip,13 exutorios dentro/intersectando a geometria do granulo.
74,RIVERSP,048,436,SA,2026-04-12T10:16:12Z,2026-04-12T10:24:55Z,11.005748748779297,13,0.0,0.0,bounding_box,SWOT_L2_HR_RiverSP_Reach_048_436_SA_20260412T101612_20260412T102455_PID0_03,https://archive.swot.podaac.earthdata.nasa.gov/podaac-swot-ops-cumulus-protected/SWOT_L2_HR_RiverSP_D/SWOT_L2_HR_RiverSP_Reach_048_436_SA_20260412T101612_20260412T102455_PID0_03.zip,13 exutorios dentro/intersectando a geometria do granulo.
75,RIVERSP,048,408,SA,2026-04-11T10:17:09Z,2026-04-11T10:24:04Z,6.156069755554199,13,0.0,0.0,bounding_box,SWOT_L2_HR_RiverSP_Reach_048_408_SA_20260411T101709_20260411T102404_PID0_01,https://archive.swot.podaac.earthdata.nasa.gov/podaac-swot-ops-cumulus-protected/SWOT_L2_HR_RiverSP_D/SWOT_L2_HR_RiverSP_Reach_048_408_SA_20260411T101709_20260411T102404_PID0_01.zip,13 exutorios dentro/intersectando a geometria do granulo.
76,RIVERSP,048,255,SA,2026-04-05T22:55:34Z,2026-04-05T23:05:49Z,10.73272705078125,13,0.0,0.0,bounding_box,SWOT_L2_HR_RiverSP_Reach_048_255_SA_20260405T225534_20260405T230549_PID0_01,https://archive.swot.podaac.earthdata.nasa.gov/podaac-swot-ops-cumulus-protected/SWOT_L2_HR_RiverSP_D/SWOT_L2_HR_RiverSP_Reach_048_255_SA_20260405T225534_20260405T230549_PID0_01.zip,13 exutorios dentro/intersectando a geometria do granulo.
77,RIVERSP,048,227,SA,2026-04-04T22:55:57Z,2026-04-04T23:05:03Z,6.575252532958984,13,0.0,0.0,bounding_box,SWOT_L2_HR_RiverSP_Reach_048_227_SA_20260404T225557_20260404T230503_PID0_01,https://archive.swot.podaac.earthdata.nasa.gov/podaac-swot-ops-cumulus-protected/SWOT_L2_HR_RiverSP_D/SWOT_L2_HR_RiverSP_Reach_048_227_SA_20260404T225557_20260404T230503_PID0_01.zip,13 exutorios dentro/intersectando a geometria do granulo.
78,RIVERSP,048,158,SA,2026-04-02T11:53:44Z,2026-04-02T12:03:05Z,8.51192855834961,13,0.0,0.0,bounding_box,SWOT_L2_HR_RiverSP_Reach_048_158_SA_20260402T115344_20260402T120305_PID0_01,https://archive.swot.podaac.earthdata.nasa.gov/podaac-swot-ops-cumulus-protected/SWOT_L2_HR_RiverSP_D/SWOT_L2_HR_RiverSP_Reach_048_158_SA_20260402T115344_20260402T120305_PID0_01.zip,13 exutorios dentro/intersectando a geometria do granulo.
79,RIVERSP,048,130,SA,2026-04-01T11:54:12Z,2026-04-01T12:01:53Z,8.50067138671875,13,0.0,0.0,bounding_box,SWOT_L2_HR_RiverSP_Reach_048_130_SA_20260401T115412_20260401T120153_PID0_01,https://archive.swot.podaac.earthdata.nasa.gov/podaac-swot-ops-cumulus-protected/SWOT_L2_HR_RiverSP_D/SWOT_L2_HR_RiverSP_Reach_048_130_SA_20260401T115412_20260401T120153_PID0_01.zip,13 exutorios dentro/intersectando a geometria do granulo.
80,RIVERSP,047,533,SA,2026-03-26T00:27:29Z,2026-03-26T00:42:51Z,8.282010078430176,13,0.0,0.0,bounding_box,SWOT_L2_HR_RiverSP_Reach_047_533_SA_20260326T002729_20260326T004251_PID0_01,https://archive.swot.podaac.earthdata.nasa.gov/podaac-swot-ops-cumulus-protected/SWOT_L2_HR_RiverSP_D/SWOT_L2_HR_RiverSP_Reach_047_533_SA_20260326T002729_20260326T004251_PID0_01.zip,13 exutorios dentro/intersectando a geometria do granulo.
81,RIVERSP,047,505,SA,2026-03-25T00:33:53Z,2026-03-25T00:42:07Z,6.002925872802734,13,0.0,0.0,bounding_box,SWOT_L2_HR_RiverSP_Reach_047_505_SA_20260325T003353_20260325T004207_PID0_01,https://archive.swot.podaac.earthdata.nasa.gov/podaac-swot-ops-cumulus-protected/SWOT_L2_HR_RiverSP_D/SWOT_L2_HR_RiverSP_Reach_047_505_SA_20260325T003353_20260325T004207_PID0_01.zip,13 exutorios dentro/intersectando a geometria do granulo.
82,RIVERSP,047,436,SA,2026-03-22T13:31:18Z,2026-03-22T13:39:44Z,10.493492126464844,13,0.0,0.0,bounding_box,SWOT_L2_HR_RiverSP_Reach_047_436_SA_20260322T133118_20260322T133944_PID0_01,https://archive.swot.podaac.earthdata.nasa.gov/podaac-swot-ops-cumulus-protected/SWOT_L2_HR_RiverSP_D/SWOT_L2_HR_RiverSP_Reach_047_436_SA_20260322T133118_20260322T133944_PID0_01.zip,13 exutorios dentro/intersectando a geometria do granulo.
83,RIVERSP,047,436,SA,2026-03-22T13:31:18Z,2026-03-22T13:39:44Z,10.893208503723145,13,0.0,0.0,bounding_box,SWOT_L2_HR_RiverSP_Reach_047_436_SA_20260322T133118_20260322T133944_PID0_02,https://archive.swot.podaac.earthdata.nasa.gov/podaac-swot-ops-cumulus-protected/SWOT_L2_HR_RiverSP_D/SWOT_L2_HR_RiverSP_Reach_047_436_SA_20260322T133118_20260322T133944_PID0_02.zip,13 exutorios dentro/intersectando a geometria do granulo.
84,RIVERSP,047,408,SA,2026-03-21T13:32:05Z,2026-03-21T13:38:55Z,6.156067848205566,13,0.0,0.0,bounding_box,SWOT_L2_HR_RiverSP_Reach_047_408_SA_20260321T133205_20260321T133855_PID0_01,https://archive.swot.podaac.earthdata.nasa.gov/podaac-swot-ops-cumulus-protected/SWOT_L2_HR_RiverSP_D/SWOT_L2_HR_RiverSP_Reach_047_408_SA_20260321T133205_20260321T133855_PID0_01.zip,13 exutorios dentro/intersectando a geometria do granulo.
85,RIVERSP,047,255,SA,2026-03-16T02:10:38Z,2026-03-16T02:20:45Z,10.732254981994629,13,0.0,0.0,bounding_box,SWOT_L2_HR_RiverSP_Reach_047_255_SA_20260316T021038_20260316T022045_PID0_01,https://archive.swot.podaac.earthdata.nasa.gov/podaac-swot-ops-cumulus-protected/SWOT_L2_HR_RiverSP_D/SWOT_L2_HR_RiverSP_Reach_047_255_SA_20260316T021038_20260316T022045_PID0_01.zip,13 exutorios dentro/intersectando a geometria do granulo.
86,RIVERSP,047,227,SA,2026-03-15T02:11:08Z,2026-03-15T02:19:55Z,6.592166900634766,13,0.0,0.0,bounding_box,SWOT_L2_HR_RiverSP_Reach_047_227_SA_20260315T021108_20260315T021955_PID0_01,https://archive.swot.podaac.earthdata.nasa.gov/podaac-swot-ops-cumulus-protected/SWOT_L2_HR_RiverSP_D/SWOT_L2_HR_RiverSP_Reach_047_227_SA_20260315T021108_20260315T021955_PID0_01.zip,13 exutorios dentro/intersectando a geometria do granulo.
87,RIVERSP,047,158,SA,2026-03-12T15:08:43Z,2026-03-12T15:17:57Z,8.51169490814209,13,0.0,0.0,bounding_box,SWOT_L2_HR_RiverSP_Reach_047_158_SA_20260312T150843_20260312T151757_PID0_01,https://archive.swot.podaac.earthdata.nasa.gov/podaac-swot-ops-cumulus-protected/SWOT_L2_HR_RiverSP_D/SWOT_L2_HR_RiverSP_Reach_047_158_SA_20260312T150843_20260312T151757_PID0_01.zip,13 exutorios dentro/intersectando a geometria do granulo.
88,RIVERSP,047,130,SA,2026-03-11T15:09:18Z,2026-03-11T15:16:45Z,8.499422073364258,13,0.0,0.0,bounding_box,SWOT_L2_HR_RiverSP_Reach_047_130_SA_20260311T150918_20260311T151645_PID0_01,https://archive.swot.podaac.earthdata.nasa.gov/podaac-swot-ops-cumulus-protected/SWOT_L2_HR_RiverSP_D/SWOT_L2_HR_RiverSP_Reach_047_130_SA_20260311T150918_20260311T151645_PID0_01.zip,13 exutorios dentro/intersectando a geometria do granulo.
89,RIVERSP,046,533,SA,2026-03-05T03:48:29Z,2026-03-05T03:57:45Z,8.211247444152832,13,0.0,0.0,bounding_box,SWOT_L2_HR_RiverSP_Reach_046_533_SA_20260305T034829_20260305T035745_PID0_01,https://archive.swot.podaac.earthdata.nasa.gov/podaac-swot-ops-cumulus-protected/SWOT_L2_HR_RiverSP_D/SWOT_L2_HR_RiverSP_Reach_046_533_SA_20260305T034829_20260305T035745_PID0_01.zip,13 exutorios dentro/intersectando a geometria do granulo.
90,RIVERSP,046,436,SA,2026-03-01T16:46:13Z,2026-03-01T16:54:39Z,10.893214225769043,13,0.0,0.0,bounding_box,SWOT_L2_HR_RiverSP_Reach_046_436_SA_20260301T164613_20260301T165439_PID0_01,https://archive.swot.podaac.earthdata.nasa.gov/podaac-swot-ops-cumulus-protected/SWOT_L2_HR_RiverSP_D/SWOT_L2_HR_RiverSP_Reach_046_436_SA_20260301T164613_20260301T165439_PID0_01.zip,13 exutorios dentro/intersectando a geometria do granulo.
91,RIVERSP,046,408,SA,2026-02-28T16:46:59Z,2026-02-28T16:53:49Z,6.156070709228516,13,0.0,0.0,bounding_box,SWOT_L2_HR_RiverSP_Reach_046_408_SA_20260228T164659_20260228T165349_PID0_01,https://archive.swot.podaac.earthdata.nasa.gov/podaac-swot-ops-cumulus-protected/SWOT_L2_HR_RiverSP_D/SWOT_L2_HR_RiverSP_Reach_046_408_SA_20260228T164659_20260228T165349_PID0_01.zip,13 exutorios dentro/intersectando a geometria do granulo.
92,RIVERSP,046,255,SA,2026-02-23T05:25:31Z,2026-02-23T05:35:38Z,10.73225212097168,13,0.0,0.0,bounding_box,SWOT_L2_HR_RiverSP_Reach_046_255_SA_20260223T052531_20260223T053538_PID0_01,https://archive.swot.podaac.earthdata.nasa.gov/podaac-swot-ops-cumulus-protected/SWOT_L2_HR_RiverSP_D/SWOT_L2_HR_RiverSP_Reach_046_255_SA_20260223T052531_20260223T053538_PID0_01.zip,13 exutorios dentro/intersectando a geometria do granulo.
93,RIVERSP,046,227,SA,2026-02-22T05:26:01Z,2026-02-22T05:34:48Z,6.526524543762207,13,0.0,0.0,bounding_box,SWOT_L2_HR_RiverSP_Reach_046_227_SA_20260222T052601_20260222T053448_PID0_01,https://archive.swot.podaac.earthdata.nasa.gov/podaac-swot-ops-cumulus-protected/SWOT_L2_HR_RiverSP_D/SWOT_L2_HR_RiverSP_Reach_046_227_SA_20260222T052601_20260222T053448_PID0_01.zip,13 exutorios dentro/intersectando a geometria do granulo.
94,RIVERSP,046,158,SA,2026-02-19T18:23:36Z,2026-02-19T18:32:49Z,8.511695861816406,13,0.0,0.0,bounding_box,SWOT_L2_HR_RiverSP_Reach_046_158_SA_20260219T182336_20260219T183249_PID0_01,https://archive.swot.podaac.earthdata.nasa.gov/podaac-swot-ops-cumulus-protected/SWOT_L2_HR_RiverSP_D/SWOT_L2_HR_RiverSP_Reach_046_158_SA_20260219T182336_20260219T183249_PID0_01.zip,13 exutorios dentro/intersectando a geometria do granulo.
95,RIVERSP,046,130,SA,2026-02-18T18:24:10Z,2026-02-18T18:31:37Z,8.499896049499512,13,0.0,0.0,bounding_box,SWOT_L2_HR_RiverSP_Reach_046_130_SA_20260218T182410_20260218T183137_PID0_01,https://archive.swot.podaac.earthdata.nasa.gov/podaac-swot-ops-cumulus-protected/SWOT_L2_HR_RiverSP_D/SWOT_L2_HR_RiverSP_Reach_046_130_SA_20260218T182410_20260218T183137_PID0_01.zip,13 exutorios dentro/intersectando a geometria do granulo.
96,RIVERSP,045,533,SA,2026-02-12T07:03:21Z,2026-02-12T07:12:36Z,8.211246490478516,13,0.0,0.0,bounding_box,SWOT_L2_HR_RiverSP_Reach_045_533_SA_20260212T070321_20260212T071236_PID0_01,https://archive.swot.podaac.earthdata.nasa.gov/podaac-swot-ops-cumulus-protected/SWOT_L2_HR_RiverSP_D/SWOT_L2_HR_RiverSP_Reach_045_533_SA_20260212T070321_20260212T071236_PID0_01.zip,13 exutorios dentro/intersectando a geometria do granulo.
97,RIVERSP,045,505,SA,2026-02-11T07:03:55Z,2026-02-11T07:11:44Z,5.975278854370117,13,0.0,0.0,bounding_box,SWOT_L2_HR_RiverSP_Reach_045_505_SA_20260211T070355_20260211T071144_PID0_01,https://archive.swot.podaac.earthdata.nasa.gov/podaac-swot-ops-cumulus-protected/SWOT_L2_HR_RiverSP_D/SWOT_L2_HR_RiverSP_Reach_045_505_SA_20260211T070355_20260211T071144_PID0_01.zip,13 exutorios dentro/intersectando a geometria do granulo.
98,RIVERSP,045,436,SA,2026-02-08T20:01:06Z,2026-02-08T20:09:32Z,10.893203735351562,13,0.0,0.0,bounding_box,SWOT_L2_HR_RiverSP_Reach_045_436_SA_20260208T200106_20260208T200932_PID0_01,https://archive.swot.podaac.earthdata.nasa.gov/podaac-swot-ops-cumulus-protected/SWOT_L2_HR_RiverSP_D/SWOT_L2_HR_RiverSP_Reach_045_436_SA_20260208T200106_20260208T200932_PID0_01.zip,13 exutorios dentro/intersectando a geometria do granulo.
99,RIVERSP,045,408,SA,2026-02-07T20:01:52Z,2026-02-07T20:08:42Z,6.151082992553711,13,0.0,0.0,bounding_box,SWOT_L2_HR_RiverSP_Reach_045_408_SA_20260207T200152_20260207T200842_PID0_01,https://archive.swot.podaac.earthdata.nasa.gov/podaac-swot-ops-cumulus-protected/SWOT_L2_HR_RiverSP_D/SWOT_L2_HR_RiverSP_Reach_045_408_SA_20260207T200152_20260207T200842_PID0_01.zip,13 exutorios dentro/intersectando a geometria do granulo.
100,RIVERSP,045,255,SA,2026-02-02T08:40:26Z,2026-02-02T08:50:33Z,10.732250213623047,13,0.0,0.0,bounding_box,SWOT_L2_HR_RiverSP_Reach_045_255_SA_20260202T084026_20260202T085033_PID0_01,https://archive.swot.podaac.earthdata.nasa.gov/podaac-swot-ops-cumulus-protected/SWOT_L2_HR_RiverSP_D/SWOT_L2_HR_RiverSP_Reach_045_255_SA_20260202T084026_20260202T085033_PID0_01.zip,13 exutorios dentro/intersectando a geometria do granulo.
101,RIVERSP,045,227,SA,2026-02-01T08:40:56Z,2026-02-01T08:49:43Z,6.574953079223633,13,0.0,0.0,bounding_box,SWOT_L2_HR_RiverSP_Reach_045_227_SA_20260201T084056_20260201T084943_PID0_01,https://archive.swot.podaac.earthdata.nasa.gov/podaac-swot-ops-cumulus-protected/SWOT_L2_HR_RiverSP_D/SWOT_L2_HR_RiverSP_Reach_045_227_SA_20260201T084056_20260201T084943_PID0_01.zip,13 exutorios dentro/intersectando a geometria do granulo.
102,RIVERSP,045,158,SA,2026-01-29T21:38:31Z,2026-01-29T21:47:45Z,8.511695861816406,13,0.0,0.0,bounding_box,SWOT_L2_HR_RiverSP_Reach_045_158_SA_20260129T213831_20260129T214745_PID0_01,https://archive.swot.podaac.earthdata.nasa.gov/podaac-swot-ops-cumulus-protected/SWOT_L2_HR_RiverSP_D/SWOT_L2_HR_RiverSP_Reach_045_158_SA_20260129T213831_20260129T214745_PID0_01.zip,13 exutorios dentro/intersectando a geometria do granulo.
103,RIVERSP,045,130,SA,2026-01-28T21:39:06Z,2026-01-28T21:46:33Z,8.499422073364258,13,0.0,0.0,bounding_box,SWOT_L2_HR_RiverSP_Reach_045_130_SA_20260128T213906_20260128T214633_PID0_01,https://archive.swot.podaac.earthdata.nasa.gov/podaac-swot-ops-cumulus-protected/SWOT_L2_HR_RiverSP_D/SWOT_L2_HR_RiverSP_Reach_045_130_SA_20260128T213906_20260128T214633_PID0_01.zip,13 exutorios dentro/intersectando a geometria do granulo.
104,RIVERSP,044,533,SA,2026-01-22T10:18:18Z,2026-01-22T10:27:33Z,8.211246490478516,13,0.0,0.0,bounding_box,SWOT_L2_HR_RiverSP_Reach_044_533_SA_20260122T101818_20260122T102733_PID0_01,https://archive.swot.podaac.earthdata.nasa.gov/podaac-swot-ops-cumulus-protected/SWOT_L2_HR_RiverSP_D/SWOT_L2_HR_RiverSP_Reach_044_533_SA_20260122T101818_20260122T102733_PID0_01.zip,13 exutorios dentro/intersectando a geometria do granulo.
105,RIVERSP,044,505,SA,2026-01-21T10:18:51Z,2026-01-21T10:26:41Z,5.975281715393066,13,0.0,0.0,bounding_box,SWOT_L2_HR_RiverSP_Reach_044_505_SA_20260121T101851_20260121T102641_PID0_01,https://archive.swot.podaac.earthdata.nasa.gov/podaac-swot-ops-cumulus-protected/SWOT_L2_HR_RiverSP_D/SWOT_L2_HR_RiverSP_Reach_044_505_SA_20260121T101851_20260121T102641_PID0_01.zip,13 exutorios dentro/intersectando a geometria do granulo.
106,RIVERSP,044,436,SA,2026-01-18T23:16:01Z,2026-01-18T23:24:27Z,10.493492126464844,13,0.0,0.0,bounding_box,SWOT_L2_HR_RiverSP_Reach_044_436_SA_20260118T231601_20260118T232427_PID0_01,https://archive.swot.podaac.earthdata.nasa.gov/podaac-swot-ops-cumulus-protected/SWOT_L2_HR_RiverSP_D/SWOT_L2_HR_RiverSP_Reach_044_436_SA_20260118T231601_20260118T232427_PID0_01.zip,13 exutorios dentro/intersectando a geometria do granulo.
107,RIVERSP,044,436,SA,2026-01-18T23:16:01Z,2026-01-18T23:24:27Z,10.893208503723145,13,0.0,0.0,bounding_box,SWOT_L2_HR_RiverSP_Reach_044_436_SA_20260118T231601_20260118T232427_PID0_02,https://archive.swot.podaac.earthdata.nasa.gov/podaac-swot-ops-cumulus-protected/SWOT_L2_HR_RiverSP_D/SWOT_L2_HR_RiverSP_Reach_044_436_SA_20260118T231601_20260118T232427_PID0_02.zip,13 exutorios dentro/intersectando a geometria do granulo.
108,RIVERSP,044,408,SA,2026-01-17T23:16:47Z,2026-01-17T23:23:38Z,6.156073570251465,13,0.0,0.0,bounding_box,SWOT_L2_HR_RiverSP_Reach_044_408_SA_20260117T231647_20260117T232338_PID0_01,https://archive.swot.podaac.earthdata.nasa.gov/podaac-swot-ops-cumulus-protected/SWOT_L2_HR_RiverSP_D/SWOT_L2_HR_RiverSP_Reach_044_408_SA_20260117T231647_20260117T232338_PID0_01.zip,13 exutorios dentro/intersectando a geometria do granulo.
109,RIVERSP,044,255,SA,2026-01-12T11:55:22Z,2026-01-12T12:05:29Z,10.732251167297363,13,0.0,0.0,bounding_box,SWOT_L2_HR_RiverSP_Reach_044_255_SA_20260112T115522_20260112T120529_PID0_01,https://archive.swot.podaac.earthdata.nasa.gov/podaac-swot-ops-cumulus-protected/SWOT_L2_HR_RiverSP_D/SWOT_L2_HR_RiverSP_Reach_044_255_SA_20260112T115522_20260112T120529_PID0_01.zip,13 exutorios dentro/intersectando a geometria do granulo.
110,RIVERSP,044,227,SA,2026-01-11T11:55:52Z,2026-01-11T12:04:38Z,6.574949264526367,13,0.0,0.0,bounding_box,SWOT_L2_HR_RiverSP_Reach_044_227_SA_20260111T115552_20260111T120438_PID0_01,https://archive.swot.podaac.earthdata.nasa.gov/podaac-swot-ops-cumulus-protected/SWOT_L2_HR_RiverSP_D/SWOT_L2_HR_RiverSP_Reach_044_227_SA_20260111T115552_20260111T120438_PID0_01.zip,13 exutorios dentro/intersectando a geometria do granulo.
111,RIVERSP,044,158,SA,2026-01-09T00:53:27Z,2026-01-09T01:02:40Z,8.511691093444824,13,0.0,0.0,bounding_box,SWOT_L2_HR_RiverSP_Reach_044_158_SA_20260109T005327_20260109T010240_PID0_01,https://archive.swot.podaac.earthdata.nasa.gov/podaac-swot-ops-cumulus-protected/SWOT_L2_HR_RiverSP_D/SWOT_L2_HR_RiverSP_Reach_044_158_SA_20260109T005327_20260109T010240_PID0_01.zip,13 exutorios dentro/intersectando a geometria do granulo.
112,RIVERSP,044,130,SA,2026-01-08T00:54:02Z,2026-01-08T01:01:29Z,8.49942398071289,13,0.0,0.0,bounding_box,SWOT_L2_HR_RiverSP_Reach_044_130_SA_20260108T005402_20260108T010129_PID0_01,https://archive.swot.podaac.earthdata.nasa.gov/podaac-swot-ops-cumulus-protected/SWOT_L2_HR_RiverSP_D/SWOT_L2_HR_RiverSP_Reach_044_130_SA_20260108T005402_20260108T010129_PID0_01.zip,13 exutorios dentro/intersectando a geometria do granulo.
113,RIVERSP,043,533,SA,2026-01-01T13:33:14Z,2026-01-01T13:42:29Z,8.211249351501465,13,0.0,0.0,bounding_box,SWOT_L2_HR_RiverSP_Reach_043_533_SA_20260101T133314_20260101T134229_PID0_01,https://archive.swot.podaac.earthdata.nasa.gov/podaac-swot-ops-cumulus-protected/SWOT_L2_HR_RiverSP_D/SWOT_L2_HR_RiverSP_Reach_043_533_SA_20260101T133314_20260101T134229_PID0_01.zip,13 exutorios dentro/intersectando a geometria do granulo.
114,RIVERSP,043,505,SA,2025-12-31T13:33:47Z,2025-12-31T13:41:37Z,5.919981002807617,13,0.0,0.0,bounding_box,SWOT_L2_HR_RiverSP_Reach_043_505_SA_20251231T133347_20251231T134137_PID0_01,https://archive.swot.podaac.earthdata.nasa.gov/podaac-swot-ops-cumulus-protected/SWOT_L2_HR_RiverSP_D/SWOT_L2_HR_RiverSP_Reach_043_505_SA_20251231T133347_20251231T134137_PID0_01.zip,13 exutorios dentro/intersectando a geometria do granulo.
115,RIVERSP,043,505,SA,2025-12-31T13:33:47Z,2025-12-31T13:41:37Z,5.919981002807617,13,0.0,0.0,bounding_box,SWOT_L2_HR_RiverSP_Reach_043_505_SA_20251231T133347_20251231T134137_PID0_02,https://archive.swot.podaac.earthdata.nasa.gov/podaac-swot-ops-cumulus-protected/SWOT_L2_HR_RiverSP_D/SWOT_L2_HR_RiverSP_Reach_043_505_SA_20251231T133347_20251231T134137_PID0_02.zip,13 exutorios dentro/intersectando a geometria do granulo.
116,RIVERSP,043,436,SA,2025-12-29T02:30:58Z,2025-12-29T02:39:23Z,10.893208503723145,13,0.0,0.0,bounding_box,SWOT_L2_HR_RiverSP_Reach_043_436_SA_20251229T023058_20251229T023923_PID0_01,https://archive.swot.podaac.earthdata.nasa.gov/podaac-swot-ops-cumulus-protected/SWOT_L2_HR_RiverSP_D/SWOT_L2_HR_RiverSP_Reach_043_436_SA_20251229T023058_20251229T023923_PID0_01.zip,13 exutorios dentro/intersectando a geometria do granulo.
117,RIVERSP,043,408,SA,2025-12-28T02:31:44Z,2025-12-28T02:38:34Z,6.156072616577148,13,0.0,0.0,bounding_box,SWOT_L2_HR_RiverSP_Reach_043_408_SA_20251228T023144_20251228T023834_PID0_01,https://archive.swot.podaac.earthdata.nasa.gov/podaac-swot-ops-cumulus-protected/SWOT_L2_HR_RiverSP_D/SWOT_L2_HR_RiverSP_Reach_043_408_SA_20251228T023144_20251228T023834_PID0_01.zip,13 exutorios dentro/intersectando a geometria do granulo.
118,RIVERSP,043,227,SA,2025-12-21T15:10:47Z,2025-12-21T15:19:33Z,6.574954986572266,13,0.0,0.0,bounding_box,SWOT_L2_HR_RiverSP_Reach_043_227_SA_20251221T151047_20251221T151933_PID0_01,https://archive.swot.podaac.earthdata.nasa.gov/podaac-swot-ops-cumulus-protected/SWOT_L2_HR_RiverSP_D/SWOT_L2_HR_RiverSP_Reach_043_227_SA_20251221T151047_20251221T151933_PID0_01.zip,13 exutorios dentro/intersectando a geometria do granulo.
119,RIVERSP,043,130,SA,2025-12-18T04:08:56Z,2025-12-18T04:16:23Z,8.499423027038574,13,0.0,0.0,bounding_box,SWOT_L2_HR_RiverSP_Reach_043_130_SA_20251218T040856_20251218T041623_PID0_01,https://archive.swot.podaac.earthdata.nasa.gov/podaac-swot-ops-cumulus-protected/SWOT_L2_HR_RiverSP_D/SWOT_L2_HR_RiverSP_Reach_043_130_SA_20251218T040856_20251218T041623_PID0_01.zip,13 exutorios dentro/intersectando a geometria do granulo.
120,RIVERSP,042,533,SA,2025-12-11T16:48:07Z,2025-12-11T16:57:22Z,8.211247444152832,13,0.0,0.0,bounding_box,SWOT_L2_HR_RiverSP_Reach_042_533_SA_20251211T164807_20251211T165722_PID0_01,https://archive.swot.podaac.earthdata.nasa.gov/podaac-swot-ops-cumulus-protected/SWOT_L2_HR_RiverSP_D/SWOT_L2_HR_RiverSP_Reach_042_533_SA_20251211T164807_20251211T165722_PID0_01.zip,13 exutorios dentro/intersectando a geometria do granulo.
121,RIVERSP,042,505,SA,2025-12-10T16:48:41Z,2025-12-10T16:56:30Z,5.975281715393066,13,0.0,0.0,bounding_box,SWOT_L2_HR_RiverSP_Reach_042_505_SA_20251210T164841_20251210T165630_PID0_01,https://archive.swot.podaac.earthdata.nasa.gov/podaac-swot-ops-cumulus-protected/SWOT_L2_HR_RiverSP_D/SWOT_L2_HR_RiverSP_Reach_042_505_SA_20251210T164841_20251210T165630_PID0_01.zip,13 exutorios dentro/intersectando a geometria do granulo.
122,RIVERSP,042,436,SA,2025-12-08T05:45:51Z,2025-12-08T05:54:17Z,10.493494033813477,13,0.0,0.0,bounding_box,SWOT_L2_HR_RiverSP_Reach_042_436_SA_20251208T054551_20251208T055417_PID0_01,https://archive.swot.podaac.earthdata.nasa.gov/podaac-swot-ops-cumulus-protected/SWOT_L2_HR_RiverSP_D/SWOT_L2_HR_RiverSP_Reach_042_436_SA_20251208T054551_20251208T055417_PID0_01.zip,13 exutorios dentro/intersectando a geometria do granulo.
123,RIVERSP,042,436,SA,2025-12-08T05:45:51Z,2025-12-08T05:54:17Z,10.493494033813477,13,0.0,0.0,bounding_box,SWOT_L2_HR_RiverSP_Reach_042_436_SA_20251208T054551_20251208T055417_PID0_02,https://archive.swot.podaac.earthdata.nasa.gov/podaac-swot-ops-cumulus-protected/SWOT_L2_HR_RiverSP_D/SWOT_L2_HR_RiverSP_Reach_042_436_SA_20251208T054551_20251208T055417_PID0_02.zip,13 exutorios dentro/intersectando a geometria do granulo.
124,RIVERSP,042,408,SA,2025-12-07T05:46:38Z,2025-12-07T05:53:28Z,6.156072616577148,13,0.0,0.0,bounding_box,SWOT_L2_HR_RiverSP_Reach_042_408_SA_20251207T054638_20251207T055328_PID0_01,https://archive.swot.podaac.earthdata.nasa.gov/podaac-swot-ops-cumulus-protected/SWOT_L2_HR_RiverSP_D/SWOT_L2_HR_RiverSP_Reach_042_408_SA_20251207T054638_20251207T055328_PID0_01.zip,13 exutorios dentro/intersectando a geometria do granulo.
125,RIVERSP,042,255,SA,2025-12-01T18:25:12Z,2025-12-01T18:35:19Z,10.732256889343262,13,0.0,0.0,bounding_box,SWOT_L2_HR_RiverSP_Reach_042_255_SA_20251201T182512_20251201T183519_PID0_01,https://archive.swot.podaac.earthdata.nasa.gov/podaac-swot-ops-cumulus-protected/SWOT_L2_HR_RiverSP_D/SWOT_L2_HR_RiverSP_Reach_042_255_SA_20251201T182512_20251201T183519_PID0_01.zip,13 exutorios dentro/intersectando a geometria do granulo.
126,RIVERSP,042,227,SA,2025-11-30T18:25:42Z,2025-11-30T18:34:29Z,6.574950218200684,13,0.0,0.0,bounding_box,SWOT_L2_HR_RiverSP_Reach_042_227_SA_20251130T182542_20251130T183429_PID0_01,https://archive.swot.podaac.earthdata.nasa.gov/podaac-swot-ops-cumulus-protected/SWOT_L2_HR_RiverSP_D/SWOT_L2_HR_RiverSP_Reach_042_227_SA_20251130T182542_20251130T183429_PID0_01.zip,13 exutorios dentro/intersectando a geometria do granulo.
127,RIVERSP,042,158,SA,2025-11-28T07:23:17Z,2025-11-28T07:32:31Z,6.499436378479004,13,0.0,0.0,bounding_box,SWOT_L2_HR_RiverSP_Reach_042_158_SA_20251128T072317_20251128T073231_PID0_01,https://archive.swot.podaac.earthdata.nasa.gov/podaac-swot-ops-cumulus-protected/SWOT_L2_HR_RiverSP_D/SWOT_L2_HR_RiverSP_Reach_042_158_SA_20251128T072317_20251128T073231_PID0_01.zip,13 exutorios dentro/intersectando a geometria do granulo.
128,RIVERSP,042,130,SA,2025-11-27T07:23:52Z,2025-11-27T07:31:19Z,6.131872177124023,13,0.0,0.0,bounding_box,SWOT_L2_HR_RiverSP_Reach_042_130_SA_20251127T072352_20251127T073119_PID0_01,https://archive.swot.podaac.earthdata.nasa.gov/podaac-swot-ops-cumulus-protected/SWOT_L2_HR_RiverSP_D/SWOT_L2_HR_RiverSP_Reach_042_130_SA_20251127T072352_20251127T073119_PID0_01.zip,13 exutorios dentro/intersectando a geometria do granulo.
129,RIVERSP,041,533,SA,2025-11-20T20:03:04Z,2025-11-20T20:12:19Z,8.211251258850098,13,0.0,0.0,bounding_box,SWOT_L2_HR_RiverSP_Reach_041_533_SA_20251120T200304_20251120T201219_PID0_01,https://archive.swot.podaac.earthdata.nasa.gov/podaac-swot-ops-cumulus-protected/SWOT_L2_HR_RiverSP_D/SWOT_L2_HR_RiverSP_Reach_041_533_SA_20251120T200304_20251120T201219_PID0_01.zip,13 exutorios dentro/intersectando a geometria do granulo.
130,RIVERSP,041,505,SA,2025-11-19T20:03:38Z,2025-11-19T20:11:27Z,5.975281715393066,13,0.0,0.0,bounding_box,SWOT_L2_HR_RiverSP_Reach_041_505_SA_20251119T200338_20251119T201127_PID0_01,https://archive.swot.podaac.earthdata.nasa.gov/podaac-swot-ops-cumulus-protected/SWOT_L2_HR_RiverSP_D/SWOT_L2_HR_RiverSP_Reach_041_505_SA_20251119T200338_20251119T201127_PID0_01.zip,13 exutorios dentro/intersectando a geometria do granulo.
131,RIVERSP,041,436,SA,2025-11-17T09:00:48Z,2025-11-17T09:09:14Z,10.89321231842041,13,0.0,0.0,bounding_box,SWOT_L2_HR_RiverSP_Reach_041_436_SA_20251117T090048_20251117T090914_PID0_01,https://archive.swot.podaac.earthdata.nasa.gov/podaac-swot-ops-cumulus-protected/SWOT_L2_HR_RiverSP_D/SWOT_L2_HR_RiverSP_Reach_041_436_SA_20251117T090048_20251117T090914_PID0_01.zip,13 exutorios dentro/intersectando a geometria do granulo.
132,RIVERSP,041,408,SA,2025-11-16T09:01:34Z,2025-11-16T09:08:24Z,6.151081085205078,13,0.0,0.0,bounding_box,SWOT_L2_HR_RiverSP_Reach_041_408_SA_20251116T090134_20251116T090824_PID0_01,https://archive.swot.podaac.earthdata.nasa.gov/podaac-swot-ops-cumulus-protected/SWOT_L2_HR_RiverSP_D/SWOT_L2_HR_RiverSP_Reach_041_408_SA_20251116T090134_20251116T090824_PID0_01.zip,13 exutorios dentro/intersectando a geometria do granulo.
133,RIVERSP,041,255,SA,2025-11-10T21:40:08Z,2025-11-10T21:50:15Z,10.695775032043457,13,0.0,0.0,bounding_box,SWOT_L2_HR_RiverSP_Reach_041_255_SA_20251110T214008_20251110T215015_PID0_01,https://archive.swot.podaac.earthdata.nasa.gov/podaac-swot-ops-cumulus-protected/SWOT_L2_HR_RiverSP_D/SWOT_L2_HR_RiverSP_Reach_041_255_SA_20251110T214008_20251110T215015_PID0_01.zip,13 exutorios dentro/intersectando a geometria do granulo.
134,RIVERSP,041,255,SA,2025-11-10T21:40:08Z,2025-11-10T21:50:15Z,10.73225212097168,13,0.0,0.0,bounding_box,SWOT_L2_HR_RiverSP_Reach_041_255_SA_20251110T214008_20251110T215015_PID0_02,https://archive.swot.podaac.earthdata.nasa.gov/podaac-swot-ops-cumulus-protected/SWOT_L2_HR_RiverSP_D/SWOT_L2_HR_RiverSP_Reach_041_255_SA_20251110T214008_20251110T215015_PID0_02.zip,13 exutorios dentro/intersectando a geometria do granulo.
135,RIVERSP,041,227,SA,2025-11-09T21:40:39Z,2025-11-09T21:49:25Z,5.767110824584961,13,0.0,0.0,bounding_box,SWOT_L2_HR_RiverSP_Reach_041_227_SA_20251109T214039_20251109T214925_PID0_01,https://archive.swot.podaac.earthdata.nasa.gov/podaac-swot-ops-cumulus-protected/SWOT_L2_HR_RiverSP_D/SWOT_L2_HR_RiverSP_Reach_041_227_SA_20251109T214039_20251109T214925_PID0_01.zip,13 exutorios dentro/intersectando a geometria do granulo.
136,RIVERSP,041,158,SA,2025-11-07T10:38:14Z,2025-11-07T10:47:27Z,8.511695861816406,13,0.0,0.0,bounding_box,SWOT_L2_HR_RiverSP_Reach_041_158_SA_20251107T103814_20251107T104727_PID0_01,https://archive.swot.podaac.earthdata.nasa.gov/podaac-swot-ops-cumulus-protected/SWOT_L2_HR_RiverSP_D/SWOT_L2_HR_RiverSP_Reach_041_158_SA_20251107T103814_20251107T104727_PID0_01.zip,13 exutorios dentro/intersectando a geometria do granulo.
137,RIVERSP,041,130,SA,2025-11-06T10:38:49Z,2025-11-06T10:45:23Z,7.559020042419434,13,0.0,0.0,bounding_box,SWOT_L2_HR_RiverSP_Reach_041_130_SA_20251106T103849_20251106T104523_PID0_01,https://archive.swot.podaac.earthdata.nasa.gov/podaac-swot-ops-cumulus-protected/SWOT_L2_HR_RiverSP_D/SWOT_L2_HR_RiverSP_Reach_041_130_SA_20251106T103849_20251106T104523_PID0_01.zip,13 exutorios dentro/intersectando a geometria do granulo.
138,RIVERSP,040,533,SA,2025-10-30T23:18:01Z,2025-10-30T23:27:16Z,8.211244583129883,13,0.0,0.0,bounding_box,SWOT_L2_HR_RiverSP_Reach_040_533_SA_20251030T231801_20251030T232716_PID0_01,https://archive.swot.podaac.earthdata.nasa.gov/podaac-swot-ops-cumulus-protected/SWOT_L2_HR_RiverSP_D/SWOT_L2_HR_RiverSP_Reach_040_533_SA_20251030T231801_20251030T232716_PID0_01.zip,13 exutorios dentro/intersectando a geometria do granulo.
139,RIVERSP,040,505,SA,2025-10-29T23:18:35Z,2025-10-29T23:26:24Z,5.975281715393066,13,0.0,0.0,bounding_box,SWOT_L2_HR_RiverSP_Reach_040_505_SA_20251029T231835_20251029T232624_PID0_01,https://archive.swot.podaac.earthdata.nasa.gov/podaac-swot-ops-cumulus-protected/SWOT_L2_HR_RiverSP_D/SWOT_L2_HR_RiverSP_Reach_040_505_SA_20251029T231835_20251029T232624_PID0_01.zip,13 exutorios dentro/intersectando a geometria do granulo.
140,RIVERSP,040,436,SA,2025-10-27T12:15:45Z,2025-10-27T12:24:11Z,10.893210411071777,13,0.0,0.0,bounding_box,SWOT_L2_HR_RiverSP_Reach_040_436_SA_20251027T121545_20251027T122411_PID0_01,https://archive.swot.podaac.earthdata.nasa.gov/podaac-swot-ops-cumulus-protected/SWOT_L2_HR_RiverSP_D/SWOT_L2_HR_RiverSP_Reach_040_436_SA_20251027T121545_20251027T122411_PID0_01.zip,13 exutorios dentro/intersectando a geometria do granulo.
141,RIVERSP,040,408,SA,2025-10-26T12:16:31Z,2025-10-26T12:23:22Z,6.156072616577148,13,0.0,0.0,bounding_box,SWOT_L2_HR_RiverSP_Reach_040_408_SA_20251026T121631_20251026T122322_PID0_01,https://archive.swot.podaac.earthdata.nasa.gov/podaac-swot-ops-cumulus-protected/SWOT_L2_HR_RiverSP_D/SWOT_L2_HR_RiverSP_Reach_040_408_SA_20251026T121631_20251026T122322_PID0_01.zip,13 exutorios dentro/intersectando a geometria do granulo.
142,RIVERSP,040,255,SA,2025-10-21T00:55:05Z,2025-10-21T01:05:12Z,10.732254028320312,13,0.0,0.0,bounding_box,SWOT_L2_HR_RiverSP_Reach_040_255_SA_20251021T005505_20251021T010512_PID0_01,https://archive.swot.podaac.earthdata.nasa.gov/podaac-swot-ops-cumulus-protected/SWOT_L2_HR_RiverSP_D/SWOT_L2_HR_RiverSP_Reach_040_255_SA_20251021T005505_20251021T010512_PID0_01.zip,13 exutorios dentro/intersectando a geometria do granulo.
143,RIVERSP,040,227,SA,2025-10-20T00:55:35Z,2025-10-20T01:04:21Z,6.574954986572266,13,0.0,0.0,bounding_box,SWOT_L2_HR_RiverSP_Reach_040_227_SA_20251020T005535_20251020T010421_PID0_01,https://archive.swot.podaac.earthdata.nasa.gov/podaac-swot-ops-cumulus-protected/SWOT_L2_HR_RiverSP_D/SWOT_L2_HR_RiverSP_Reach_040_227_SA_20251020T005535_20251020T010421_PID0_01.zip,13 exutorios dentro/intersectando a geometria do granulo.
144,RIVERSP,040,158,SA,2025-10-17T13:53:09Z,2025-10-17T14:02:23Z,8.51169490814209,13,0.0,0.0,bounding_box,SWOT_L2_HR_RiverSP_Reach_040_158_SA_20251017T135309_20251017T140223_PID0_01,https://archive.swot.podaac.earthdata.nasa.gov/podaac-swot-ops-cumulus-protected/SWOT_L2_HR_RiverSP_D/SWOT_L2_HR_RiverSP_Reach_040_158_SA_20251017T135309_20251017T140223_PID0_01.zip,13 exutorios dentro/intersectando a geometria do granulo.
145,RIVERSP,040,158,SA,2025-10-17T13:53:09Z,2025-10-17T14:02:23Z,8.51169490814209,13,0.0,0.0,bounding_box,SWOT_L2_HR_RiverSP_Reach_040_158_SA_20251017T135309_20251017T140223_PID0_02,https://archive.swot.podaac.earthdata.nasa.gov/podaac-swot-ops-cumulus-protected/SWOT_L2_HR_RiverSP_D/SWOT_L2_HR_RiverSP_Reach_040_158_SA_20251017T135309_20251017T140223_PID0_02.zip,13 exutorios dentro/intersectando a geometria do granulo.
146,RIVERSP,040,158,SA,2025-10-17T13:53:09Z,2025-10-17T14:02:23Z,8.51169490814209,13,0.0,0.0,bounding_box,SWOT_L2_HR_RiverSP_Reach_040_158_SA_20251017T135309_20251017T140223_PID0_03,https://archive.swot.podaac.earthdata.nasa.gov/podaac-swot-ops-cumulus-protected/SWOT_L2_HR_RiverSP_D/SWOT_L2_HR_RiverSP_Reach_040_158_SA_20251017T135309_20251017T140223_PID0_03.zip,13 exutorios dentro/intersectando a geometria do granulo.
147,RIVERSP,040,130,SA,2025-10-16T13:53:44Z,2025-10-16T14:01:11Z,8.499424934387207,13,0.0,0.0,bounding_box,SWOT_L2_HR_RiverSP_Reach_040_130_SA_20251016T135344_20251016T140111_PID0_01,https://archive.swot.podaac.earthdata.nasa.gov/podaac-swot-ops-cumulus-protected/SWOT_L2_HR_RiverSP_D/SWOT_L2_HR_RiverSP_Reach_040_130_SA_20251016T135344_20251016T140111_PID0_01.zip,13 exutorios dentro/intersectando a geometria do granulo.
148,RIVERSP,039,533,SA,2025-10-10T02:32:54Z,2025-10-10T02:42:10Z,8.211249351501465,13,0.0,0.0,bounding_box,SWOT_L2_HR_RiverSP_Reach_039_533_SA_20251010T023254_20251010T024210_PID0_01,https://archive.swot.podaac.earthdata.nasa.gov/podaac-swot-ops-cumulus-protected/SWOT_L2_HR_RiverSP_D/SWOT_L2_HR_RiverSP_Reach_039_533_SA_20251010T023254_20251010T024210_PID0_01.zip,13 exutorios dentro/intersectando a geometria do granulo.
149,RIVERSP,039,505,SA,2025-10-09T02:33:28Z,2025-10-09T02:41:18Z,5.975277900695801,13,0.0,0.0,bounding_box,SWOT_L2_HR_RiverSP_Reach_039_505_SA_20251009T023328_20251009T024118_PID0_01,https://archive.swot.podaac.earthdata.nasa.gov/podaac-swot-ops-cumulus-protected/SWOT_L2_HR_RiverSP_D/SWOT_L2_HR_RiverSP_Reach_039_505_SA_20251009T023328_20251009T024118_PID0_01.zip,13 exutorios dentro/intersectando a geometria do granulo.
150,RIVERSP,039,436,SA,2025-10-06T15:30:39Z,2025-10-06T15:39:05Z,10.49349308013916,13,0.0,0.0,bounding_box,SWOT_L2_HR_RiverSP_Reach_039_436_SA_20251006T153039_20251006T153905_PID0_01,https://archive.swot.podaac.earthdata.nasa.gov/podaac-swot-ops-cumulus-protected/SWOT_L2_HR_RiverSP_D/SWOT_L2_HR_RiverSP_Reach_039_436_SA_20251006T153039_20251006T153905_PID0_01.zip,13 exutorios dentro/intersectando a geometria do granulo.
151,RIVERSP,039,408,SA,2025-10-05T15:31:25Z,2025-10-05T15:38:16Z,6.156071662902832,13,0.0,0.0,bounding_box,SWOT_L2_HR_RiverSP_Reach_039_408_SA_20251005T153125_20251005T153816_PID0_01,https://archive.swot.podaac.earthdata.nasa.gov/podaac-swot-ops-cumulus-protected/SWOT_L2_HR_RiverSP_D/SWOT_L2_HR_RiverSP_Reach_039_408_SA_20251005T153125_20251005T153816_PID0_01.zip,13 exutorios dentro/intersectando a geometria do granulo.
152,RIVERSP,039,255,SA,2025-09-30T04:09:59Z,2025-09-30T04:20:06Z,10.732257843017578,13,0.0,0.0,bounding_box,SWOT_L2_HR_RiverSP_Reach_039_255_SA_20250930T040959_20250930T042006_PID0_01,https://archive.swot.podaac.earthdata.nasa.gov/podaac-swot-ops-cumulus-protected/SWOT_L2_HR_RiverSP_D/SWOT_L2_HR_RiverSP_Reach_039_255_SA_20250930T040959_20250930T042006_PID0_01.zip,13 exutorios dentro/intersectando a geometria do granulo.
153,RIVERSP,039,227,SA,2025-09-29T04:10:29Z,2025-09-29T04:19:15Z,6.592167854309082,13,0.0,0.0,bounding_box,SWOT_L2_HR_RiverSP_Reach_039_227_SA_20250929T041029_20250929T041915_PID0_01,https://archive.swot.podaac.earthdata.nasa.gov/podaac-swot-ops-cumulus-protected/SWOT_L2_HR_RiverSP_D/SWOT_L2_HR_RiverSP_Reach_039_227_SA_20250929T041029_20250929T041915_PID0_01.zip,13 exutorios dentro/intersectando a geometria do granulo.
154,RIVERSP,039,158,SA,2025-09-26T17:08:04Z,2025-09-26T17:17:17Z,8.51169490814209,13,0.0,0.0,bounding_box,SWOT_L2_HR_RiverSP_Reach_039_158_SA_20250926T170804_20250926T171717_PID0_01,https://archive.swot.podaac.earthdata.nasa.gov/podaac-swot-ops-cumulus-protected/SWOT_L2_HR_RiverSP_D/SWOT_L2_HR_RiverSP_Reach_039_158_SA_20250926T170804_20250926T171717_PID0_01.zip,13 exutorios dentro/intersectando a geometria do granulo.
155,RIVERSP,039,130,SA,2025-09-25T17:08:38Z,2025-09-25T17:16:05Z,8.499893188476562,13,0.0,0.0,bounding_box,SWOT_L2_HR_RiverSP_Reach_039_130_SA_20250925T170838_20250925T171605_PID0_01,https://archive.swot.podaac.earthdata.nasa.gov/podaac-swot-ops-cumulus-protected/SWOT_L2_HR_RiverSP_D/SWOT_L2_HR_RiverSP_Reach_039_130_SA_20250925T170838_20250925T171605_PID0_01.zip,13 exutorios dentro/intersectando a geometria do granulo.
156,RIVERSP,038,533,SA,2025-09-19T05:47:49Z,2025-09-19T05:57:05Z,8.211250305175781,13,0.0,0.0,bounding_box,SWOT_L2_HR_RiverSP_Reach_038_533_SA_20250919T054749_20250919T055705_PID0_01,https://archive.swot.podaac.earthdata.nasa.gov/podaac-swot-ops-cumulus-protected/SWOT_L2_HR_RiverSP_D/SWOT_L2_HR_RiverSP_Reach_038_533_SA_20250919T054749_20250919T055705_PID0_01.zip,13 exutorios dentro/intersectando a geometria do granulo.
157,RIVERSP,038,505,SA,2025-09-18T05:48:23Z,2025-09-18T05:56:13Z,5.975275039672852,13,0.0,0.0,bounding_box,SWOT_L2_HR_RiverSP_Reach_038_505_SA_20250918T054823_20250918T055613_PID0_01,https://archive.swot.podaac.earthdata.nasa.gov/podaac-swot-ops-cumulus-protected/SWOT_L2_HR_RiverSP_D/SWOT_L2_HR_RiverSP_Reach_038_505_SA_20250918T054823_20250918T055613_PID0_01.zip,13 exutorios dentro/intersectando a geometria do granulo.
158,RIVERSP,038,436,SA,2025-09-15T18:45:34Z,2025-09-15T18:54:00Z,10.493494987487793,13,0.0,0.0,bounding_box,SWOT_L2_HR_RiverSP_Reach_038_436_SA_20250915T184534_20250915T185400_PID0_01,https://archive.swot.podaac.earthdata.nasa.gov/podaac-swot-ops-cumulus-protected/SWOT_L2_HR_RiverSP_D/SWOT_L2_HR_RiverSP_Reach_038_436_SA_20250915T184534_20250915T185400_PID0_01.zip,13 exutorios dentro/intersectando a geometria do granulo.
159,RIVERSP,038,408,SA,2025-09-14T18:46:20Z,2025-09-14T18:53:11Z,6.156074523925781,13,0.0,0.0,bounding_box,SWOT_L2_HR_RiverSP_Reach_038_408_SA_20250914T184620_20250914T185311_PID0_01,https://archive.swot.podaac.earthdata.nasa.gov/podaac-swot-ops-cumulus-protected/SWOT_L2_HR_RiverSP_D/SWOT_L2_HR_RiverSP_Reach_038_408_SA_20250914T184620_20250914T185311_PID0_01.zip,13 exutorios dentro/intersectando a geometria do granulo.
160,RIVERSP,038,255,SA,2025-09-09T07:24:55Z,2025-09-09T07:35:02Z,10.732253074645996,13,0.0,0.0,bounding_box,SWOT_L2_HR_RiverSP_Reach_038_255_SA_20250909T072455_20250909T073502_PID0_01,https://archive.swot.podaac.earthdata.nasa.gov/podaac-swot-ops-cumulus-protected/SWOT_L2_HR_RiverSP_D/SWOT_L2_HR_RiverSP_Reach_038_255_SA_20250909T072455_20250909T073502_PID0_01.zip,13 exutorios dentro/intersectando a geometria do granulo.
161,RIVERSP,038,227,SA,2025-09-08T07:25:25Z,2025-09-08T07:34:12Z,6.61153507232666,13,0.0,0.0,bounding_box,SWOT_L2_HR_RiverSP_Reach_038_227_SA_20250908T072525_20250908T073412_PID0_01,https://archive.swot.podaac.earthdata.nasa.gov/podaac-swot-ops-cumulus-protected/SWOT_L2_HR_RiverSP_D/SWOT_L2_HR_RiverSP_Reach_038_227_SA_20250908T072525_20250908T073412_PID0_01.zip,13 exutorios dentro/intersectando a geometria do granulo.
162,RIVERSP,038,227,SA,2025-09-08T07:25:25Z,2025-09-08T07:34:12Z,6.61153507232666,13,0.0,0.0,bounding_box,SWOT_L2_HR_RiverSP_Reach_038_227_SA_20250908T072525_20250908T073412_PID0_02,https://archive.swot.podaac.earthdata.nasa.gov/podaac-swot-ops-cumulus-protected/SWOT_L2_HR_RiverSP_D/SWOT_L2_HR_RiverSP_Reach_038_227_SA_20250908T072525_20250908T073412_PID0_02.zip,13 exutorios dentro/intersectando a geometria do granulo.
163,RIVERSP,038,158,SA,2025-09-05T20:23:00Z,2025-09-05T20:32:14Z,8.511693000793457,13,0.0,0.0,bounding_box,SWOT_L2_HR_RiverSP_Reach_038_158_SA_20250905T202300_20250905T203214_PID0_01,https://archive.swot.podaac.earthdata.nasa.gov/podaac-swot-ops-cumulus-protected/SWOT_L2_HR_RiverSP_D/SWOT_L2_HR_RiverSP_Reach_038_158_SA_20250905T202300_20250905T203214_PID0_01.zip,13 exutorios dentro/intersectando a geometria do granulo.
164,RIVERSP,038,130,SA,2025-09-04T20:23:36Z,2025-09-04T20:31:02Z,8.499897003173828,13,0.0,0.0,bounding_box,SWOT_L2_HR_RiverSP_Reach_038_130_SA_20250904T202336_20250904T203102_PID0_01,https://archive.swot.podaac.earthdata.nasa.gov/podaac-swot-ops-cumulus-protected/SWOT_L2_HR_RiverSP_D/SWOT_L2_HR_RiverSP_Reach_038_130_SA_20250904T202336_20250904T203102_PID0_01.zip,13 exutorios dentro/intersectando a geometria do granulo.
165,RIVERSP,037,533,SA,2025-08-29T09:02:47Z,2025-08-29T09:12:03Z,8.211248397827148,13,0.0,0.0,bounding_box,SWOT_L2_HR_RiverSP_Reach_037_533_SA_20250829T090247_20250829T091203_PID0_01,https://archive.swot.podaac.earthdata.nasa.gov/podaac-swot-ops-cumulus-protected/SWOT_L2_HR_RiverSP_D/SWOT_L2_HR_RiverSP_Reach_037_533_SA_20250829T090247_20250829T091203_PID0_01.zip,13 exutorios dentro/intersectando a geometria do granulo.
166,RIVERSP,037,505,SA,2025-08-28T09:03:21Z,2025-08-28T09:11:11Z,5.975279808044434,13,0.0,0.0,bounding_box,SWOT_L2_HR_RiverSP_Reach_037_505_SA_20250828T090321_20250828T091111_PID0_01,https://archive.swot.podaac.earthdata.nasa.gov/podaac-swot-ops-cumulus-protected/SWOT_L2_HR_RiverSP_D/SWOT_L2_HR_RiverSP_Reach_037_505_SA_20250828T090321_20250828T091111_PID0_01.zip,13 exutorios dentro/intersectando a geometria do granulo.
167,RIVERSP,037,436,SA,2025-08-25T22:00:31Z,2025-08-25T22:08:57Z,7.953039169311523,13,0.0,0.0,bounding_box,SWOT_L2_HR_RiverSP_Reach_037_436_SA_20250825T220031_20250825T220857_PID0_01,https://archive.swot.podaac.earthdata.nasa.gov/podaac-swot-ops-cumulus-protected/SWOT_L2_HR_RiverSP_D/SWOT_L2_HR_RiverSP_Reach_037_436_SA_20250825T220031_20250825T220857_PID0_01.zip,13 exutorios dentro/intersectando a geometria do granulo.
168,RIVERSP,037,408,SA,2025-08-24T22:01:18Z,2025-08-24T22:08:08Z,6.156073570251465,13,0.0,0.0,bounding_box,SWOT_L2_HR_RiverSP_Reach_037_408_SA_20250824T220118_20250824T220808_PID0_01,https://archive.swot.podaac.earthdata.nasa.gov/podaac-swot-ops-cumulus-protected/SWOT_L2_HR_RiverSP_D/SWOT_L2_HR_RiverSP_Reach_037_408_SA_20250824T220118_20250824T220808_PID0_01.zip,13 exutorios dentro/intersectando a geometria do granulo.
169,RIVERSP,037,255,SA,2025-08-19T10:39:51Z,2025-08-19T10:49:58Z,10.732254981994629,13,0.0,0.0,bounding_box,SWOT_L2_HR_RiverSP_Reach_037_255_SA_20250819T103951_20250819T104958_PID0_01,https://archive.swot.podaac.earthdata.nasa.gov/podaac-swot-ops-cumulus-protected/SWOT_L2_HR_RiverSP_D/SWOT_L2_HR_RiverSP_Reach_037_255_SA_20250819T103951_20250819T104958_PID0_01.zip,13 exutorios dentro/intersectando a geometria do granulo.
170,RIVERSP,037,255,SA,2025-08-19T10:39:51Z,2025-08-19T10:49:58Z,10.732254981994629,13,0.0,0.0,bounding_box,SWOT_L2_HR_RiverSP_Reach_037_255_SA_20250819T103951_20250819T104958_PID0_02,https://archive.swot.podaac.earthdata.nasa.gov/podaac-swot-ops-cumulus-protected/SWOT_L2_HR_RiverSP_D/SWOT_L2_HR_RiverSP_Reach_037_255_SA_20250819T103951_20250819T104958_PID0_02.zip,13 exutorios dentro/intersectando a geometria do granulo.
171,RIVERSP,037,227,SA,2025-08-18T10:40:21Z,2025-08-18T10:49:08Z,6.574953079223633,13,0.0,0.0,bounding_box,SWOT_L2_HR_RiverSP_Reach_037_227_SA_20250818T104021_20250818T104908_PID0_01,https://archive.swot.podaac.earthdata.nasa.gov/podaac-swot-ops-cumulus-protected/SWOT_L2_HR_RiverSP_D/SWOT_L2_HR_RiverSP_Reach_037_227_SA_20250818T104021_20250818T104908_PID0_01.zip,13 exutorios dentro/intersectando a geometria do granulo.
172,RIVERSP,037,158,SA,2025-08-15T23:37:56Z,2025-08-15T23:47:09Z,8.511695861816406,13,0.0,0.0,bounding_box,SWOT_L2_HR_RiverSP_Reach_037_158_SA_20250815T233756_20250815T234709_PID0_01,https://archive.swot.podaac.earthdata.nasa.gov/podaac-swot-ops-cumulus-protected/SWOT_L2_HR_RiverSP_D/SWOT_L2_HR_RiverSP_Reach_037_158_SA_20250815T233756_20250815T234709_PID0_01.zip,13 exutorios dentro/intersectando a geometria do granulo.
173,RIVERSP,037,130,SA,2025-08-14T23:38:31Z,2025-08-14T23:45:57Z,8.499425888061523,13,0.0,0.0,bounding_box,SWOT_L2_HR_RiverSP_Reach_037_130_SA_20250814T233831_20250814T234557_PID0_01,https://archive.swot.podaac.earthdata.nasa.gov/podaac-swot-ops-cumulus-protected/SWOT_L2_HR_RiverSP_D/SWOT_L2_HR_RiverSP_Reach_037_130_SA_20250814T233831_20250814T234557_PID0_01.zip,13 exutorios dentro/intersectando a geometria do granulo.
174,RIVERSP,037,130,SA,2025-08-14T23:38:31Z,2025-08-14T23:45:57Z,8.499425888061523,13,0.0,0.0,bounding_box,SWOT_L2_HR_RiverSP_Reach_037_130_SA_20250814T233831_20250814T234557_PID0_02,https://archive.swot.podaac.earthdata.nasa.gov/podaac-swot-ops-cumulus-protected/SWOT_L2_HR_RiverSP_D/SWOT_L2_HR_RiverSP_Reach_037_130_SA_20250814T233831_20250814T234557_PID0_02.zip,13 exutorios dentro/intersectando a geometria do granulo.
175,RIVERSP,037,130,SA,2025-08-14T23:38:31Z,2025-08-14T23:45:57Z,8.499425888061523,13,0.0,0.0,bounding_box,SWOT_L2_HR_RiverSP_Reach_037_130_SA_20250814T233831_20250814T234557_PID0_03,https://archive.swot.podaac.earthdata.nasa.gov/podaac-swot-ops-cumulus-protected/SWOT_L2_HR_RiverSP_D/SWOT_L2_HR_RiverSP_Reach_037_130_SA_20250814T233831_20250814T234557_PID0_03.zip,13 exutorios dentro/intersectando a geometria do granulo.
176,RIVERSP,036,533,SA,2025-08-08T12:17:42Z,2025-08-08T12:26:57Z,8.211246490478516,13,0.0,0.0,bounding_box,SWOT_L2_HR_RiverSP_Reach_036_533_SA_20250808T121742_20250808T122657_PID0_01,https://archive.swot.podaac.earthdata.nasa.gov/podaac-swot-ops-cumulus-protected/SWOT_L2_HR_RiverSP_D/SWOT_L2_HR_RiverSP_Reach_036_533_SA_20250808T121742_20250808T122657_PID0_01.zip,13 exutorios dentro/intersectando a geometria do granulo.
177,RIVERSP,036,505,SA,2025-08-07T12:18:15Z,2025-08-07T12:26:05Z,5.975281715393066,13,0.0,0.0,bounding_box,SWOT_L2_HR_RiverSP_Reach_036_505_SA_20250807T121815_20250807T122605_PID0_01,https://archive.swot.podaac.earthdata.nasa.gov/podaac-swot-ops-cumulus-protected/SWOT_L2_HR_RiverSP_D/SWOT_L2_HR_RiverSP_Reach_036_505_SA_20250807T121815_20250807T122605_PID0_01.zip,13 exutorios dentro/intersectando a geometria do granulo.
178,RIVERSP,036,436,SA,2025-08-05T01:15:26Z,2025-08-05T01:23:52Z,10.89321517944336,13,0.0,0.0,bounding_box,SWOT_L2_HR_RiverSP_Reach_036_436_SA_20250805T011526_20250805T012352_PID0_01,https://archive.swot.podaac.earthdata.nasa.gov/podaac-swot-ops-cumulus-protected/SWOT_L2_HR_RiverSP_D/SWOT_L2_HR_RiverSP_Reach_036_436_SA_20250805T011526_20250805T012352_PID0_01.zip,13 exutorios dentro/intersectando a geometria do granulo.
179,RIVERSP,036,408,SA,2025-08-04T01:16:12Z,2025-08-04T01:23:03Z,6.156069755554199,13,0.0,0.0,bounding_box,SWOT_L2_HR_RiverSP_Reach_036_408_SA_20250804T011612_20250804T012303_PID0_01,https://archive.swot.podaac.earthdata.nasa.gov/podaac-swot-ops-cumulus-protected/SWOT_L2_HR_RiverSP_D/SWOT_L2_HR_RiverSP_Reach_036_408_SA_20250804T011612_20250804T012303_PID0_01.zip,13 exutorios dentro/intersectando a geometria do granulo.
180,RIVERSP,036,255,SA,2025-07-29T13:54:47Z,2025-07-29T14:04:54Z,10.732254981994629,13,0.0,0.0,bounding_box,SWOT_L2_HR_RiverSP_Reach_036_255_SA_20250729T135447_20250729T140454_PID0_01,https://archive.swot.podaac.earthdata.nasa.gov/podaac-swot-ops-cumulus-protected/SWOT_L2_HR_RiverSP_D/SWOT_L2_HR_RiverSP_Reach_036_255_SA_20250729T135447_20250729T140454_PID0_01.zip,13 exutorios dentro/intersectando a geometria do granulo.
181,RIVERSP,036,227,SA,2025-07-28T13:55:17Z,2025-07-28T14:04:03Z,6.592171669006348,13,0.0,0.0,bounding_box,SWOT_L2_HR_RiverSP_Reach_036_227_SA_20250728T135517_20250728T140403_PID0_01,https://archive.swot.podaac.earthdata.nasa.gov/podaac-swot-ops-cumulus-protected/SWOT_L2_HR_RiverSP_D/SWOT_L2_HR_RiverSP_Reach_036_227_SA_20250728T135517_20250728T140403_PID0_01.zip,13 exutorios dentro/intersectando a geometria do granulo.
182,RIVERSP,036,227,SA,2025-07-28T13:55:17Z,2025-07-28T14:04:03Z,6.592171669006348,13,0.0,0.0,bounding_box,SWOT_L2_HR_RiverSP_Reach_036_227_SA_20250728T135517_20250728T140403_PID0_02,https://archive.swot.podaac.earthdata.nasa.gov/podaac-swot-ops-cumulus-protected/SWOT_L2_HR_RiverSP_D/SWOT_L2_HR_RiverSP_Reach_036_227_SA_20250728T135517_20250728T140403_PID0_02.zip,13 exutorios dentro/intersectando a geometria do granulo.
183,RIVERSP,036,158,SA,2025-07-26T02:52:52Z,2025-07-26T03:02:05Z,8.511697769165039,13,0.0,0.0,bounding_box,SWOT_L2_HR_RiverSP_Reach_036_158_SA_20250726T025252_20250726T030205_PID0_01,https://archive.swot.podaac.earthdata.nasa.gov/podaac-swot-ops-cumulus-protected/SWOT_L2_HR_RiverSP_D/SWOT_L2_HR_RiverSP_Reach_036_158_SA_20250726T025252_20250726T030205_PID0_01.zip,13 exutorios dentro/intersectando a geometria do granulo.
184,RIVERSP,036,130,SA,2025-07-25T02:53:27Z,2025-07-25T03:00:54Z,8.499422073364258,13,0.0,0.0,bounding_box,SWOT_L2_HR_RiverSP_Reach_036_130_SA_20250725T025327_20250725T030054_PID0_01,https://archive.swot.podaac.earthdata.nasa.gov/podaac-swot-ops-cumulus-protected/SWOT_L2_HR_RiverSP_D/SWOT_L2_HR_RiverSP_Reach_036_130_SA_20250725T025327_20250725T030054_PID0_01.zip,13 exutorios dentro/intersectando a geometria do granulo.
185,RIVERSP,035,533,SA,2025-07-18T15:32:39Z,2025-07-18T15:41:54Z,8.211250305175781,13,0.0,0.0,bounding_box,SWOT_L2_HR_RiverSP_Reach_035_533_SA_20250718T153239_20250718T154154_PID0_01,https://archive.swot.podaac.earthdata.nasa.gov/podaac-swot-ops-cumulus-protected/SWOT_L2_HR_RiverSP_D/SWOT_L2_HR_RiverSP_Reach_035_533_SA_20250718T153239_20250718T154154_PID0_01.zip,13 exutorios dentro/intersectando a geometria do granulo.
186,RIVERSP,035,505,SA,2025-07-17T15:33:12Z,2025-07-17T15:41:02Z,5.975275039672852,13,0.0,0.0,bounding_box,SWOT_L2_HR_RiverSP_Reach_035_505_SA_20250717T153312_20250717T154102_PID0_01,https://archive.swot.podaac.earthdata.nasa.gov/podaac-swot-ops-cumulus-protected/SWOT_L2_HR_RiverSP_D/SWOT_L2_HR_RiverSP_Reach_035_505_SA_20250717T153312_20250717T154102_PID0_01.zip,13 exutorios dentro/intersectando a geometria do granulo.
187,RIVERSP,035,436,SA,2025-07-15T04:30:23Z,2025-07-15T04:38:48Z,10.493494033813477,13,0.0,0.0,bounding_box,SWOT_L2_HR_RiverSP_Reach_035_436_SA_20250715T043023_20250715T043848_PID0_01,https://archive.swot.podaac.earthdata.nasa.gov/podaac-swot-ops-cumulus-protected/SWOT_L2_HR_RiverSP_D/SWOT_L2_HR_RiverSP_Reach_035_436_SA_20250715T043023_20250715T043848_PID0_01.zip,13 exutorios dentro/intersectando a geometria do granulo.
188,RIVERSP,035,408,SA,2025-07-14T04:31:09Z,2025-07-14T04:37:59Z,6.156075477600098,13,0.0,0.0,bounding_box,SWOT_L2_HR_RiverSP_Reach_035_408_SA_20250714T043109_20250714T043759_PID0_01,https://archive.swot.podaac.earthdata.nasa.gov/podaac-swot-ops-cumulus-protected/SWOT_L2_HR_RiverSP_D/SWOT_L2_HR_RiverSP_Reach_035_408_SA_20250714T043109_20250714T043759_PID0_01.zip,13 exutorios dentro/intersectando a geometria do granulo.
189,RIVERSP,035,255,SA,2025-07-08T17:09:42Z,2025-07-08T17:19:49Z,10.732255935668945,13,0.0,0.0,bounding_box,SWOT_L2_HR_RiverSP_Reach_035_255_SA_20250708T170942_20250708T171949_PID0_01,https://archive.swot.podaac.earthdata.nasa.gov/podaac-swot-ops-cumulus-protected/SWOT_L2_HR_RiverSP_D/SWOT_L2_HR_RiverSP_Reach_035_255_SA_20250708T170942_20250708T171949_PID0_01.zip,13 exutorios dentro/intersectando a geometria do granulo.
190,RIVERSP,035,227,SA,2025-07-07T17:10:12Z,2025-07-07T17:18:59Z,6.592168807983398,13,0.0,0.0,bounding_box,SWOT_L2_HR_RiverSP_Reach_035_227_SA_20250707T171012_20250707T171859_PID0_01,https://archive.swot.podaac.earthdata.nasa.gov/podaac-swot-ops-cumulus-protected/SWOT_L2_HR_RiverSP_D/SWOT_L2_HR_RiverSP_Reach_035_227_SA_20250707T171012_20250707T171859_PID0_01.zip,13 exutorios dentro/intersectando a geometria do granulo.
191,RIVERSP,035,158,SA,2025-07-05T06:07:47Z,2025-07-05T06:17:00Z,8.511693954467773,13,0.0,0.0,bounding_box,SWOT_L2_HR_RiverSP_Reach_035_158_SA_20250705T060747_20250705T061700_PID0_01,https://archive.swot.podaac.earthdata.nasa.gov/podaac-swot-ops-cumulus-protected/SWOT_L2_HR_RiverSP_D/SWOT_L2_HR_RiverSP_Reach_035_158_SA_20250705T060747_20250705T061700_PID0_01.zip,13 exutorios dentro/intersectando a geometria do granulo.
192,RIVERSP,035,130,SA,2025-07-04T06:08:22Z,2025-07-04T06:15:48Z,8.499418258666992,13,0.0,0.0,bounding_box,SWOT_L2_HR_RiverSP_Reach_035_130_SA_20250704T060822_20250704T061548_PID0_01,https://archive.swot.podaac.earthdata.nasa.gov/podaac-swot-ops-cumulus-protected/SWOT_L2_HR_RiverSP_D/SWOT_L2_HR_RiverSP_Reach_035_130_SA_20250704T060822_20250704T061548_PID0_01.zip,13 exutorios dentro/intersectando a geometria do granulo.
193,RIVERSP,034,533,SA,2025-06-27T18:47:33Z,2025-06-27T18:56:48Z,8.211249351501465,13,0.0,0.0,bounding_box,SWOT_L2_HR_RiverSP_Reach_034_533_SA_20250627T184733_20250627T185648_PID0_01,https://archive.swot.podaac.earthdata.nasa.gov/podaac-swot-ops-cumulus-protected/SWOT_L2_HR_RiverSP_D/SWOT_L2_HR_RiverSP_Reach_034_533_SA_20250627T184733_20250627T185648_PID0_01.zip,13 exutorios dentro/intersectando a geometria do granulo.
194,RIVERSP,034,505,SA,2025-06-26T18:48:06Z,2025-06-26T18:55:56Z,5.975277900695801,13,0.0,0.0,bounding_box,SWOT_L2_HR_RiverSP_Reach_034_505_SA_20250626T184806_20250626T185556_PID0_01,https://archive.swot.podaac.earthdata.nasa.gov/podaac-swot-ops-cumulus-protected/SWOT_L2_HR_RiverSP_D/SWOT_L2_HR_RiverSP_Reach_034_505_SA_20250626T184806_20250626T185556_PID0_01.zip,13 exutorios dentro/intersectando a geometria do granulo.
195,RIVERSP,034,436,SA,2025-06-24T07:45:16Z,2025-06-24T07:53:42Z,10.49349594116211,13,0.0,0.0,bounding_box,SWOT_L2_HR_RiverSP_Reach_034_436_SA_20250624T074516_20250624T075342_PID0_01,https://archive.swot.podaac.earthdata.nasa.gov/podaac-swot-ops-cumulus-protected/SWOT_L2_HR_RiverSP_D/SWOT_L2_HR_RiverSP_Reach_034_436_SA_20250624T074516_20250624T075342_PID0_01.zip,13 exutorios dentro/intersectando a geometria do granulo.
196,RIVERSP,034,408,SA,2025-06-23T07:46:02Z,2025-06-23T07:52:53Z,6.156069755554199,13,0.0,0.0,bounding_box,SWOT_L2_HR_RiverSP_Reach_034_408_SA_20250623T074602_20250623T075253_PID0_01,https://archive.swot.podaac.earthdata.nasa.gov/podaac-swot-ops-cumulus-protected/SWOT_L2_HR_RiverSP_D/SWOT_L2_HR_RiverSP_Reach_034_408_SA_20250623T074602_20250623T075253_PID0_01.zip,13 exutorios dentro/intersectando a geometria do granulo.
197,RIVERSP,034,255,SA,2025-06-17T20:24:35Z,2025-06-17T20:34:42Z,10.73225212097168,13,0.0,0.0,bounding_box,SWOT_L2_HR_RiverSP_Reach_034_255_SA_20250617T202435_20250617T203442_PID0_01,https://archive.swot.podaac.earthdata.nasa.gov/podaac-swot-ops-cumulus-protected/SWOT_L2_HR_RiverSP_D/SWOT_L2_HR_RiverSP_Reach_034_255_SA_20250617T202435_20250617T203442_PID0_01.zip,13 exutorios dentro/intersectando a geometria do granulo.
198,RIVERSP,034,227,SA,2025-06-16T20:25:05Z,2025-06-16T20:33:51Z,6.568460464477539,13,0.0,0.0,bounding_box,SWOT_L2_HR_RiverSP_Reach_034_227_SA_20250616T202505_20250616T203351_PID0_01,https://archive.swot.podaac.earthdata.nasa.gov/podaac-swot-ops-cumulus-protected/SWOT_L2_HR_RiverSP_D/SWOT_L2_HR_RiverSP_Reach_034_227_SA_20250616T202505_20250616T203351_PID0_01.zip,13 exutorios dentro/intersectando a geometria do granulo.
199,RIVERSP,034,158,SA,2025-06-14T09:22:40Z,2025-06-14T09:31:53Z,8.511693000793457,13,0.0,0.0,bounding_box,SWOT_L2_HR_RiverSP_Reach_034_158_SA_20250614T092240_20250614T093153_PID0_01,https://archive.swot.podaac.earthdata.nasa.gov/podaac-swot-ops-cumulus-protected/SWOT_L2_HR_RiverSP_D/SWOT_L2_HR_RiverSP_Reach_034_158_SA_20250614T092240_20250614T093153_PID0_01.zip,13 exutorios dentro/intersectando a geometria do granulo.
200,RIVERSP,034,130,SA,2025-06-13T09:23:15Z,2025-06-13T09:30:42Z,8.499424934387207,13,0.0,0.0,bounding_box,SWOT_L2_HR_RiverSP_Reach_034_130_SA_20250613T092315_20250613T093042_PID0_01,https://archive.swot.podaac.earthdata.nasa.gov/podaac-swot-ops-cumulus-protected/SWOT_L2_HR_RiverSP_D/SWOT_L2_HR_RiverSP_Reach_034_130_SA_20250613T092315_20250613T093042_PID0_01.zip,13 exutorios dentro/intersectando a geometria do granulo.
201,RIVERSP,033,533,SA,2025-06-06T22:02:27Z,2025-06-06T22:11:43Z,8.211247444152832,13,0.0,0.0,bounding_box,SWOT_L2_HR_RiverSP_Reach_033_533_SA_20250606T220227_20250606T221143_PID0_01,https://archive.swot.podaac.earthdata.nasa.gov/podaac-swot-ops-cumulus-protected/SWOT_L2_HR_RiverSP_D/SWOT_L2_HR_RiverSP_Reach_033_533_SA_20250606T220227_20250606T221143_PID0_01.zip,13 exutorios dentro/intersectando a geometria do granulo.
202,RIVERSP,033,505,SA,2025-06-05T22:03:01Z,2025-06-05T22:10:51Z,5.975277900695801,13,0.0,0.0,bounding_box,SWOT_L2_HR_RiverSP_Reach_033_505_SA_20250605T220301_20250605T221051_PID0_01,https://archive.swot.podaac.earthdata.nasa.gov/podaac-swot-ops-cumulus-protected/SWOT_L2_HR_RiverSP_D/SWOT_L2_HR_RiverSP_Reach_033_505_SA_20250605T220301_20250605T221051_PID0_01.zip,13 exutorios dentro/intersectando a geometria do granulo.
203,RIVERSP,033,436,SA,2025-06-03T11:00:11Z,2025-06-03T11:08:37Z,10.493494987487793,13,0.0,0.0,bounding_box,SWOT_L2_HR_RiverSP_Reach_033_436_SA_20250603T110011_20250603T110837_PID0_01,https://archive.swot.podaac.earthdata.nasa.gov/podaac-swot-ops-cumulus-protected/SWOT_L2_HR_RiverSP_D/SWOT_L2_HR_RiverSP_Reach_033_436_SA_20250603T110011_20250603T110837_PID0_01.zip,13 exutorios dentro/intersectando a geometria do granulo.
204,RIVERSP,033,436,SA,2025-06-03T11:00:11Z,2025-06-03T11:08:37Z,10.493494987487793,13,0.0,0.0,bounding_box,SWOT_L2_HR_RiverSP_Reach_033_436_SA_20250603T110011_20250603T110837_PID0_02,https://archive.swot.podaac.earthdata.nasa.gov/podaac-swot-ops-cumulus-protected/SWOT_L2_HR_RiverSP_D/SWOT_L2_HR_RiverSP_Reach_033_436_SA_20250603T110011_20250603T110837_PID0_02.zip,13 exutorios dentro/intersectando a geometria do granulo.
205,RIVERSP,033,408,SA,2025-06-02T11:00:58Z,2025-06-02T11:07:48Z,6.156072616577148,13,0.0,0.0,bounding_box,SWOT_L2_HR_RiverSP_Reach_033_408_SA_20250602T110058_20250602T110748_PID0_01,https://archive.swot.podaac.earthdata.nasa.gov/podaac-swot-ops-cumulus-protected/SWOT_L2_HR_RiverSP_D/SWOT_L2_HR_RiverSP_Reach_033_408_SA_20250602T110058_20250602T110748_PID0_01.zip,13 exutorios dentro/intersectando a geometria do granulo.
206,RIVERSP,033,255,SA,2025-05-27T23:39:31Z,2025-05-27T23:49:38Z,10.73225212097168,13,0.0,0.0,bounding_box,SWOT_L2_HR_RiverSP_Reach_033_255_SA_20250527T233931_20250527T234938_PID0_01,https://archive.swot.podaac.earthdata.nasa.gov/podaac-swot-ops-cumulus-protected/SWOT_L2_HR_RiverSP_D/SWOT_L2_HR_RiverSP_Reach_033_255_SA_20250527T233931_20250527T234938_PID0_01.zip,13 exutorios dentro/intersectando a geometria do granulo.
207,RIVERSP,033,227,SA,2025-05-26T23:40:01Z,2025-05-26T23:48:48Z,6.574948310852051,13,0.0,0.0,bounding_box,SWOT_L2_HR_RiverSP_Reach_033_227_SA_20250526T234001_20250526T234848_PID0_01,https://archive.swot.podaac.earthdata.nasa.gov/podaac-swot-ops-cumulus-protected/SWOT_L2_HR_RiverSP_D/SWOT_L2_HR_RiverSP_Reach_033_227_SA_20250526T234001_20250526T234848_PID0_01.zip,13 exutorios dentro/intersectando a geometria do granulo.
208,RIVERSP,033,158,SA,2025-05-24T12:37:36Z,2025-05-24T12:46:49Z,8.51169204711914,13,0.0,0.0,bounding_box,SWOT_L2_HR_RiverSP_Reach_033_158_SA_20250524T123736_20250524T124649_PID0_01,https://archive.swot.podaac.earthdata.nasa.gov/podaac-swot-ops-cumulus-protected/SWOT_L2_HR_RiverSP_D/SWOT_L2_HR_RiverSP_Reach_033_158_SA_20250524T123736_20250524T124649_PID0_01.zip,13 exutorios dentro/intersectando a geometria do granulo.
209,RIVERSP,033,130,SA,2025-05-23T12:38:11Z,2025-05-23T12:45:38Z,8.49942398071289,13,0.0,0.0,bounding_box,SWOT_L2_HR_RiverSP_Reach_033_130_SA_20250523T123811_20250523T124538_PID0_01,https://archive.swot.podaac.earthdata.nasa.gov/podaac-swot-ops-cumulus-protected/SWOT_L2_HR_RiverSP_D/SWOT_L2_HR_RiverSP_Reach_033_130_SA_20250523T123811_20250523T124538_PID0_01.zip,13 exutorios dentro/intersectando a geometria do granulo.
210,RIVERSP,032,533,SA,2025-05-17T01:17:21Z,2025-05-17T01:26:37Z,8.211248397827148,13,0.0,0.0,bounding_box,SWOT_L2_HR_RiverSP_Reach_032_533_SA_20250517T011721_20250517T012637_PID0_01,https://archive.swot.podaac.earthdata.nasa.gov/podaac-swot-ops-cumulus-protected/SWOT_L2_HR_RiverSP_D/SWOT_L2_HR_RiverSP_Reach_032_533_SA_20250517T011721_20250517T012637_PID0_01.zip,13 exutorios dentro/intersectando a geometria do granulo.
211,RIVERSP,032,533,SA,2025-05-17T01:17:21Z,2025-05-17T01:26:37Z,8.211251258850098,13,0.0,0.0,bounding_box,SWOT_L2_HR_RiverSP_Reach_032_533_SA_20250517T011721_20250517T012637_PGD0_01,https://archive.swot.podaac.earthdata.nasa.gov/podaac-swot-ops-cumulus-protected/SWOT_L2_HR_RiverSP_D/SWOT_L2_HR_RiverSP_Reach_032_533_SA_20250517T011721_20250517T012637_PGD0_01.zip,13 exutorios dentro/intersectando a geometria do granulo.
212,RIVERSP,032,505,SA,2025-05-16T01:17:55Z,2025-05-16T01:25:45Z,5.975281715393066,13,0.0,0.0,bounding_box,SWOT_L2_HR_RiverSP_Reach_032_505_SA_20250516T011755_20250516T012545_PID0_01,https://archive.swot.podaac.earthdata.nasa.gov/podaac-swot-ops-cumulus-protected/SWOT_L2_HR_RiverSP_D/SWOT_L2_HR_RiverSP_Reach_032_505_SA_20250516T011755_20250516T012545_PID0_01.zip,13 exutorios dentro/intersectando a geometria do granulo.
213,RIVERSP,032,505,SA,2025-05-16T01:17:55Z,2025-05-16T01:25:45Z,5.975275993347168,13,0.0,0.0,bounding_box,SWOT_L2_HR_RiverSP_Reach_032_505_SA_20250516T011755_20250516T012545_PGD0_01,https://archive.swot.podaac.earthdata.nasa.gov/podaac-swot-ops-cumulus-protected/SWOT_L2_HR_RiverSP_D/SWOT_L2_HR_RiverSP_Reach_032_505_SA_20250516T011755_20250516T012545_PGD0_01.zip,13 exutorios dentro/intersectando a geometria do granulo.
214,RIVERSP,032,436,SA,2025-05-13T14:15:05Z,2025-05-13T14:23:31Z,10.493492126464844,13,0.0,0.0,bounding_box,SWOT_L2_HR_RiverSP_Reach_032_436_SA_20250513T141505_20250513T142331_PID0_01,https://archive.swot.podaac.earthdata.nasa.gov/podaac-swot-ops-cumulus-protected/SWOT_L2_HR_RiverSP_D/SWOT_L2_HR_RiverSP_Reach_032_436_SA_20250513T141505_20250513T142331_PID0_01.zip,13 exutorios dentro/intersectando a geometria do granulo.
215,RIVERSP,032,436,SA,2025-05-13T14:15:05Z,2025-05-13T14:23:31Z,10.493492126464844,13,0.0,0.0,bounding_box,SWOT_L2_HR_RiverSP_Reach_032_436_SA_20250513T141505_20250513T142331_PID0_02,https://archive.swot.podaac.earthdata.nasa.gov/podaac-swot-ops-cumulus-protected/SWOT_L2_HR_RiverSP_D/SWOT_L2_HR_RiverSP_Reach_032_436_SA_20250513T141505_20250513T142331_PID0_02.zip,13 exutorios dentro/intersectando a geometria do granulo.
216,RIVERSP,032,436,SA,2025-05-13T14:15:05Z,2025-05-13T14:23:31Z,10.493492126464844,13,0.0,0.0,bounding_box,SWOT_L2_HR_RiverSP_Reach_032_436_SA_20250513T141505_20250513T142331_PID0_03,https://archive.swot.podaac.earthdata.nasa.gov/podaac-swot-ops-cumulus-protected/SWOT_L2_HR_RiverSP_D/SWOT_L2_HR_RiverSP_Reach_032_436_SA_20250513T141505_20250513T142331_PID0_03.zip,13 exutorios dentro/intersectando a geometria do granulo.
217,RIVERSP,032,436,SA,2025-05-13T14:15:05Z,2025-05-13T14:23:31Z,10.493492126464844,13,0.0,0.0,bounding_box,SWOT_L2_HR_RiverSP_Reach_032_436_SA_20250513T141505_20250513T142331_PID0_04,https://archive.swot.podaac.earthdata.nasa.gov/podaac-swot-ops-cumulus-protected/SWOT_L2_HR_RiverSP_D/SWOT_L2_HR_RiverSP_Reach_032_436_SA_20250513T141505_20250513T142331_PID0_04.zip,13 exutorios dentro/intersectando a geometria do granulo.
218,RIVERSP,032,436,SA,2025-05-13T14:15:05Z,2025-05-13T14:23:31Z,10.89321231842041,13,0.0,0.0,bounding_box,SWOT_L2_HR_RiverSP_Reach_032_436_SA_20250513T141505_20250513T142331_PGD0_01,https://archive.swot.podaac.earthdata.nasa.gov/podaac-swot-ops-cumulus-protected/SWOT_L2_HR_RiverSP_D/SWOT_L2_HR_RiverSP_Reach_032_436_SA_20250513T141505_20250513T142331_PGD0_01.zip,13 exutorios dentro/intersectando a geometria do granulo.
219,RIVERSP,032,408,SA,2025-05-12T14:15:51Z,2025-05-12T14:22:41Z,6.156071662902832,13,0.0,0.0,bounding_box,SWOT_L2_HR_RiverSP_Reach_032_408_SA_20250512T141551_20250512T142241_PID0_01,https://archive.swot.podaac.earthdata.nasa.gov/podaac-swot-ops-cumulus-protected/SWOT_L2_HR_RiverSP_D/SWOT_L2_HR_RiverSP_Reach_032_408_SA_20250512T141551_20250512T142241_PID0_01.zip,13 exutorios dentro/intersectando a geometria do granulo.
220,RIVERSP,032,408,SA,2025-05-12T14:15:51Z,2025-05-12T14:22:41Z,6.156075477600098,13,0.0,0.0,bounding_box,SWOT_L2_HR_RiverSP_Reach_032_408_SA_20250512T141551_20250512T142241_PGD0_01,https://archive.swot.podaac.earthdata.nasa.gov/podaac-swot-ops-cumulus-protected/SWOT_L2_HR_RiverSP_D/SWOT_L2_HR_RiverSP_Reach_032_408_SA_20250512T141551_20250512T142241_PGD0_01.zip,13 exutorios dentro/intersectando a geometria do granulo.
221,RIVERSP,032,255,SA,2025-05-07T02:54:24Z,2025-05-07T03:04:31Z,10.732251167297363,13,0.0,0.0,bounding_box,SWOT_L2_HR_RiverSP_Reach_032_255_SA_20250507T025424_20250507T030431_PID0_03,https://archive.swot.podaac.earthdata.nasa.gov/podaac-swot-ops-cumulus-protected/SWOT_L2_HR_RiverSP_D/SWOT_L2_HR_RiverSP_Reach_032_255_SA_20250507T025424_20250507T030431_PID0_03.zip,13 exutorios dentro/intersectando a geometria do granulo.
222,RIVERSP,032,255,SA,2025-05-07T02:54:24Z,2025-05-07T03:04:31Z,10.732257843017578,13,0.0,0.0,bounding_box,SWOT_L2_HR_RiverSP_Reach_032_255_SA_20250507T025424_20250507T030431_PGD0_01,https://archive.swot.podaac.earthdata.nasa.gov/podaac-swot-ops-cumulus-protected/SWOT_L2_HR_RiverSP_D/SWOT_L2_HR_RiverSP_Reach_032_255_SA_20250507T025424_20250507T030431_PGD0_01.zip,13 exutorios dentro/intersectando a geometria do granulo.
223,RIVERSP,032,227,SA,2025-05-06T02:54:55Z,2025-05-06T03:03:41Z,6.574950218200684,13,0.0,0.0,bounding_box,SWOT_L2_HR_RiverSP_Reach_032_227_SA_20250506T025455_20250506T030341_PID0_03,https://archive.swot.podaac.earthdata.nasa.gov/podaac-swot-ops-cumulus-protected/SWOT_L2_HR_RiverSP_D/SWOT_L2_HR_RiverSP_Reach_032_227_SA_20250506T025455_20250506T030341_PID0_03.zip,13 exutorios dentro/intersectando a geometria do granulo.
224,RIVERSP,032,227,SA,2025-05-06T02:54:55Z,2025-05-06T03:03:41Z,6.574950218200684,13,0.0,0.0,bounding_box,SWOT_L2_HR_RiverSP_Reach_032_227_SA_20250506T025455_20250506T030341_PGD0_01,https://archive.swot.podaac.earthdata.nasa.gov/podaac-swot-ops-cumulus-protected/SWOT_L2_HR_RiverSP_D/SWOT_L2_HR_RiverSP_Reach_032_227_SA_20250506T025455_20250506T030341_PGD0_01.zip,13 exutorios dentro/intersectando a geometria do granulo.
225,RIVERSP,032,158,SA,2025-05-03T15:52:30Z,2025-05-03T16:01:44Z,8.552698135375977,13,0.0,0.0,bounding_box,SWOT_L2_HR_RiverSP_Reach_032_158_SA_20250503T155230_20250503T160144_PIC2_01,https://archive.swot.podaac.earthdata.nasa.gov/podaac-swot-ops-cumulus-protected/SWOT_L2_HR_RiverSP_D/SWOT_L2_HR_RiverSP_Reach_032_158_SA_20250503T155230_20250503T160144_PIC2_01.zip,13 exutorios dentro/intersectando a geometria do granulo.
226,RIVERSP,032,158,SA,2025-05-03T15:52:30Z,2025-05-03T16:01:44Z,8.51169204711914,13,0.0,0.0,bounding_box,SWOT_L2_HR_RiverSP_Reach_032_158_SA_20250503T155230_20250503T160144_PGD0_01,https://archive.swot.podaac.earthdata.nasa.gov/podaac-swot-ops-cumulus-protected/SWOT_L2_HR_RiverSP_D/SWOT_L2_HR_RiverSP_Reach_032_158_SA_20250503T155230_20250503T160144_PGD0_01.zip,13 exutorios dentro/intersectando a geometria do granulo.
227,RIVERSP,032,130,SA,2025-05-02T15:53:06Z,2025-05-02T16:00:32Z,8.499896049499512,13,0.0,0.0,bounding_box,SWOT_L2_HR_RiverSP_Reach_032_130_SA_20250502T155306_20250502T160032_PGD0_01,https://archive.swot.podaac.earthdata.nasa.gov/podaac-swot-ops-cumulus-protected/SWOT_L2_HR_RiverSP_D/SWOT_L2_HR_RiverSP_Reach_032_130_SA_20250502T155306_20250502T160032_PGD0_01.zip,13 exutorios dentro/intersectando a geometria do granulo.
228,RIVERSP,031,533,SA,2025-04-26T04:32:18Z,2025-04-26T04:41:33Z,8.211248397827148,13,0.0,0.0,bounding_box,SWOT_L2_HR_RiverSP_Reach_031_533_SA_20250426T043218_20250426T044133_PGD0_01,https://archive.swot.podaac.earthdata.nasa.gov/podaac-swot-ops-cumulus-protected/SWOT_L2_HR_RiverSP_D/SWOT_L2_HR_RiverSP_Reach_031_533_SA_20250426T043218_20250426T044133_PGD0_01.zip,13 exutorios dentro/intersectando a geometria do granulo.
229,RIVERSP,031,505,SA,2025-04-25T04:32:51Z,2025-04-25T04:40:41Z,5.97528076171875,13,0.0,0.0,bounding_box,SWOT_L2_HR_RiverSP_Reach_031_505_SA_20250425T043251_20250425T044041_PGD0_01,https://archive.swot.podaac.earthdata.nasa.gov/podaac-swot-ops-cumulus-protected/SWOT_L2_HR_RiverSP_D/SWOT_L2_HR_RiverSP_Reach_031_505_SA_20250425T043251_20250425T044041_PGD0_01.zip,13 exutorios dentro/intersectando a geometria do granulo.
230,RIVERSP,031,436,SA,2025-04-22T17:30:02Z,2025-04-22T17:38:28Z,10.893767356872559,13,0.0,0.0,bounding_box,SWOT_L2_HR_RiverSP_Reach_031_436_SA_20250422T173002_20250422T173828_PGD0_01,https://archive.swot.podaac.earthdata.nasa.gov/podaac-swot-ops-cumulus-protected/SWOT_L2_HR_RiverSP_D/SWOT_L2_HR_RiverSP_Reach_031_436_SA_20250422T173002_20250422T173828_PGD0_01.zip,13 exutorios dentro/intersectando a geometria do granulo.
231,RIVERSP,031,408,SA,2025-04-21T17:30:48Z,2025-04-21T17:37:39Z,6.156834602355957,13,0.0,0.0,bounding_box,SWOT_L2_HR_RiverSP_Reach_031_408_SA_20250421T173048_20250421T173739_PGD0_01,https://archive.swot.podaac.earthdata.nasa.gov/podaac-swot-ops-cumulus-protected/SWOT_L2_HR_RiverSP_D/SWOT_L2_HR_RiverSP_Reach_031_408_SA_20250421T173048_20250421T173739_PGD0_01.zip,13 exutorios dentro/intersectando a geometria do granulo.
232,RIVERSP,031,255,SA,2025-04-16T06:09:21Z,2025-04-16T06:19:28Z,10.732534408569336,13,0.0,0.0,bounding_box,SWOT_L2_HR_RiverSP_Reach_031_255_SA_20250416T060921_20250416T061928_PGD0_01,https://archive.swot.podaac.earthdata.nasa.gov/podaac-swot-ops-cumulus-protected/SWOT_L2_HR_RiverSP_D/SWOT_L2_HR_RiverSP_Reach_031_255_SA_20250416T060921_20250416T061928_PGD0_01.zip,13 exutorios dentro/intersectando a geometria do granulo.
233,RIVERSP,031,227,SA,2025-04-15T06:09:52Z,2025-04-15T06:18:38Z,6.6119537353515625,13,0.0,0.0,bounding_box,SWOT_L2_HR_RiverSP_Reach_031_227_SA_20250415T060952_20250415T061838_PGD0_01,https://archive.swot.podaac.earthdata.nasa.gov/podaac-swot-ops-cumulus-protected/SWOT_L2_HR_RiverSP_D/SWOT_L2_HR_RiverSP_Reach_031_227_SA_20250415T060952_20250415T061838_PGD0_01.zip,13 exutorios dentro/intersectando a geometria do granulo.
234,RIVERSP,031,158,SA,2025-04-12T19:07:26Z,2025-04-12T19:16:39Z,8.512113571166992,13,0.0,0.0,bounding_box,SWOT_L2_HR_RiverSP_Reach_031_158_SA_20250412T190726_20250412T191639_PGD0_01,https://archive.swot.podaac.earthdata.nasa.gov/podaac-swot-ops-cumulus-protected/SWOT_L2_HR_RiverSP_D/SWOT_L2_HR_RiverSP_Reach_031_158_SA_20250412T190726_20250412T191639_PGD0_01.zip,13 exutorios dentro/intersectando a geometria do granulo.
235,RIVERSP,031,130,SA,2025-04-11T19:08:01Z,2025-04-11T19:15:28Z,8.500603675842285,13,0.0,0.0,bounding_box,SWOT_L2_HR_RiverSP_Reach_031_130_SA_20250411T190801_20250411T191528_PGD0_01,https://archive.swot.podaac.earthdata.nasa.gov/podaac-swot-ops-cumulus-protected/SWOT_L2_HR_RiverSP_D/SWOT_L2_HR_RiverSP_Reach_031_130_SA_20250411T190801_20250411T191528_PGD0_01.zip,13 exutorios dentro/intersectando a geometria do granulo.
236,RIVERSP,030,533,SA,2025-04-05T07:47:11Z,2025-04-05T07:56:27Z,8.211246490478516,13,0.0,0.0,bounding_box,SWOT_L2_HR_RiverSP_Reach_030_533_SA_20250405T074711_20250405T075627_PGD0_01,https://archive.swot.podaac.earthdata.nasa.gov/podaac-swot-ops-cumulus-protected/SWOT_L2_HR_RiverSP_D/SWOT_L2_HR_RiverSP_Reach_030_533_SA_20250405T074711_20250405T075627_PGD0_01.zip,13 exutorios dentro/intersectando a geometria do granulo.
237,RIVERSP,030,505,SA,2025-04-04T07:47:45Z,2025-04-04T07:55:34Z,5.97528076171875,13,0.0,0.0,bounding_box,SWOT_L2_HR_RiverSP_Reach_030_505_SA_20250404T074745_20250404T075534_PGD0_01,https://archive.swot.podaac.earthdata.nasa.gov/podaac-swot-ops-cumulus-protected/SWOT_L2_HR_RiverSP_D/SWOT_L2_HR_RiverSP_Reach_030_505_SA_20250404T074745_20250404T075534_PGD0_01.zip,13 exutorios dentro/intersectando a geometria do granulo.
238,RIVERSP,030,436,SA,2025-04-01T20:44:55Z,2025-04-01T20:53:21Z,10.893207550048828,13,0.0,0.0,bounding_box,SWOT_L2_HR_RiverSP_Reach_030_436_SA_20250401T204455_20250401T205321_PGD0_01,https://archive.swot.podaac.earthdata.nasa.gov/podaac-swot-ops-cumulus-protected/SWOT_L2_HR_RiverSP_D/SWOT_L2_HR_RiverSP_Reach_030_436_SA_20250401T204455_20250401T205321_PGD0_01.zip,13 exutorios dentro/intersectando a geometria do granulo.
239,RIVERSP,030,408,SA,2025-03-31T20:45:42Z,2025-03-31T20:52:32Z,6.151080131530762,13,0.0,0.0,bounding_box,SWOT_L2_HR_RiverSP_Reach_030_408_SA_20250331T204542_20250331T205232_PGD0_01,https://archive.swot.podaac.earthdata.nasa.gov/podaac-swot-ops-cumulus-protected/SWOT_L2_HR_RiverSP_D/SWOT_L2_HR_RiverSP_Reach_030_408_SA_20250331T204542_20250331T205232_PGD0_01.zip,13 exutorios dentro/intersectando a geometria do granulo.
240,RIVERSP,030,255,SA,2025-03-26T09:24:17Z,2025-03-26T09:34:24Z,10.732254028320312,13,0.0,0.0,bounding_box,SWOT_L2_HR_RiverSP_Reach_030_255_SA_20250326T092417_20250326T093424_PGD0_01,https://archive.swot.podaac.earthdata.nasa.gov/podaac-swot-ops-cumulus-protected/SWOT_L2_HR_RiverSP_D/SWOT_L2_HR_RiverSP_Reach_030_255_SA_20250326T092417_20250326T093424_PGD0_01.zip,13 exutorios dentro/intersectando a geometria do granulo.
241,RIVERSP,030,227,SA,2025-03-25T09:24:47Z,2025-03-25T09:33:33Z,6.592166900634766,13,0.0,0.0,bounding_box,SWOT_L2_HR_RiverSP_Reach_030_227_SA_20250325T092447_20250325T093333_PGD0_01,https://archive.swot.podaac.earthdata.nasa.gov/podaac-swot-ops-cumulus-protected/SWOT_L2_HR_RiverSP_D/SWOT_L2_HR_RiverSP_Reach_030_227_SA_20250325T092447_20250325T093333_PGD0_01.zip,13 exutorios dentro/intersectando a geometria do granulo.
242,RIVERSP,030,158,SA,2025-03-22T22:22:22Z,2025-03-22T22:31:35Z,8.511690139770508,13,0.0,0.0,bounding_box,SWOT_L2_HR_RiverSP_Reach_030_158_SA_20250322T222222_20250322T223135_PGD0_01,https://archive.swot.podaac.earthdata.nasa.gov/podaac-swot-ops-cumulus-protected/SWOT_L2_HR_RiverSP_D/SWOT_L2_HR_RiverSP_Reach_030_158_SA_20250322T222222_20250322T223135_PGD0_01.zip,13 exutorios dentro/intersectando a geometria do granulo.
243,RIVERSP,030,130,SA,2025-03-21T22:22:57Z,2025-03-21T22:30:24Z,8.499419212341309,13,0.0,0.0,bounding_box,SWOT_L2_HR_RiverSP_Reach_030_130_SA_20250321T222257_20250321T223024_PGD0_01,https://archive.swot.podaac.earthdata.nasa.gov/podaac-swot-ops-cumulus-protected/SWOT_L2_HR_RiverSP_D/SWOT_L2_HR_RiverSP_Reach_030_130_SA_20250321T222257_20250321T223024_PGD0_01.zip,13 exutorios dentro/intersectando a geometria do granulo.
244,RIVERSP,029,533,SA,2025-03-15T11:02:08Z,2025-03-15T11:11:24Z,8.211251258850098,13,0.0,0.0,bounding_box,SWOT_L2_HR_RiverSP_Reach_029_533_SA_20250315T110208_20250315T111124_PGD0_01,https://archive.swot.podaac.earthdata.nasa.gov/podaac-swot-ops-cumulus-protected/SWOT_L2_HR_RiverSP_D/SWOT_L2_HR_RiverSP_Reach_029_533_SA_20250315T110208_20250315T111124_PGD0_01.zip,13 exutorios dentro/intersectando a geometria do granulo.
245,RIVERSP,029,505,SA,2025-03-14T11:02:42Z,2025-03-14T11:10:31Z,5.97528076171875,13,0.0,0.0,bounding_box,SWOT_L2_HR_RiverSP_Reach_029_505_SA_20250314T110242_20250314T111031_PGD0_01,https://archive.swot.podaac.earthdata.nasa.gov/podaac-swot-ops-cumulus-protected/SWOT_L2_HR_RiverSP_D/SWOT_L2_HR_RiverSP_Reach_029_505_SA_20250314T110242_20250314T111031_PGD0_01.zip,13 exutorios dentro/intersectando a geometria do granulo.
246,RIVERSP,029,436,SA,2025-03-11T23:59:51Z,2025-03-12T00:08:17Z,10.893210411071777,13,0.0,0.0,bounding_box,SWOT_L2_HR_RiverSP_Reach_029_436_SA_20250311T235951_20250312T000817_PGD0_01,https://archive.swot.podaac.earthdata.nasa.gov/podaac-swot-ops-cumulus-protected/SWOT_L2_HR_RiverSP_D/SWOT_L2_HR_RiverSP_Reach_029_436_SA_20250311T235951_20250312T000817_PGD0_01.zip,13 exutorios dentro/intersectando a geometria do granulo.
247,RIVERSP,029,408,SA,2025-03-11T00:00:37Z,2025-03-11T00:07:28Z,6.156073570251465,13,0.0,0.0,bounding_box,SWOT_L2_HR_RiverSP_Reach_029_408_SA_20250311T000037_20250311T000728_PGD0_01,https://archive.swot.podaac.earthdata.nasa.gov/podaac-swot-ops-cumulus-protected/SWOT_L2_HR_RiverSP_D/SWOT_L2_HR_RiverSP_Reach_029_408_SA_20250311T000037_20250311T000728_PGD0_01.zip,13 exutorios dentro/intersectando a geometria do granulo.
248,RIVERSP,029,255,SA,2025-03-05T12:39:11Z,2025-03-05T12:49:18Z,10.732254981994629,13,0.0,0.0,bounding_box,SWOT_L2_HR_RiverSP_Reach_029_255_SA_20250305T123911_20250305T124918_PGD0_01,https://archive.swot.podaac.earthdata.nasa.gov/podaac-swot-ops-cumulus-protected/SWOT_L2_HR_RiverSP_D/SWOT_L2_HR_RiverSP_Reach_029_255_SA_20250305T123911_20250305T124918_PGD0_01.zip,13 exutorios dentro/intersectando a geometria do granulo.
249,RIVERSP,029,227,SA,2025-03-04T12:39:42Z,2025-03-04T12:48:28Z,6.484897613525391,13,0.0,0.0,bounding_box,SWOT_L2_HR_RiverSP_Reach_029_227_SA_20250304T123942_20250304T124828_PGD0_01,https://archive.swot.podaac.earthdata.nasa.gov/podaac-swot-ops-cumulus-protected/SWOT_L2_HR_RiverSP_D/SWOT_L2_HR_RiverSP_Reach_029_227_SA_20250304T123942_20250304T124828_PGD0_01.zip,13 exutorios dentro/intersectando a geometria do granulo.
250,RIVERSP,029,158,SA,2025-03-02T01:37:17Z,2025-03-02T01:46:30Z,8.511693000793457,13,0.0,0.0,bounding_box,SWOT_L2_HR_RiverSP_Reach_029_158_SA_20250302T013717_20250302T014630_PGD0_01,https://archive.swot.podaac.earthdata.nasa.gov/podaac-swot-ops-cumulus-protected/SWOT_L2_HR_RiverSP_D/SWOT_L2_HR_RiverSP_Reach_029_158_SA_20250302T013717_20250302T014630_PGD0_01.zip,13 exutorios dentro/intersectando a geometria do granulo.
251,RIVERSP,029,130,SA,2025-03-01T01:37:52Z,2025-03-01T01:45:19Z,8.499422073364258,13,0.0,0.0,bounding_box,SWOT_L2_HR_RiverSP_Reach_029_130_SA_20250301T013752_20250301T014519_PGD0_01,https://archive.swot.podaac.earthdata.nasa.gov/podaac-swot-ops-cumulus-protected/SWOT_L2_HR_RiverSP_D/SWOT_L2_HR_RiverSP_Reach_029_130_SA_20250301T013752_20250301T014519_PGD0_01.zip,13 exutorios dentro/intersectando a geometria do granulo.
252,RIVERSP,028,533,SA,2025-02-22T14:17:04Z,2025-02-22T14:26:19Z,8.211251258850098,13,0.0,0.0,bounding_box,SWOT_L2_HR_RiverSP_Reach_028_533_SA_20250222T141704_20250222T142619_PGD0_01,https://archive.swot.podaac.earthdata.nasa.gov/podaac-swot-ops-cumulus-protected/SWOT_L2_HR_RiverSP_D/SWOT_L2_HR_RiverSP_Reach_028_533_SA_20250222T141704_20250222T142619_PGD0_01.zip,13 exutorios dentro/intersectando a geometria do granulo.
253,RIVERSP,028,505,SA,2025-02-21T14:17:38Z,2025-02-21T14:25:27Z,5.97528076171875,13,0.0,0.0,bounding_box,SWOT_L2_HR_RiverSP_Reach_028_505_SA_20250221T141738_20250221T142527_PGD0_01,https://archive.swot.podaac.earthdata.nasa.gov/podaac-swot-ops-cumulus-protected/SWOT_L2_HR_RiverSP_D/SWOT_L2_HR_RiverSP_Reach_028_505_SA_20250221T141738_20250221T142527_PGD0_01.zip,13 exutorios dentro/intersectando a geometria do granulo.
254,RIVERSP,028,436,SA,2025-02-19T03:14:48Z,2025-02-19T03:23:14Z,9.055864334106445,13,0.0,0.0,bounding_box,SWOT_L2_HR_RiverSP_Reach_028_436_SA_20250219T031448_20250219T032314_PGD0_01,https://archive.swot.podaac.earthdata.nasa.gov/podaac-swot-ops-cumulus-protected/SWOT_L2_HR_RiverSP_D/SWOT_L2_HR_RiverSP_Reach_028_436_SA_20250219T031448_20250219T032314_PGD0_01.zip,13 exutorios dentro/intersectando a geometria do granulo.
255,RIVERSP,028,436,SA,2025-02-19T03:14:48Z,2025-02-19T03:23:14Z,10.893209457397461,13,0.0,0.0,bounding_box,SWOT_L2_HR_RiverSP_Reach_028_436_SA_20250219T031448_20250219T032314_PGD0_02,https://archive.swot.podaac.earthdata.nasa.gov/podaac-swot-ops-cumulus-protected/SWOT_L2_HR_RiverSP_D/SWOT_L2_HR_RiverSP_Reach_028_436_SA_20250219T031448_20250219T032314_PGD0_02.zip,13 exutorios dentro/intersectando a geometria do granulo.
256,RIVERSP,028,408,SA,2025-02-18T03:15:34Z,2025-02-18T03:22:24Z,6.156070709228516,13,0.0,0.0,bounding_box,SWOT_L2_HR_RiverSP_Reach_028_408_SA_20250218T031534_20250218T032224_PGD0_01,https://archive.swot.podaac.earthdata.nasa.gov/podaac-swot-ops-cumulus-protected/SWOT_L2_HR_RiverSP_D/SWOT_L2_HR_RiverSP_Reach_028_408_SA_20250218T031534_20250218T032224_PGD0_01.zip,13 exutorios dentro/intersectando a geometria do granulo.
257,RIVERSP,028,255,SA,2025-02-12T15:54:07Z,2025-02-12T16:04:14Z,10.732256889343262,13,0.0,0.0,bounding_box,SWOT_L2_HR_RiverSP_Reach_028_255_SA_20250212T155407_20250212T160414_PGD0_01,https://archive.swot.podaac.earthdata.nasa.gov/podaac-swot-ops-cumulus-protected/SWOT_L2_HR_RiverSP_D/SWOT_L2_HR_RiverSP_Reach_028_255_SA_20250212T155407_20250212T160414_PGD0_01.zip,13 exutorios dentro/intersectando a geometria do granulo.
258,RIVERSP,028,227,SA,2025-02-11T15:54:37Z,2025-02-11T16:03:23Z,6.574948310852051,13,0.0,0.0,bounding_box,SWOT_L2_HR_RiverSP_Reach_028_227_SA_20250211T155437_20250211T160323_PGD0_01,https://archive.swot.podaac.earthdata.nasa.gov/podaac-swot-ops-cumulus-protected/SWOT_L2_HR_RiverSP_D/SWOT_L2_HR_RiverSP_Reach_028_227_SA_20250211T155437_20250211T160323_PGD0_01.zip,13 exutorios dentro/intersectando a geometria do granulo.
259,RIVERSP,028,158,SA,2025-02-09T04:52:11Z,2025-02-09T05:01:24Z,8.511693000793457,13,0.0,0.0,bounding_box,SWOT_L2_HR_RiverSP_Reach_028_158_SA_20250209T045211_20250209T050124_PGD0_01,https://archive.swot.podaac.earthdata.nasa.gov/podaac-swot-ops-cumulus-protected/SWOT_L2_HR_RiverSP_D/SWOT_L2_HR_RiverSP_Reach_028_158_SA_20250209T045211_20250209T050124_PGD0_01.zip,13 exutorios dentro/intersectando a geometria do granulo.
260,RIVERSP,028,130,SA,2025-02-08T04:52:45Z,2025-02-08T05:00:12Z,7.99237060546875,13,0.0,0.0,bounding_box,SWOT_L2_HR_RiverSP_Reach_028_130_SA_20250208T045245_20250208T050012_PGD0_01,https://archive.swot.podaac.earthdata.nasa.gov/podaac-swot-ops-cumulus-protected/SWOT_L2_HR_RiverSP_D/SWOT_L2_HR_RiverSP_Reach_028_130_SA_20250208T045245_20250208T050012_PGD0_01.zip,13 exutorios dentro/intersectando a geometria do granulo.
261,RIVERSP,028,130,SA,2025-02-08T04:52:45Z,2025-02-08T05:00:12Z,8.499895095825195,13,0.0,0.0,bounding_box,SWOT_L2_HR_RiverSP_Reach_028_130_SA_20250208T045245_20250208T050012_PGD0_02,https://archive.swot.podaac.earthdata.nasa.gov/podaac-swot-ops-cumulus-protected/SWOT_L2_HR_RiverSP_D/SWOT_L2_HR_RiverSP_Reach_028_130_SA_20250208T045245_20250208T050012_PGD0_02.zip,13 exutorios dentro/intersectando a geometria do granulo.
262,RIVERSP,027,533,SA,2025-02-01T17:31:58Z,2025-02-01T17:41:14Z,8.184532165527344,13,0.0,0.0,bounding_box,SWOT_L2_HR_RiverSP_Reach_027_533_SA_20250201T173158_20250201T174114_PGD0_01,https://archive.swot.podaac.earthdata.nasa.gov/podaac-swot-ops-cumulus-protected/SWOT_L2_HR_RiverSP_D/SWOT_L2_HR_RiverSP_Reach_027_533_SA_20250201T173158_20250201T174114_PGD0_01.zip,13 exutorios dentro/intersectando a geometria do granulo.
263,RIVERSP,027,505,SA,2025-01-31T17:32:32Z,2025-01-31T17:40:22Z,5.975283622741699,13,0.0,0.0,bounding_box,SWOT_L2_HR_RiverSP_Reach_027_505_SA_20250131T173232_20250131T174022_PGD0_01,https://archive.swot.podaac.earthdata.nasa.gov/podaac-swot-ops-cumulus-protected/SWOT_L2_HR_RiverSP_D/SWOT_L2_HR_RiverSP_Reach_027_505_SA_20250131T173232_20250131T174022_PGD0_01.zip,13 exutorios dentro/intersectando a geometria do granulo.
264,RIVERSP,027,436,SA,2025-01-29T06:29:43Z,2025-01-29T06:38:09Z,10.893208503723145,13,0.0,0.0,bounding_box,SWOT_L2_HR_RiverSP_Reach_027_436_SA_20250129T062943_20250129T063809_PGD0_01,https://archive.swot.podaac.earthdata.nasa.gov/podaac-swot-ops-cumulus-protected/SWOT_L2_HR_RiverSP_D/SWOT_L2_HR_RiverSP_Reach_027_436_SA_20250129T062943_20250129T063809_PGD0_01.zip,13 exutorios dentro/intersectando a geometria do granulo.
265,RIVERSP,027,408,SA,2025-01-28T06:30:29Z,2025-01-28T06:37:20Z,6.156071662902832,13,0.0,0.0,bounding_box,SWOT_L2_HR_RiverSP_Reach_027_408_SA_20250128T063029_20250128T063720_PGD0_01,https://archive.swot.podaac.earthdata.nasa.gov/podaac-swot-ops-cumulus-protected/SWOT_L2_HR_RiverSP_D/SWOT_L2_HR_RiverSP_Reach_027_408_SA_20250128T063029_20250128T063720_PGD0_01.zip,13 exutorios dentro/intersectando a geometria do granulo.
266,RIVERSP,027,255,SA,2025-01-22T19:09:03Z,2025-01-22T19:19:10Z,10.732253074645996,13,0.0,0.0,bounding_box,SWOT_L2_HR_RiverSP_Reach_027_255_SA_20250122T190903_20250122T191910_PGD0_01,https://archive.swot.podaac.earthdata.nasa.gov/podaac-swot-ops-cumulus-protected/SWOT_L2_HR_RiverSP_D/SWOT_L2_HR_RiverSP_Reach_027_255_SA_20250122T190903_20250122T191910_PGD0_01.zip,13 exutorios dentro/intersectando a geometria do granulo.
267,RIVERSP,027,227,SA,2025-01-21T19:09:33Z,2025-01-21T19:18:20Z,6.592168807983398,13,0.0,0.0,bounding_box,SWOT_L2_HR_RiverSP_Reach_027_227_SA_20250121T190933_20250121T191820_PGD0_01,https://archive.swot.podaac.earthdata.nasa.gov/podaac-swot-ops-cumulus-protected/SWOT_L2_HR_RiverSP_D/SWOT_L2_HR_RiverSP_Reach_027_227_SA_20250121T190933_20250121T191820_PGD0_01.zip,13 exutorios dentro/intersectando a geometria do granulo.
268,RIVERSP,027,158,SA,2025-01-19T08:07:08Z,2025-01-19T08:16:21Z,8.511695861816406,13,0.0,0.0,bounding_box,SWOT_L2_HR_RiverSP_Reach_027_158_SA_20250119T080708_20250119T081621_PGD0_01,https://archive.swot.podaac.earthdata.nasa.gov/podaac-swot-ops-cumulus-protected/SWOT_L2_HR_RiverSP_D/SWOT_L2_HR_RiverSP_Reach_027_158_SA_20250119T080708_20250119T081621_PGD0_01.zip,13 exutorios dentro/intersectando a geometria do granulo.
269,RIVERSP,027,130,SA,2025-01-18T08:07:43Z,2025-01-18T08:15:10Z,8.499419212341309,13,0.0,0.0,bounding_box,SWOT_L2_HR_RiverSP_Reach_027_130_SA_20250118T080743_20250118T081510_PGD0_01,https://archive.swot.podaac.earthdata.nasa.gov/podaac-swot-ops-cumulus-protected/SWOT_L2_HR_RiverSP_D/SWOT_L2_HR_RiverSP_Reach_027_130_SA_20250118T080743_20250118T081510_PGD0_01.zip,13 exutorios dentro/intersectando a geometria do granulo.
270,RIVERSP,026,533,SA,2025-01-11T20:46:53Z,2025-01-11T20:56:08Z,8.184905052185059,13,0.0,0.0,bounding_box,SWOT_L2_HR_RiverSP_Reach_026_533_SA_20250111T204653_20250111T205608_PGD0_01,https://archive.swot.podaac.earthdata.nasa.gov/podaac-swot-ops-cumulus-protected/SWOT_L2_HR_RiverSP_D/SWOT_L2_HR_RiverSP_Reach_026_533_SA_20250111T204653_20250111T205608_PGD0_01.zip,13 exutorios dentro/intersectando a geometria do granulo.
271,RIVERSP,026,507,SA,2025-01-10T22:33:51Z,2025-01-10T22:41:59Z,0.30248546600341797,13,0.0,0.0,bounding_box,SWOT_L2_HR_RiverSP_Reach_026_507_SA_20250110T223351_20250110T224159_PGD0_01,https://archive.swot.podaac.earthdata.nasa.gov/podaac-swot-ops-cumulus-protected/SWOT_L2_HR_RiverSP_D/SWOT_L2_HR_RiverSP_Reach_026_507_SA_20250110T223351_20250110T224159_PGD0_01.zip,13 exutorios dentro/intersectando a geometria do granulo.
272,RIVERSP,026,505,SA,2025-01-10T20:47:27Z,2025-01-10T20:55:17Z,5.975281715393066,13,0.0,0.0,bounding_box,SWOT_L2_HR_RiverSP_Reach_026_505_SA_20250110T204727_20250110T205517_PGD0_01,https://archive.swot.podaac.earthdata.nasa.gov/podaac-swot-ops-cumulus-protected/SWOT_L2_HR_RiverSP_D/SWOT_L2_HR_RiverSP_Reach_026_505_SA_20250110T204727_20250110T205517_PGD0_01.zip,13 exutorios dentro/intersectando a geometria do granulo.
273,RIVERSP,026,436,SA,2025-01-08T09:44:38Z,2025-01-08T09:53:04Z,10.89321231842041,13,0.0,0.0,bounding_box,SWOT_L2_HR_RiverSP_Reach_026_436_SA_20250108T094438_20250108T095304_PGD0_01,https://archive.swot.podaac.earthdata.nasa.gov/podaac-swot-ops-cumulus-protected/SWOT_L2_HR_RiverSP_D/SWOT_L2_HR_RiverSP_Reach_026_436_SA_20250108T094438_20250108T095304_PGD0_01.zip,13 exutorios dentro/intersectando a geometria do granulo.
274,RIVERSP,026,408,SA,2025-01-07T09:45:24Z,2025-01-07T09:52:15Z,6.156071662902832,13,0.0,0.0,bounding_box,SWOT_L2_HR_RiverSP_Reach_026_408_SA_20250107T094524_20250107T095215_PGD0_01,https://archive.swot.podaac.earthdata.nasa.gov/podaac-swot-ops-cumulus-protected/SWOT_L2_HR_RiverSP_D/SWOT_L2_HR_RiverSP_Reach_026_408_SA_20250107T094524_20250107T095215_PGD0_01.zip,13 exutorios dentro/intersectando a geometria do granulo.
275,RIVERSP,026,255,SA,2025-01-01T22:23:58Z,2025-01-01T22:34:06Z,10.732257843017578,13,0.0,0.0,bounding_box,SWOT_L2_HR_RiverSP_Reach_026_255_SA_20250101T222358_20250101T223406_PGD0_01,https://archive.swot.podaac.earthdata.nasa.gov/podaac-swot-ops-cumulus-protected/SWOT_L2_HR_RiverSP_D/SWOT_L2_HR_RiverSP_Reach_026_255_SA_20250101T222358_20250101T223406_PGD0_01.zip,13 exutorios dentro/intersectando a geometria do granulo.
276,RIVERSP,026,227,SA,2024-12-31T22:24:29Z,2024-12-31T22:33:15Z,6.592164039611816,13,0.0,0.0,bounding_box,SWOT_L2_HR_RiverSP_Reach_026_227_SA_20241231T222429_20241231T223315_PGD0_01,https://archive.swot.podaac.earthdata.nasa.gov/podaac-swot-ops-cumulus-protected/SWOT_L2_HR_RiverSP_D/SWOT_L2_HR_RiverSP_Reach_026_227_SA_20241231T222429_20241231T223315_PGD0_01.zip,13 exutorios dentro/intersectando a geometria do granulo.
277,RIVERSP,026,158,SA,2024-12-29T11:22:04Z,2024-12-29T11:31:17Z,8.511693000793457,13,0.0,0.0,bounding_box,SWOT_L2_HR_RiverSP_Reach_026_158_SA_20241229T112204_20241229T113117_PGD0_01,https://archive.swot.podaac.earthdata.nasa.gov/podaac-swot-ops-cumulus-protected/SWOT_L2_HR_RiverSP_D/SWOT_L2_HR_RiverSP_Reach_026_158_SA_20241229T112204_20241229T113117_PGD0_01.zip,13 exutorios dentro/intersectando a geometria do granulo.
278,RIVERSP,026,130,SA,2024-12-28T11:22:39Z,2024-12-28T11:30:06Z,8.49942398071289,13,0.0,0.0,bounding_box,SWOT_L2_HR_RiverSP_Reach_026_130_SA_20241228T112239_20241228T113006_PGD0_01,https://archive.swot.podaac.earthdata.nasa.gov/podaac-swot-ops-cumulus-protected/SWOT_L2_HR_RiverSP_D/SWOT_L2_HR_RiverSP_Reach_026_130_SA_20241228T112239_20241228T113006_PGD0_01.zip,13 exutorios dentro/intersectando a geometria do granulo.
279,RIVERSP,025,533,SA,2024-12-22T00:01:49Z,2024-12-22T00:11:05Z,7.277010917663574,13,0.0,0.0,bounding_box,SWOT_L2_HR_RiverSP_Reach_025_533_SA_20241222T000149_20241222T001105_PGD0_01,https://archive.swot.podaac.earthdata.nasa.gov/podaac-swot-ops-cumulus-protected/SWOT_L2_HR_RiverSP_D/SWOT_L2_HR_RiverSP_Reach_025_533_SA_20241222T000149_20241222T001105_PGD0_01.zip,13 exutorios dentro/intersectando a geometria do granulo.
280,RIVERSP,025,505,SA,2024-12-21T00:02:35Z,2024-12-21T00:10:13Z,5.736163139343262,13,0.0,0.0,bounding_box,SWOT_L2_HR_RiverSP_Reach_025_505_SA_20241221T000235_20241221T001013_PGD0_01,https://archive.swot.podaac.earthdata.nasa.gov/podaac-swot-ops-cumulus-protected/SWOT_L2_HR_RiverSP_D/SWOT_L2_HR_RiverSP_Reach_025_505_SA_20241221T000235_20241221T001013_PGD0_01.zip,13 exutorios dentro/intersectando a geometria do granulo.
281,RIVERSP,025,436,SA,2024-12-18T12:59:34Z,2024-12-18T13:08:00Z,10.893211364746094,13,0.0,0.0,bounding_box,SWOT_L2_HR_RiverSP_Reach_025_436_SA_20241218T125934_20241218T130800_PGD0_01,https://archive.swot.podaac.earthdata.nasa.gov/podaac-swot-ops-cumulus-protected/SWOT_L2_HR_RiverSP_D/SWOT_L2_HR_RiverSP_Reach_025_436_SA_20241218T125934_20241218T130800_PGD0_01.zip,13 exutorios dentro/intersectando a geometria do granulo.
282,RIVERSP,025,408,SA,2024-12-17T13:00:20Z,2024-12-17T13:07:11Z,6.156073570251465,13,0.0,0.0,bounding_box,SWOT_L2_HR_RiverSP_Reach_025_408_SA_20241217T130020_20241217T130711_PGD0_01,https://archive.swot.podaac.earthdata.nasa.gov/podaac-swot-ops-cumulus-protected/SWOT_L2_HR_RiverSP_D/SWOT_L2_HR_RiverSP_Reach_025_408_SA_20241217T130020_20241217T130711_PGD0_01.zip,13 exutorios dentro/intersectando a geometria do granulo.
283,RIVERSP,025,255,SA,2024-12-12T01:38:54Z,2024-12-12T01:49:01Z,10.73224925994873,13,0.0,0.0,bounding_box,SWOT_L2_HR_RiverSP_Reach_025_255_SA_20241212T013854_20241212T014901_PGD0_01,https://archive.swot.podaac.earthdata.nasa.gov/podaac-swot-ops-cumulus-protected/SWOT_L2_HR_RiverSP_D/SWOT_L2_HR_RiverSP_Reach_025_255_SA_20241212T013854_20241212T014901_PGD0_01.zip,13 exutorios dentro/intersectando a geometria do granulo.
284,RIVERSP,025,227,SA,2024-12-11T01:39:24Z,2024-12-11T01:48:10Z,6.094203948974609,13,0.0,0.0,bounding_box,SWOT_L2_HR_RiverSP_Reach_025_227_SA_20241211T013924_20241211T014810_PGD0_01,https://archive.swot.podaac.earthdata.nasa.gov/podaac-swot-ops-cumulus-protected/SWOT_L2_HR_RiverSP_D/SWOT_L2_HR_RiverSP_Reach_025_227_SA_20241211T013924_20241211T014810_PGD0_01.zip,13 exutorios dentro/intersectando a geometria do granulo.
285,RIVERSP,025,158,SA,2024-12-08T14:36:59Z,2024-12-08T14:46:12Z,8.511691093444824,13,0.0,0.0,bounding_box,SWOT_L2_HR_RiverSP_Reach_025_158_SA_20241208T143659_20241208T144612_PGD0_01,https://archive.swot.podaac.earthdata.nasa.gov/podaac-swot-ops-cumulus-protected/SWOT_L2_HR_RiverSP_D/SWOT_L2_HR_RiverSP_Reach_025_158_SA_20241208T143659_20241208T144612_PGD0_01.zip,13 exutorios dentro/intersectando a geometria do granulo.
286,RIVERSP,025,130,SA,2024-12-07T14:37:34Z,2024-12-07T14:45:01Z,8.499422073364258,13,0.0,0.0,bounding_box,SWOT_L2_HR_RiverSP_Reach_025_130_SA_20241207T143734_20241207T144501_PGD0_01,https://archive.swot.podaac.earthdata.nasa.gov/podaac-swot-ops-cumulus-protected/SWOT_L2_HR_RiverSP_D/SWOT_L2_HR_RiverSP_Reach_025_130_SA_20241207T143734_20241207T144501_PGD0_01.zip,13 exutorios dentro/intersectando a geometria do granulo.
287,RIVERSP,024,533,SA,2024-12-01T03:16:46Z,2024-12-01T03:26:01Z,8.211250305175781,13,0.0,0.0,bounding_box,SWOT_L2_HR_RiverSP_Reach_024_533_SA_20241201T031646_20241201T032601_PGD0_01,https://archive.swot.podaac.earthdata.nasa.gov/podaac-swot-ops-cumulus-protected/SWOT_L2_HR_RiverSP_D/SWOT_L2_HR_RiverSP_Reach_024_533_SA_20241201T031646_20241201T032601_PGD0_01.zip,13 exutorios dentro/intersectando a geometria do granulo.
288,RIVERSP,024,505,SA,2024-11-30T03:17:20Z,2024-11-30T03:25:09Z,5.975278854370117,13,0.0,0.0,bounding_box,SWOT_L2_HR_RiverSP_Reach_024_505_SA_20241130T031720_20241130T032509_PGD0_01,https://archive.swot.podaac.earthdata.nasa.gov/podaac-swot-ops-cumulus-protected/SWOT_L2_HR_RiverSP_D/SWOT_L2_HR_RiverSP_Reach_024_505_SA_20241130T031720_20241130T032509_PGD0_01.zip,13 exutorios dentro/intersectando a geometria do granulo.
289,RIVERSP,024,436,SA,2024-11-27T16:14:30Z,2024-11-27T16:22:56Z,10.893210411071777,13,0.0,0.0,bounding_box,SWOT_L2_HR_RiverSP_Reach_024_436_SA_20241127T161430_20241127T162256_PGD0_01,https://archive.swot.podaac.earthdata.nasa.gov/podaac-swot-ops-cumulus-protected/SWOT_L2_HR_RiverSP_D/SWOT_L2_HR_RiverSP_Reach_024_436_SA_20241127T161430_20241127T162256_PGD0_01.zip,13 exutorios dentro/intersectando a geometria do granulo.
290,RIVERSP,024,408,SA,2024-11-26T16:15:17Z,2024-11-26T16:22:07Z,6.156074523925781,13,0.0,0.0,bounding_box,SWOT_L2_HR_RiverSP_Reach_024_408_SA_20241126T161517_20241126T162207_PGD0_01,https://archive.swot.podaac.earthdata.nasa.gov/podaac-swot-ops-cumulus-protected/SWOT_L2_HR_RiverSP_D/SWOT_L2_HR_RiverSP_Reach_024_408_SA_20241126T161517_20241126T162207_PGD0_01.zip,13 exutorios dentro/intersectando a geometria do granulo.
291,RIVERSP,024,255,SA,2024-11-21T04:53:50Z,2024-11-21T05:03:57Z,10.732253074645996,13,0.0,0.0,bounding_box,SWOT_L2_HR_RiverSP_Reach_024_255_SA_20241121T045350_20241121T050357_PGD0_01,https://archive.swot.podaac.earthdata.nasa.gov/podaac-swot-ops-cumulus-protected/SWOT_L2_HR_RiverSP_D/SWOT_L2_HR_RiverSP_Reach_024_255_SA_20241121T045350_20241121T050357_PGD0_01.zip,13 exutorios dentro/intersectando a geometria do granulo.
292,RIVERSP,024,227,SA,2024-11-20T04:54:20Z,2024-11-20T05:03:06Z,6.592168807983398,13,0.0,0.0,bounding_box,SWOT_L2_HR_RiverSP_Reach_024_227_SA_20241120T045420_20241120T050306_PGD0_01,https://archive.swot.podaac.earthdata.nasa.gov/podaac-swot-ops-cumulus-protected/SWOT_L2_HR_RiverSP_D/SWOT_L2_HR_RiverSP_Reach_024_227_SA_20241120T045420_20241120T050306_PGD0_01.zip,13 exutorios dentro/intersectando a geometria do granulo.
293,RIVERSP,024,158,SA,2024-11-17T17:51:54Z,2024-11-17T18:01:08Z,8.511693000793457,13,0.0,0.0,bounding_box,SWOT_L2_HR_RiverSP_Reach_024_158_SA_20241117T175154_20241117T180108_PGD0_01,https://archive.swot.podaac.earthdata.nasa.gov/podaac-swot-ops-cumulus-protected/SWOT_L2_HR_RiverSP_D/SWOT_L2_HR_RiverSP_Reach_024_158_SA_20241117T175154_20241117T180108_PGD0_01.zip,13 exutorios dentro/intersectando a geometria do granulo.
294,RIVERSP,024,130,SA,2024-11-16T17:52:29Z,2024-11-16T17:59:56Z,8.499419212341309,13,0.0,0.0,bounding_box,SWOT_L2_HR_RiverSP_Reach_024_130_SA_20241116T175229_20241116T175956_PGD0_01,https://archive.swot.podaac.earthdata.nasa.gov/podaac-swot-ops-cumulus-protected/SWOT_L2_HR_RiverSP_D/SWOT_L2_HR_RiverSP_Reach_024_130_SA_20241116T175229_20241116T175956_PGD0_01.zip,13 exutorios dentro/intersectando a geometria do granulo.
295,RIVERSP,023,533,SA,2024-11-10T06:31:41Z,2024-11-10T06:40:57Z,8.211249351501465,13,0.0,0.0,bounding_box,SWOT_L2_HR_RiverSP_Reach_023_533_SA_20241110T063141_20241110T064057_PGD0_01,https://archive.swot.podaac.earthdata.nasa.gov/podaac-swot-ops-cumulus-protected/SWOT_L2_HR_RiverSP_D/SWOT_L2_HR_RiverSP_Reach_023_533_SA_20241110T063141_20241110T064057_PGD0_01.zip,13 exutorios dentro/intersectando a geometria do granulo.
296,RIVERSP,023,505,SA,2024-11-09T06:32:15Z,2024-11-09T06:40:04Z,5.975281715393066,13,0.0,0.0,bounding_box,SWOT_L2_HR_RiverSP_Reach_023_505_SA_20241109T063215_20241109T064004_PGD0_01,https://archive.swot.podaac.earthdata.nasa.gov/podaac-swot-ops-cumulus-protected/SWOT_L2_HR_RiverSP_D/SWOT_L2_HR_RiverSP_Reach_023_505_SA_20241109T063215_20241109T064004_PGD0_01.zip,13 exutorios dentro/intersectando a geometria do granulo.
297,RIVERSP,023,436,SA,2024-11-06T19:29:25Z,2024-11-06T19:37:51Z,10.49349308013916,13,0.0,0.0,bounding_box,SWOT_L2_HR_RiverSP_Reach_023_436_SA_20241106T192925_20241106T193751_PGD0_01,https://archive.swot.podaac.earthdata.nasa.gov/podaac-swot-ops-cumulus-protected/SWOT_L2_HR_RiverSP_D/SWOT_L2_HR_RiverSP_Reach_023_436_SA_20241106T192925_20241106T193751_PGD0_01.zip,13 exutorios dentro/intersectando a geometria do granulo.
298,RIVERSP,023,436,SA,2024-11-06T19:29:25Z,2024-11-06T19:37:51Z,10.893209457397461,13,0.0,0.0,bounding_box,SWOT_L2_HR_RiverSP_Reach_023_436_SA_20241106T192925_20241106T193751_PGD0_02,https://archive.swot.podaac.earthdata.nasa.gov/podaac-swot-ops-cumulus-protected/SWOT_L2_HR_RiverSP_D/SWOT_L2_HR_RiverSP_Reach_023_436_SA_20241106T192925_20241106T193751_PGD0_02.zip,13 exutorios dentro/intersectando a geometria do granulo.
299,RIVERSP,023,408,SA,2024-11-05T19:30:11Z,2024-11-05T19:37:02Z,6.156075477600098,13,0.0,0.0,bounding_box,SWOT_L2_HR_RiverSP_Reach_023_408_SA_20241105T193011_20241105T193702_PGD0_01,https://archive.swot.podaac.earthdata.nasa.gov/podaac-swot-ops-cumulus-protected/SWOT_L2_HR_RiverSP_D/SWOT_L2_HR_RiverSP_Reach_023_408_SA_20241105T193011_20241105T193702_PGD0_01.zip,13 exutorios dentro/intersectando a geometria do granulo.
300,RIVERSP,023,255,SA,2024-10-31T08:08:44Z,2024-10-31T08:18:51Z,10.73225212097168,13,0.0,0.0,bounding_box,SWOT_L2_HR_RiverSP_Reach_023_255_SA_20241031T080844_20241031T081851_PGD0_01,https://archive.swot.podaac.earthdata.nasa.gov/podaac-swot-ops-cumulus-protected/SWOT_L2_HR_RiverSP_D/SWOT_L2_HR_RiverSP_Reach_023_255_SA_20241031T080844_20241031T081851_PGD0_01.zip,13 exutorios dentro/intersectando a geometria do granulo.
301,RIVERSP,023,227,SA,2024-10-30T08:09:15Z,2024-10-30T08:18:01Z,4.493441581726074,13,0.0,0.0,bounding_box,SWOT_L2_HR_RiverSP_Reach_023_227_SA_20241030T080915_20241030T081801_PGD0_01,https://archive.swot.podaac.earthdata.nasa.gov/podaac-swot-ops-cumulus-protected/SWOT_L2_HR_RiverSP_D/SWOT_L2_HR_RiverSP_Reach_023_227_SA_20241030T080915_20241030T081801_PGD0_01.zip,13 exutorios dentro/intersectando a geometria do granulo.
302,RIVERSP,023,158,SA,2024-10-27T21:06:50Z,2024-10-27T21:16:03Z,8.51169204711914,13,0.0,0.0,bounding_box,SWOT_L2_HR_RiverSP_Reach_023_158_SA_20241027T210650_20241027T211603_PGD0_01,https://archive.swot.podaac.earthdata.nasa.gov/podaac-swot-ops-cumulus-protected/SWOT_L2_HR_RiverSP_D/SWOT_L2_HR_RiverSP_Reach_023_158_SA_20241027T210650_20241027T211603_PGD0_01.zip,13 exutorios dentro/intersectando a geometria do granulo.
303,RIVERSP,023,130,SA,2024-10-26T21:07:25Z,2024-10-26T21:14:52Z,8.499420166015625,13,0.0,0.0,bounding_box,SWOT_L2_HR_RiverSP_Reach_023_130_SA_20241026T210725_20241026T211452_PGD0_01,https://archive.swot.podaac.earthdata.nasa.gov/podaac-swot-ops-cumulus-protected/SWOT_L2_HR_RiverSP_D/SWOT_L2_HR_RiverSP_Reach_023_130_SA_20241026T210725_20241026T211452_PGD0_01.zip,13 exutorios dentro/intersectando a geometria do granulo.
304,RIVERSP,022,533,SA,2024-10-20T09:46:37Z,2024-10-20T09:55:53Z,8.211252212524414,13,0.0,0.0,bounding_box,SWOT_L2_HR_RiverSP_Reach_022_533_SA_20241020T094637_20241020T095553_PGD0_01,https://archive.swot.podaac.earthdata.nasa.gov/podaac-swot-ops-cumulus-protected/SWOT_L2_HR_RiverSP_D/SWOT_L2_HR_RiverSP_Reach_022_533_SA_20241020T094637_20241020T095553_PGD0_01.zip,13 exutorios dentro/intersectando a geometria do granulo.
305,RIVERSP,022,505,SA,2024-10-19T09:47:11Z,2024-10-19T09:55:00Z,5.919984817504883,13,0.0,0.0,bounding_box,SWOT_L2_HR_RiverSP_Reach_022_505_SA_20241019T094711_20241019T095500_PGD0_01,https://archive.swot.podaac.earthdata.nasa.gov/podaac-swot-ops-cumulus-protected/SWOT_L2_HR_RiverSP_D/SWOT_L2_HR_RiverSP_Reach_022_505_SA_20241019T094711_20241019T095500_PGD0_01.zip,13 exutorios dentro/intersectando a geometria do granulo.
306,RIVERSP,022,408,SA,2024-10-15T22:45:07Z,2024-10-15T22:51:57Z,6.156072616577148,13,0.0,0.0,bounding_box,SWOT_L2_HR_RiverSP_Reach_022_408_SA_20241015T224507_20241015T225157_PGD0_01,https://archive.swot.podaac.earthdata.nasa.gov/podaac-swot-ops-cumulus-protected/SWOT_L2_HR_RiverSP_D/SWOT_L2_HR_RiverSP_Reach_022_408_SA_20241015T224507_20241015T225157_PGD0_01.zip,13 exutorios dentro/intersectando a geometria do granulo.
307,RIVERSP,022,255,SA,2024-10-10T11:23:41Z,2024-10-10T11:33:48Z,10.732257843017578,13,0.0,0.0,bounding_box,SWOT_L2_HR_RiverSP_Reach_022_255_SA_20241010T112341_20241010T113348_PGD0_01,https://archive.swot.podaac.earthdata.nasa.gov/podaac-swot-ops-cumulus-protected/SWOT_L2_HR_RiverSP_D/SWOT_L2_HR_RiverSP_Reach_022_255_SA_20241010T112341_20241010T113348_PGD0_01.zip,13 exutorios dentro/intersectando a geometria do granulo.
308,RIVERSP,022,227,SA,2024-10-09T11:24:11Z,2024-10-09T11:32:57Z,6.574944496154785,13,0.0,0.0,bounding_box,SWOT_L2_HR_RiverSP_Reach_022_227_SA_20241009T112411_20241009T113257_PGD0_01,https://archive.swot.podaac.earthdata.nasa.gov/podaac-swot-ops-cumulus-protected/SWOT_L2_HR_RiverSP_D/SWOT_L2_HR_RiverSP_Reach_022_227_SA_20241009T112411_20241009T113257_PGD0_01.zip,13 exutorios dentro/intersectando a geometria do granulo.
309,RIVERSP,022,158,SA,2024-10-07T00:21:46Z,2024-10-07T00:31:00Z,8.511690139770508,13,0.0,0.0,bounding_box,SWOT_L2_HR_RiverSP_Reach_022_158_SA_20241007T002146_20241007T003100_PGD0_01,https://archive.swot.podaac.earthdata.nasa.gov/podaac-swot-ops-cumulus-protected/SWOT_L2_HR_RiverSP_D/SWOT_L2_HR_RiverSP_Reach_022_158_SA_20241007T002146_20241007T003100_PGD0_01.zip,13 exutorios dentro/intersectando a geometria do granulo.
310,RIVERSP,022,130,SA,2024-10-06T00:22:21Z,2024-10-06T00:29:48Z,8.499894142150879,13,0.0,0.0,bounding_box,SWOT_L2_HR_RiverSP_Reach_022_130_SA_20241006T002221_20241006T002948_PGD0_01,https://archive.swot.podaac.earthdata.nasa.gov/podaac-swot-ops-cumulus-protected/SWOT_L2_HR_RiverSP_D/SWOT_L2_HR_RiverSP_Reach_022_130_SA_20241006T002221_20241006T002948_PGD0_01.zip,13 exutorios dentro/intersectando a geometria do granulo.
311,RIVERSP,021,533,SA,2024-09-29T13:01:33Z,2024-09-29T13:10:49Z,8.211250305175781,13,0.0,0.0,bounding_box,SWOT_L2_HR_RiverSP_Reach_021_533_SA_20240929T130133_20240929T131049_PGD0_01,https://archive.swot.podaac.earthdata.nasa.gov/podaac-swot-ops-cumulus-protected/SWOT_L2_HR_RiverSP_D/SWOT_L2_HR_RiverSP_Reach_021_533_SA_20240929T130133_20240929T131049_PGD0_01.zip,13 exutorios dentro/intersectando a geometria do granulo.
312,RIVERSP,021,505,SA,2024-09-28T13:02:07Z,2024-09-28T13:09:56Z,5.975278854370117,13,0.0,0.0,bounding_box,SWOT_L2_HR_RiverSP_Reach_021_505_SA_20240928T130207_20240928T130956_PGD0_01,https://archive.swot.podaac.earthdata.nasa.gov/podaac-swot-ops-cumulus-protected/SWOT_L2_HR_RiverSP_D/SWOT_L2_HR_RiverSP_Reach_021_505_SA_20240928T130207_20240928T130956_PGD0_01.zip,13 exutorios dentro/intersectando a geometria do granulo.
313,RIVERSP,021,436,SA,2024-09-26T01:59:17Z,2024-09-26T02:07:43Z,10.893209457397461,13,0.0,0.0,bounding_box,SWOT_L2_HR_RiverSP_Reach_021_436_SA_20240926T015917_20240926T020743_PGD0_01,https://archive.swot.podaac.earthdata.nasa.gov/podaac-swot-ops-cumulus-protected/SWOT_L2_HR_RiverSP_D/SWOT_L2_HR_RiverSP_Reach_021_436_SA_20240926T015917_20240926T020743_PGD0_01.zip,13 exutorios dentro/intersectando a geometria do granulo.
314,RIVERSP,021,408,SA,2024-09-25T02:00:03Z,2024-09-25T02:06:53Z,6.156069755554199,13,0.0,0.0,bounding_box,SWOT_L2_HR_RiverSP_Reach_021_408_SA_20240925T020003_20240925T020653_PGD0_01,https://archive.swot.podaac.earthdata.nasa.gov/podaac-swot-ops-cumulus-protected/SWOT_L2_HR_RiverSP_D/SWOT_L2_HR_RiverSP_Reach_021_408_SA_20240925T020003_20240925T020653_PGD0_01.zip,13 exutorios dentro/intersectando a geometria do granulo.
315,RIVERSP,021,255,SA,2024-09-19T14:38:35Z,2024-09-19T14:48:42Z,10.732253074645996,13,0.0,0.0,bounding_box,SWOT_L2_HR_RiverSP_Reach_021_255_SA_20240919T143835_20240919T144842_PGD0_01,https://archive.swot.podaac.earthdata.nasa.gov/podaac-swot-ops-cumulus-protected/SWOT_L2_HR_RiverSP_D/SWOT_L2_HR_RiverSP_Reach_021_255_SA_20240919T143835_20240919T144842_PGD0_01.zip,13 exutorios dentro/intersectando a geometria do granulo.
316,RIVERSP,021,227,SA,2024-09-18T14:39:05Z,2024-09-18T14:47:51Z,6.5921630859375,13,0.0,0.0,bounding_box,SWOT_L2_HR_RiverSP_Reach_021_227_SA_20240918T143905_20240918T144751_PGD0_01,https://archive.swot.podaac.earthdata.nasa.gov/podaac-swot-ops-cumulus-protected/SWOT_L2_HR_RiverSP_D/SWOT_L2_HR_RiverSP_Reach_021_227_SA_20240918T143905_20240918T144751_PGD0_01.zip,13 exutorios dentro/intersectando a geometria do granulo.
317,RIVERSP,021,158,SA,2024-09-16T03:36:39Z,2024-09-16T03:45:52Z,8.51169490814209,13,0.0,0.0,bounding_box,SWOT_L2_HR_RiverSP_Reach_021_158_SA_20240916T033639_20240916T034552_PGD0_01,https://archive.swot.podaac.earthdata.nasa.gov/podaac-swot-ops-cumulus-protected/SWOT_L2_HR_RiverSP_D/SWOT_L2_HR_RiverSP_Reach_021_158_SA_20240916T033639_20240916T034552_PGD0_01.zip,13 exutorios dentro/intersectando a geometria do granulo.
318,RIVERSP,021,130,SA,2024-09-15T03:37:13Z,2024-09-15T03:44:40Z,8.499893188476562,13,0.0,0.0,bounding_box,SWOT_L2_HR_RiverSP_Reach_021_130_SA_20240915T033713_20240915T034440_PGD0_01,https://archive.swot.podaac.earthdata.nasa.gov/podaac-swot-ops-cumulus-protected/SWOT_L2_HR_RiverSP_D/SWOT_L2_HR_RiverSP_Reach_021_130_SA_20240915T033713_20240915T034440_PGD0_01.zip,13 exutorios dentro/intersectando a geometria do granulo.
319,RIVERSP,020,533,SA,2024-09-08T16:16:25Z,2024-09-08T16:25:41Z,7.845497131347656,13,0.0,0.0,bounding_box,SWOT_L2_HR_RiverSP_Reach_020_533_SA_20240908T161625_20240908T162541_PGD0_01,https://archive.swot.podaac.earthdata.nasa.gov/podaac-swot-ops-cumulus-protected/SWOT_L2_HR_RiverSP_D/SWOT_L2_HR_RiverSP_Reach_020_533_SA_20240908T161625_20240908T162541_PGD0_01.zip,13 exutorios dentro/intersectando a geometria do granulo.
320,RIVERSP,020,505,SA,2024-09-07T16:16:59Z,2024-09-07T16:24:49Z,5.97528076171875,13,0.0,0.0,bounding_box,SWOT_L2_HR_RiverSP_Reach_020_505_SA_20240907T161659_20240907T162449_PGD0_01,https://archive.swot.podaac.earthdata.nasa.gov/podaac-swot-ops-cumulus-protected/SWOT_L2_HR_RiverSP_D/SWOT_L2_HR_RiverSP_Reach_020_505_SA_20240907T161659_20240907T162449_PGD0_01.zip,13 exutorios dentro/intersectando a geometria do granulo.
321,RIVERSP,020,436,SA,2024-09-05T05:14:09Z,2024-09-05T05:22:35Z,10.893210411071777,13,0.0,0.0,bounding_box,SWOT_L2_HR_RiverSP_Reach_020_436_SA_20240905T051409_20240905T052235_PGD0_01,https://archive.swot.podaac.earthdata.nasa.gov/podaac-swot-ops-cumulus-protected/SWOT_L2_HR_RiverSP_D/SWOT_L2_HR_RiverSP_Reach_020_436_SA_20240905T051409_20240905T052235_PGD0_01.zip,13 exutorios dentro/intersectando a geometria do granulo.
322,RIVERSP,020,408,SA,2024-09-04T05:14:56Z,2024-09-04T05:21:47Z,6.156072616577148,13,0.0,0.0,bounding_box,SWOT_L2_HR_RiverSP_Reach_020_408_SA_20240904T051456_20240904T052147_PGD0_01,https://archive.swot.podaac.earthdata.nasa.gov/podaac-swot-ops-cumulus-protected/SWOT_L2_HR_RiverSP_D/SWOT_L2_HR_RiverSP_Reach_020_408_SA_20240904T051456_20240904T052147_PGD0_01.zip,13 exutorios dentro/intersectando a geometria do granulo.
323,RIVERSP,020,255,SA,2024-08-29T17:53:24Z,2024-08-29T18:03:36Z,10.732728958129883,13,0.0,0.0,bounding_box,SWOT_L2_HR_RiverSP_Reach_020_255_SA_20240829T175324_20240829T180336_PGD0_01,https://archive.swot.podaac.earthdata.nasa.gov/podaac-swot-ops-cumulus-protected/SWOT_L2_HR_RiverSP_D/SWOT_L2_HR_RiverSP_Reach_020_255_SA_20240829T175324_20240829T180336_PGD0_01.zip,13 exutorios dentro/intersectando a geometria do granulo.
324,RIVERSP,020,227,SA,2024-08-28T17:53:53Z,2024-08-28T18:02:55Z,6.5925445556640625,13,0.0,0.0,bounding_box,SWOT_L2_HR_RiverSP_Reach_020_227_SA_20240828T175353_20240828T180255_PGD0_01,https://archive.swot.podaac.earthdata.nasa.gov/podaac-swot-ops-cumulus-protected/SWOT_L2_HR_RiverSP_D/SWOT_L2_HR_RiverSP_Reach_020_227_SA_20240828T175353_20240828T180255_PGD0_01.zip,13 exutorios dentro/intersectando a geometria do granulo.
325,RIVERSP,020,158,SA,2024-08-26T06:51:28Z,2024-08-26T07:00:50Z,8.512234687805176,13,0.0,0.0,bounding_box,SWOT_L2_HR_RiverSP_Reach_020_158_SA_20240826T065128_20240826T070050_PGD0_01,https://archive.swot.podaac.earthdata.nasa.gov/podaac-swot-ops-cumulus-protected/SWOT_L2_HR_RiverSP_D/SWOT_L2_HR_RiverSP_Reach_020_158_SA_20240826T065128_20240826T070050_PGD0_01.zip,13 exutorios dentro/intersectando a geometria do granulo.
326,RIVERSP,020,130,SA,2024-08-25T06:51:56Z,2024-08-25T06:59:38Z,8.5006742477417,13,0.0,0.0,bounding_box,SWOT_L2_HR_RiverSP_Reach_020_130_SA_20240825T065156_20240825T065938_PGD0_01,https://archive.swot.podaac.earthdata.nasa.gov/podaac-swot-ops-cumulus-protected/SWOT_L2_HR_RiverSP_D/SWOT_L2_HR_RiverSP_Reach_020_130_SA_20240825T065156_20240825T065938_PGD0_01.zip,13 exutorios dentro/intersectando a geometria do granulo.
327,RIVERSP,019,533,SA,2024-08-18T19:31:20Z,2024-08-18T19:40:35Z,8.211246490478516,13,0.0,0.0,bounding_box,SWOT_L2_HR_RiverSP_Reach_019_533_SA_20240818T193120_20240818T194035_PGD0_01,https://archive.swot.podaac.earthdata.nasa.gov/podaac-swot-ops-cumulus-protected/SWOT_L2_HR_RiverSP_D/SWOT_L2_HR_RiverSP_Reach_019_533_SA_20240818T193120_20240818T194035_PGD0_01.zip,13 exutorios dentro/intersectando a geometria do granulo.
328,RIVERSP,019,505,SA,2024-08-17T19:31:53Z,2024-08-17T19:39:43Z,5.975273132324219,13,0.0,0.0,bounding_box,SWOT_L2_HR_RiverSP_Reach_019_505_SA_20240817T193153_20240817T193943_PGD0_01,https://archive.swot.podaac.earthdata.nasa.gov/podaac-swot-ops-cumulus-protected/SWOT_L2_HR_RiverSP_D/SWOT_L2_HR_RiverSP_Reach_019_505_SA_20240817T193153_20240817T193943_PGD0_01.zip,13 exutorios dentro/intersectando a geometria do granulo.
329,RIVERSP,019,436,SA,2024-08-15T08:29:04Z,2024-08-15T08:37:30Z,10.893203735351562,13,0.0,0.0,bounding_box,SWOT_L2_HR_RiverSP_Reach_019_436_SA_20240815T082904_20240815T083730_PGD0_01,https://archive.swot.podaac.earthdata.nasa.gov/podaac-swot-ops-cumulus-protected/SWOT_L2_HR_RiverSP_D/SWOT_L2_HR_RiverSP_Reach_019_436_SA_20240815T082904_20240815T083730_PGD0_01.zip,13 exutorios dentro/intersectando a geometria do granulo.
330,RIVERSP,019,408,SA,2024-08-14T08:29:51Z,2024-08-14T08:36:41Z,6.156072616577148,13,0.0,0.0,bounding_box,SWOT_L2_HR_RiverSP_Reach_019_408_SA_20240814T082951_20240814T083641_PGD0_01,https://archive.swot.podaac.earthdata.nasa.gov/podaac-swot-ops-cumulus-protected/SWOT_L2_HR_RiverSP_D/SWOT_L2_HR_RiverSP_Reach_019_408_SA_20240814T082951_20240814T083641_PGD0_01.zip,13 exutorios dentro/intersectando a geometria do granulo.
331,RIVERSP,019,255,SA,2024-08-08T21:08:24Z,2024-08-08T21:18:31Z,10.73225212097168,13,0.0,0.0,bounding_box,SWOT_L2_HR_RiverSP_Reach_019_255_SA_20240808T210824_20240808T211831_PGD0_01,https://archive.swot.podaac.earthdata.nasa.gov/podaac-swot-ops-cumulus-protected/SWOT_L2_HR_RiverSP_D/SWOT_L2_HR_RiverSP_Reach_019_255_SA_20240808T210824_20240808T211831_PGD0_01.zip,13 exutorios dentro/intersectando a geometria do granulo.
332,RIVERSP,019,227,SA,2024-08-07T21:08:54Z,2024-08-07T21:17:40Z,6.574949264526367,13,0.0,0.0,bounding_box,SWOT_L2_HR_RiverSP_Reach_019_227_SA_20240807T210854_20240807T211740_PGD0_01,https://archive.swot.podaac.earthdata.nasa.gov/podaac-swot-ops-cumulus-protected/SWOT_L2_HR_RiverSP_D/SWOT_L2_HR_RiverSP_Reach_019_227_SA_20240807T210854_20240807T211740_PGD0_01.zip,13 exutorios dentro/intersectando a geometria do granulo.
333,RIVERSP,019,158,SA,2024-08-05T10:06:28Z,2024-08-05T10:15:42Z,8.511695861816406,13,0.0,0.0,bounding_box,SWOT_L2_HR_RiverSP_Reach_019_158_SA_20240805T100628_20240805T101542_PGD0_01,https://archive.swot.podaac.earthdata.nasa.gov/podaac-swot-ops-cumulus-protected/SWOT_L2_HR_RiverSP_D/SWOT_L2_HR_RiverSP_Reach_019_158_SA_20240805T100628_20240805T101542_PGD0_01.zip,13 exutorios dentro/intersectando a geometria do granulo.
334,RIVERSP,019,130,SA,2024-08-04T10:07:03Z,2024-08-04T10:14:30Z,8.499423027038574,13,0.0,0.0,bounding_box,SWOT_L2_HR_RiverSP_Reach_019_130_SA_20240804T100703_20240804T101430_PGD0_01,https://archive.swot.podaac.earthdata.nasa.gov/podaac-swot-ops-cumulus-protected/SWOT_L2_HR_RiverSP_D/SWOT_L2_HR_RiverSP_Reach_019_130_SA_20240804T100703_20240804T101430_PGD0_01.zip,13 exutorios dentro/intersectando a geometria do granulo.
335,RIVERSP,018,533,SA,2024-07-28T22:46:15Z,2024-07-28T22:55:30Z,8.211251258850098,13,0.0,0.0,bounding_box,SWOT_L2_HR_RiverSP_Reach_018_533_SA_20240728T224615_20240728T225530_PGD0_01,https://archive.swot.podaac.earthdata.nasa.gov/podaac-swot-ops-cumulus-protected/SWOT_L2_HR_RiverSP_D/SWOT_L2_HR_RiverSP_Reach_018_533_SA_20240728T224615_20240728T225530_PGD0_01.zip,13 exutorios dentro/intersectando a geometria do granulo.
336,RIVERSP,018,505,SA,2024-07-27T22:46:49Z,2024-07-27T22:54:38Z,5.975276947021484,13,0.0,0.0,bounding_box,SWOT_L2_HR_RiverSP_Reach_018_505_SA_20240727T224649_20240727T225438_PGD0_01,https://archive.swot.podaac.earthdata.nasa.gov/podaac-swot-ops-cumulus-protected/SWOT_L2_HR_RiverSP_D/SWOT_L2_HR_RiverSP_Reach_018_505_SA_20240727T224649_20240727T225438_PGD0_01.zip,13 exutorios dentro/intersectando a geometria do granulo.
337,RIVERSP,018,436,SA,2024-07-25T11:43:59Z,2024-07-25T11:52:25Z,9.900703430175781,13,0.0,0.0,bounding_box,SWOT_L2_HR_RiverSP_Reach_018_436_SA_20240725T114359_20240725T115225_PGD0_01,https://archive.swot.podaac.earthdata.nasa.gov/podaac-swot-ops-cumulus-protected/SWOT_L2_HR_RiverSP_D/SWOT_L2_HR_RiverSP_Reach_018_436_SA_20240725T114359_20240725T115225_PGD0_01.zip,13 exutorios dentro/intersectando a geometria do granulo.
338,RIVERSP,018,408,SA,2024-07-24T11:44:46Z,2024-07-24T11:51:36Z,6.156073570251465,13,0.0,0.0,bounding_box,SWOT_L2_HR_RiverSP_Reach_018_408_SA_20240724T114446_20240724T115136_PGD0_01,https://archive.swot.podaac.earthdata.nasa.gov/podaac-swot-ops-cumulus-protected/SWOT_L2_HR_RiverSP_D/SWOT_L2_HR_RiverSP_Reach_018_408_SA_20240724T114446_20240724T115136_PGD0_01.zip,13 exutorios dentro/intersectando a geometria do granulo.
339,RIVERSP,018,255,SA,2024-07-19T00:23:19Z,2024-07-19T00:33:26Z,10.732250213623047,13,0.0,0.0,bounding_box,SWOT_L2_HR_RiverSP_Reach_018_255_SA_20240719T002319_20240719T003326_PGD0_01,https://archive.swot.podaac.earthdata.nasa.gov/podaac-swot-ops-cumulus-protected/SWOT_L2_HR_RiverSP_D/SWOT_L2_HR_RiverSP_Reach_018_255_SA_20240719T002319_20240719T003326_PGD0_01.zip,13 exutorios dentro/intersectando a geometria do granulo.
340,RIVERSP,018,227,SA,2024-07-18T00:23:49Z,2024-07-18T00:32:36Z,6.574948310852051,13,0.0,0.0,bounding_box,SWOT_L2_HR_RiverSP_Reach_018_227_SA_20240718T002349_20240718T003236_PGD0_01,https://archive.swot.podaac.earthdata.nasa.gov/podaac-swot-ops-cumulus-protected/SWOT_L2_HR_RiverSP_D/SWOT_L2_HR_RiverSP_Reach_018_227_SA_20240718T002349_20240718T003236_PGD0_01.zip,13 exutorios dentro/intersectando a geometria do granulo.
341,RIVERSP,018,158,SA,2024-07-15T13:21:24Z,2024-07-15T13:30:37Z,8.511693000793457,13,0.0,0.0,bounding_box,SWOT_L2_HR_RiverSP_Reach_018_158_SA_20240715T132124_20240715T133037_PGD0_01,https://archive.swot.podaac.earthdata.nasa.gov/podaac-swot-ops-cumulus-protected/SWOT_L2_HR_RiverSP_D/SWOT_L2_HR_RiverSP_Reach_018_158_SA_20240715T132124_20240715T133037_PGD0_01.zip,13 exutorios dentro/intersectando a geometria do granulo.
342,RIVERSP,018,130,SA,2024-07-14T13:21:59Z,2024-07-14T13:29:26Z,8.49942398071289,13,0.0,0.0,bounding_box,SWOT_L2_HR_RiverSP_Reach_018_130_SA_20240714T132159_20240714T132926_PGD0_01,https://archive.swot.podaac.earthdata.nasa.gov/podaac-swot-ops-cumulus-protected/SWOT_L2_HR_RiverSP_D/SWOT_L2_HR_RiverSP_Reach_018_130_SA_20240714T132159_20240714T132926_PGD0_01.zip,13 exutorios dentro/intersectando a geometria do granulo.
343,RIVERSP,017,533,SA,2024-07-08T02:01:09Z,2024-07-08T02:10:25Z,8.18453598022461,13,0.0,0.0,bounding_box,SWOT_L2_HR_RiverSP_Reach_017_533_SA_20240708T020109_20240708T021025_PGD0_01,https://archive.swot.podaac.earthdata.nasa.gov/podaac-swot-ops-cumulus-protected/SWOT_L2_HR_RiverSP_D/SWOT_L2_HR_RiverSP_Reach_017_533_SA_20240708T020109_20240708T021025_PGD0_01.zip,13 exutorios dentro/intersectando a geometria do granulo.
344,RIVERSP,017,505,SA,2024-07-07T02:01:43Z,2024-07-07T02:09:33Z,5.975282669067383,13,0.0,0.0,bounding_box,SWOT_L2_HR_RiverSP_Reach_017_505_SA_20240707T020143_20240707T020933_PGD0_01,https://archive.swot.podaac.earthdata.nasa.gov/podaac-swot-ops-cumulus-protected/SWOT_L2_HR_RiverSP_D/SWOT_L2_HR_RiverSP_Reach_017_505_SA_20240707T020143_20240707T020933_PGD0_01.zip,13 exutorios dentro/intersectando a geometria do granulo.
345,RIVERSP,017,436,SA,2024-07-04T14:58:53Z,2024-07-04T15:07:19Z,10.407976150512695,13,0.0,0.0,bounding_box,SWOT_L2_HR_RiverSP_Reach_017_436_SA_20240704T145853_20240704T150719_PGD0_01,https://archive.swot.podaac.earthdata.nasa.gov/podaac-swot-ops-cumulus-protected/SWOT_L2_HR_RiverSP_D/SWOT_L2_HR_RiverSP_Reach_017_436_SA_20240704T145853_20240704T150719_PGD0_01.zip,13 exutorios dentro/intersectando a geometria do granulo.
346,RIVERSP,017,408,SA,2024-07-03T14:59:40Z,2024-07-03T15:06:30Z,6.156071662902832,13,0.0,0.0,bounding_box,SWOT_L2_HR_RiverSP_Reach_017_408_SA_20240703T145940_20240703T150630_PGD0_01,https://archive.swot.podaac.earthdata.nasa.gov/podaac-swot-ops-cumulus-protected/SWOT_L2_HR_RiverSP_D/SWOT_L2_HR_RiverSP_Reach_017_408_SA_20240703T145940_20240703T150630_PGD0_01.zip,13 exutorios dentro/intersectando a geometria do granulo.
347,RIVERSP,017,255,SA,2024-06-28T03:38:14Z,2024-06-28T03:48:22Z,10.73224925994873,13,0.0,0.0,bounding_box,SWOT_L2_HR_RiverSP_Reach_017_255_SA_20240628T033814_20240628T034822_PGD0_01,https://archive.swot.podaac.earthdata.nasa.gov/podaac-swot-ops-cumulus-protected/SWOT_L2_HR_RiverSP_D/SWOT_L2_HR_RiverSP_Reach_017_255_SA_20240628T033814_20240628T034822_PGD0_01.zip,13 exutorios dentro/intersectando a geometria do granulo.
348,RIVERSP,017,227,SA,2024-06-27T03:38:45Z,2024-06-27T03:47:31Z,6.592167854309082,13,0.0,0.0,bounding_box,SWOT_L2_HR_RiverSP_Reach_017_227_SA_20240627T033845_20240627T034731_PGD0_01,https://archive.swot.podaac.earthdata.nasa.gov/podaac-swot-ops-cumulus-protected/SWOT_L2_HR_RiverSP_D/SWOT_L2_HR_RiverSP_Reach_017_227_SA_20240627T033845_20240627T034731_PGD0_01.zip,13 exutorios dentro/intersectando a geometria do granulo.
349,RIVERSP,017,158,SA,2024-06-24T16:36:20Z,2024-06-24T16:45:33Z,8.511693954467773,13,0.0,0.0,bounding_box,SWOT_L2_HR_RiverSP_Reach_017_158_SA_20240624T163620_20240624T164533_PGD0_01,https://archive.swot.podaac.earthdata.nasa.gov/podaac-swot-ops-cumulus-protected/SWOT_L2_HR_RiverSP_D/SWOT_L2_HR_RiverSP_Reach_017_158_SA_20240624T163620_20240624T164533_PGD0_01.zip,13 exutorios dentro/intersectando a geometria do granulo.
350,RIVERSP,017,130,SA,2024-06-23T16:36:55Z,2024-06-23T16:44:22Z,8.49942398071289,13,0.0,0.0,bounding_box,SWOT_L2_HR_RiverSP_Reach_017_130_SA_20240623T163655_20240623T164422_PGD0_01,https://archive.swot.podaac.earthdata.nasa.gov/podaac-swot-ops-cumulus-protected/SWOT_L2_HR_RiverSP_D/SWOT_L2_HR_RiverSP_Reach_017_130_SA_20240623T163655_20240623T164422_PGD0_01.zip,13 exutorios dentro/intersectando a geometria do granulo.
351,RIVERSP,016,533,SA,2024-06-17T05:16:07Z,2024-06-17T05:25:22Z,8.211251258850098,13,0.0,0.0,bounding_box,SWOT_L2_HR_RiverSP_Reach_016_533_SA_20240617T051607_20240617T052522_PGD0_01,https://archive.swot.podaac.earthdata.nasa.gov/podaac-swot-ops-cumulus-protected/SWOT_L2_HR_RiverSP_D/SWOT_L2_HR_RiverSP_Reach_016_533_SA_20240617T051607_20240617T052522_PGD0_01.zip,13 exutorios dentro/intersectando a geometria do granulo.
352,RIVERSP,016,505,SA,2024-06-16T05:16:41Z,2024-06-16T05:24:30Z,5.975278854370117,13,0.0,0.0,bounding_box,SWOT_L2_HR_RiverSP_Reach_016_505_SA_20240616T051641_20240616T052430_PGD0_01,https://archive.swot.podaac.earthdata.nasa.gov/podaac-swot-ops-cumulus-protected/SWOT_L2_HR_RiverSP_D/SWOT_L2_HR_RiverSP_Reach_016_505_SA_20240616T051641_20240616T052430_PGD0_01.zip,13 exutorios dentro/intersectando a geometria do granulo.
353,RIVERSP,016,436,SA,2024-06-13T18:13:51Z,2024-06-13T18:22:17Z,10.893209457397461,13,0.0,0.0,bounding_box,SWOT_L2_HR_RiverSP_Reach_016_436_SA_20240613T181351_20240613T182217_PGD0_01,https://archive.swot.podaac.earthdata.nasa.gov/podaac-swot-ops-cumulus-protected/SWOT_L2_HR_RiverSP_D/SWOT_L2_HR_RiverSP_Reach_016_436_SA_20240613T181351_20240613T182217_PGD0_01.zip,13 exutorios dentro/intersectando a geometria do granulo.
354,RIVERSP,016,408,SA,2024-06-12T18:14:37Z,2024-06-12T18:21:28Z,6.156069755554199,13,0.0,0.0,bounding_box,SWOT_L2_HR_RiverSP_Reach_016_408_SA_20240612T181437_20240612T182128_PGD0_01,https://archive.swot.podaac.earthdata.nasa.gov/podaac-swot-ops-cumulus-protected/SWOT_L2_HR_RiverSP_D/SWOT_L2_HR_RiverSP_Reach_016_408_SA_20240612T181437_20240612T182128_PGD0_01.zip,13 exutorios dentro/intersectando a geometria do granulo.
355,RIVERSP,016,255,SA,2024-06-07T06:53:12Z,2024-06-07T07:03:19Z,10.732254981994629,13,0.0,0.0,bounding_box,SWOT_L2_HR_RiverSP_Reach_016_255_SA_20240607T065312_20240607T070319_PGD0_01,https://archive.swot.podaac.earthdata.nasa.gov/podaac-swot-ops-cumulus-protected/SWOT_L2_HR_RiverSP_D/SWOT_L2_HR_RiverSP_Reach_016_255_SA_20240607T065312_20240607T070319_PGD0_01.zip,13 exutorios dentro/intersectando a geometria do granulo.
356,RIVERSP,016,227,SA,2024-06-06T06:53:42Z,2024-06-06T07:02:28Z,6.611537933349609,13,0.0,0.0,bounding_box,SWOT_L2_HR_RiverSP_Reach_016_227_SA_20240606T065342_20240606T070228_PGD0_01,https://archive.swot.podaac.earthdata.nasa.gov/podaac-swot-ops-cumulus-protected/SWOT_L2_HR_RiverSP_D/SWOT_L2_HR_RiverSP_Reach_016_227_SA_20240606T065342_20240606T070228_PGD0_01.zip,13 exutorios dentro/intersectando a geometria do granulo.
357,RIVERSP,016,158,SA,2024-06-03T19:51:16Z,2024-06-03T20:00:30Z,8.511699676513672,13,0.0,0.0,bounding_box,SWOT_L2_HR_RiverSP_Reach_016_158_SA_20240603T195116_20240603T200030_PGD0_01,https://archive.swot.podaac.earthdata.nasa.gov/podaac-swot-ops-cumulus-protected/SWOT_L2_HR_RiverSP_D/SWOT_L2_HR_RiverSP_Reach_016_158_SA_20240603T195116_20240603T200030_PGD0_01.zip,13 exutorios dentro/intersectando a geometria do granulo.
358,RIVERSP,016,130,SA,2024-06-02T19:51:51Z,2024-06-02T19:59:18Z,8.499894142150879,13,0.0,0.0,bounding_box,SWOT_L2_HR_RiverSP_Reach_016_130_SA_20240602T195151_20240602T195918_PGD0_01,https://archive.swot.podaac.earthdata.nasa.gov/podaac-swot-ops-cumulus-protected/SWOT_L2_HR_RiverSP_D/SWOT_L2_HR_RiverSP_Reach_016_130_SA_20240602T195151_20240602T195918_PGD0_01.zip,13 exutorios dentro/intersectando a geometria do granulo.
359,RIVERSP,015,533,SA,2024-05-27T08:31:01Z,2024-05-27T08:40:17Z,8.211247444152832,13,0.0,0.0,bounding_box,SWOT_L2_HR_RiverSP_Reach_015_533_SA_20240527T083101_20240527T084017_PGD0_01,https://archive.swot.podaac.earthdata.nasa.gov/podaac-swot-ops-cumulus-protected/SWOT_L2_HR_RiverSP_D/SWOT_L2_HR_RiverSP_Reach_015_533_SA_20240527T083101_20240527T084017_PGD0_01.zip,13 exutorios dentro/intersectando a geometria do granulo.
360,RIVERSP,015,505,SA,2024-05-26T08:31:35Z,2024-05-26T08:39:24Z,5.975281715393066,13,0.0,0.0,bounding_box,SWOT_L2_HR_RiverSP_Reach_015_505_SA_20240526T083135_20240526T083924_PGD0_01,https://archive.swot.podaac.earthdata.nasa.gov/podaac-swot-ops-cumulus-protected/SWOT_L2_HR_RiverSP_D/SWOT_L2_HR_RiverSP_Reach_015_505_SA_20240526T083135_20240526T083924_PGD0_01.zip,13 exutorios dentro/intersectando a geometria do granulo.
361,RIVERSP,015,436,SA,2024-05-23T21:28:45Z,2024-05-23T21:37:11Z,10.893209457397461,13,0.0,0.0,bounding_box,SWOT_L2_HR_RiverSP_Reach_015_436_SA_20240523T212845_20240523T213711_PGD0_01,https://archive.swot.podaac.earthdata.nasa.gov/podaac-swot-ops-cumulus-protected/SWOT_L2_HR_RiverSP_D/SWOT_L2_HR_RiverSP_Reach_015_436_SA_20240523T212845_20240523T213711_PGD0_01.zip,13 exutorios dentro/intersectando a geometria do granulo.
362,RIVERSP,015,408,SA,2024-05-22T21:29:31Z,2024-05-22T21:36:22Z,6.156139373779297,13,0.0,0.0,bounding_box,SWOT_L2_HR_RiverSP_Reach_015_408_SA_20240522T212931_20240522T213622_PGD0_01,https://archive.swot.podaac.earthdata.nasa.gov/podaac-swot-ops-cumulus-protected/SWOT_L2_HR_RiverSP_D/SWOT_L2_HR_RiverSP_Reach_015_408_SA_20240522T212931_20240522T213622_PGD0_01.zip,13 exutorios dentro/intersectando a geometria do granulo.
363,RIVERSP,015,255,SA,2024-05-17T10:08:06Z,2024-05-17T10:18:13Z,10.732254028320312,13,0.0,0.0,bounding_box,SWOT_L2_HR_RiverSP_Reach_015_255_SA_20240517T100806_20240517T101813_PGD0_01,https://archive.swot.podaac.earthdata.nasa.gov/podaac-swot-ops-cumulus-protected/SWOT_L2_HR_RiverSP_D/SWOT_L2_HR_RiverSP_Reach_015_255_SA_20240517T100806_20240517T101813_PGD0_01.zip,13 exutorios dentro/intersectando a geometria do granulo.
364,RIVERSP,015,227,SA,2024-05-16T10:08:36Z,2024-05-16T10:17:22Z,6.574950218200684,13,0.0,0.0,bounding_box,SWOT_L2_HR_RiverSP_Reach_015_227_SA_20240516T100836_20240516T101722_PGD0_01,https://archive.swot.podaac.earthdata.nasa.gov/podaac-swot-ops-cumulus-protected/SWOT_L2_HR_RiverSP_D/SWOT_L2_HR_RiverSP_Reach_015_227_SA_20240516T100836_20240516T101722_PGD0_01.zip,13 exutorios dentro/intersectando a geometria do granulo.
365,RIVERSP,015,158,SA,2024-05-13T23:06:11Z,2024-05-13T23:15:24Z,8.511687278747559,13,0.0,0.0,bounding_box,SWOT_L2_HR_RiverSP_Reach_015_158_SA_20240513T230611_20240513T231524_PGD0_01,https://archive.swot.podaac.earthdata.nasa.gov/podaac-swot-ops-cumulus-protected/SWOT_L2_HR_RiverSP_D/SWOT_L2_HR_RiverSP_Reach_015_158_SA_20240513T230611_20240513T231524_PGD0_01.zip,13 exutorios dentro/intersectando a geometria do granulo.
366,RIVERSP,014,533,SA,2024-05-06T11:45:56Z,2024-05-06T11:55:12Z,8.211247444152832,13,0.0,0.0,bounding_box,SWOT_L2_HR_RiverSP_Reach_014_533_SA_20240506T114556_20240506T115512_PGD0_01,https://archive.swot.podaac.earthdata.nasa.gov/podaac-swot-ops-cumulus-protected/SWOT_L2_HR_RiverSP_D/SWOT_L2_HR_RiverSP_Reach_014_533_SA_20240506T114556_20240506T115512_PGD0_01.zip,13 exutorios dentro/intersectando a geometria do granulo.
367,RIVERSP,014,505,SA,2024-05-05T11:46:30Z,2024-05-05T11:54:19Z,5.975281715393066,13,0.0,0.0,bounding_box,SWOT_L2_HR_RiverSP_Reach_014_505_SA_20240505T114630_20240505T115419_PGD0_01,https://archive.swot.podaac.earthdata.nasa.gov/podaac-swot-ops-cumulus-protected/SWOT_L2_HR_RiverSP_D/SWOT_L2_HR_RiverSP_Reach_014_505_SA_20240505T114630_20240505T115419_PGD0_01.zip,13 exutorios dentro/intersectando a geometria do granulo.
368,RIVERSP,014,436,SA,2024-05-03T00:43:40Z,2024-05-03T00:52:06Z,10.893208503723145,13,0.0,0.0,bounding_box,SWOT_L2_HR_RiverSP_Reach_014_436_SA_20240503T004340_20240503T005206_PGD0_01,https://archive.swot.podaac.earthdata.nasa.gov/podaac-swot-ops-cumulus-protected/SWOT_L2_HR_RiverSP_D/SWOT_L2_HR_RiverSP_Reach_014_436_SA_20240503T004340_20240503T005206_PGD0_01.zip,13 exutorios dentro/intersectando a geometria do granulo.
369,RIVERSP,014,408,SA,2024-05-02T00:44:26Z,2024-05-02T00:51:17Z,6.156070709228516,13,0.0,0.0,bounding_box,SWOT_L2_HR_RiverSP_Reach_014_408_SA_20240502T004426_20240502T005117_PGD0_01,https://archive.swot.podaac.earthdata.nasa.gov/podaac-swot-ops-cumulus-protected/SWOT_L2_HR_RiverSP_D/SWOT_L2_HR_RiverSP_Reach_014_408_SA_20240502T004426_20240502T005117_PGD0_01.zip,13 exutorios dentro/intersectando a geometria do granulo.
370,RIVERSP,014,255,SA,2024-04-26T13:22:57Z,2024-04-26T13:33:09Z,10.732730865478516,13,0.0,0.0,bounding_box,SWOT_L2_HR_RiverSP_Reach_014_255_SA_20240426T132257_20240426T133309_PGD0_01,https://archive.swot.podaac.earthdata.nasa.gov/podaac-swot-ops-cumulus-protected/SWOT_L2_HR_RiverSP_D/SWOT_L2_HR_RiverSP_Reach_014_255_SA_20240426T132257_20240426T133309_PGD0_01.zip,13 exutorios dentro/intersectando a geometria do granulo.
371,RIVERSP,014,227,SA,2024-04-25T13:23:26Z,2024-04-25T13:32:28Z,6.575323104858398,13,0.0,0.0,bounding_box,SWOT_L2_HR_RiverSP_Reach_014_227_SA_20240425T132326_20240425T133228_PGD0_01,https://archive.swot.podaac.earthdata.nasa.gov/podaac-swot-ops-cumulus-protected/SWOT_L2_HR_RiverSP_D/SWOT_L2_HR_RiverSP_Reach_014_227_SA_20240425T132326_20240425T133228_PGD0_01.zip,13 exutorios dentro/intersectando a geometria do granulo.
372,RIVERSP,014,158,SA,2024-04-23T02:21:02Z,2024-04-23T02:30:24Z,8.512235641479492,13,0.0,0.0,bounding_box,SWOT_L2_HR_RiverSP_Reach_014_158_SA_20240423T022102_20240423T023024_PGD0_01,https://archive.swot.podaac.earthdata.nasa.gov/podaac-swot-ops-cumulus-protected/SWOT_L2_HR_RiverSP_D/SWOT_L2_HR_RiverSP_Reach_014_158_SA_20240423T022102_20240423T023024_PGD0_01.zip,13 exutorios dentro/intersectando a geometria do granulo.
373,RIVERSP,014,130,SA,2024-04-22T02:21:31Z,2024-04-22T02:29:13Z,8.500675201416016,13,0.0,0.0,bounding_box,SWOT_L2_HR_RiverSP_Reach_014_130_SA_20240422T022131_20240422T022913_PGD0_01,https://archive.swot.podaac.earthdata.nasa.gov/podaac-swot-ops-cumulus-protected/SWOT_L2_HR_RiverSP_D/SWOT_L2_HR_RiverSP_Reach_014_130_SA_20240422T022131_20240422T022913_PGD0_01.zip,13 exutorios dentro/intersectando a geometria do granulo.
374,RIVERSP,013,533,SA,2024-04-15T15:00:49Z,2024-04-15T15:10:11Z,8.273905754089355,13,0.0,0.0,bounding_box,SWOT_L2_HR_RiverSP_Reach_013_533_SA_20240415T150049_20240415T151011_PGD0_01,https://archive.swot.podaac.earthdata.nasa.gov/podaac-swot-ops-cumulus-protected/SWOT_L2_HR_RiverSP_D/SWOT_L2_HR_RiverSP_Reach_013_533_SA_20240415T150049_20240415T151011_PGD0_01.zip,13 exutorios dentro/intersectando a geometria do granulo.
375,RIVERSP,013,505,SA,2024-04-14T15:01:18Z,2024-04-14T15:09:20Z,6.0029296875,13,0.0,0.0,bounding_box,SWOT_L2_HR_RiverSP_Reach_013_505_SA_20240414T150118_20240414T150920_PGD0_01,https://archive.swot.podaac.earthdata.nasa.gov/podaac-swot-ops-cumulus-protected/SWOT_L2_HR_RiverSP_D/SWOT_L2_HR_RiverSP_Reach_013_505_SA_20240414T150118_20240414T150920_PGD0_01.zip,13 exutorios dentro/intersectando a geometria do granulo.
376,RIVERSP,013,464,SA,2024-04-13T03:58:35Z,2024-04-13T04:08:46Z,9.11048412322998,13,0.0,0.0,bounding_box,SWOT_L2_HR_RiverSP_Reach_013_464_SA_20240413T035835_20240413T040846_PGD0_01,https://archive.swot.podaac.earthdata.nasa.gov/podaac-swot-ops-cumulus-protected/SWOT_L2_HR_RiverSP_D/SWOT_L2_HR_RiverSP_Reach_013_464_SA_20240413T035835_20240413T040846_PGD0_01.zip,13 exutorios dentro/intersectando a geometria do granulo.
377,RIVERSP,013,436,SA,2024-04-12T03:58:33Z,2024-04-12T04:07:05Z,10.945015907287598,13,0.0,0.0,bounding_box,SWOT_L2_HR_RiverSP_Reach_013_436_SA_20240412T035833_20240412T040705_PGD0_01,https://archive.swot.podaac.earthdata.nasa.gov/podaac-swot-ops-cumulus-protected/SWOT_L2_HR_RiverSP_D/SWOT_L2_HR_RiverSP_Reach_013_436_SA_20240412T035833_20240412T040705_PGD0_01.zip,13 exutorios dentro/intersectando a geometria do granulo.
378,RIVERSP,013,408,SA,2024-04-11T03:59:22Z,2024-04-11T04:06:14Z,6.156071662902832,13,0.0,0.0,bounding_box,SWOT_L2_HR_RiverSP_Reach_013_408_SA_20240411T035922_20240411T040614_PGD0_01,https://archive.swot.podaac.earthdata.nasa.gov/podaac-swot-ops-cumulus-protected/SWOT_L2_HR_RiverSP_D/SWOT_L2_HR_RiverSP_Reach_013_408_SA_20240411T035922_20240411T040614_PGD0_01.zip,13 exutorios dentro/intersectando a geometria do granulo.
379,RIVERSP,013,255,SA,2024-04-05T16:37:51Z,2024-04-05T16:48:02Z,10.732726097106934,13,0.0,0.0,bounding_box,SWOT_L2_HR_RiverSP_Reach_013_255_SA_20240405T163751_20240405T164802_PGD0_01,https://archive.swot.podaac.earthdata.nasa.gov/podaac-swot-ops-cumulus-protected/SWOT_L2_HR_RiverSP_D/SWOT_L2_HR_RiverSP_Reach_013_255_SA_20240405T163751_20240405T164802_PGD0_01.zip,13 exutorios dentro/intersectando a geometria do granulo.
380,RIVERSP,013,227,SA,2024-04-04T16:38:20Z,2024-04-04T16:47:21Z,6.575319290161133,13,0.0,0.0,bounding_box,SWOT_L2_HR_RiverSP_Reach_013_227_SA_20240404T163820_20240404T164721_PGD0_01,https://archive.swot.podaac.earthdata.nasa.gov/podaac-swot-ops-cumulus-protected/SWOT_L2_HR_RiverSP_D/SWOT_L2_HR_RiverSP_Reach_013_227_SA_20240404T163820_20240404T164721_PGD0_01.zip,13 exutorios dentro/intersectando a geometria do granulo.
381,RIVERSP,013,158,SA,2024-04-02T05:35:56Z,2024-04-02T05:45:17Z,8.512235641479492,13,0.0,0.0,bounding_box,SWOT_L2_HR_RiverSP_Reach_013_158_SA_20240402T053556_20240402T054517_PGD0_01,https://archive.swot.podaac.earthdata.nasa.gov/podaac-swot-ops-cumulus-protected/SWOT_L2_HR_RiverSP_D/SWOT_L2_HR_RiverSP_Reach_013_158_SA_20240402T053556_20240402T054517_PGD0_01.zip,13 exutorios dentro/intersectando a geometria do granulo.
382,RIVERSP,013,130,SA,2024-04-01T05:36:25Z,2024-04-01T05:44:07Z,8.500673294067383,13,0.0,0.0,bounding_box,SWOT_L2_HR_RiverSP_Reach_013_130_SA_20240401T053625_20240401T054407_PGD0_01,https://archive.swot.podaac.earthdata.nasa.gov/podaac-swot-ops-cumulus-protected/SWOT_L2_HR_RiverSP_D/SWOT_L2_HR_RiverSP_Reach_013_130_SA_20240401T053625_20240401T054407_PGD0_01.zip,13 exutorios dentro/intersectando a geometria do granulo.
383,RIVERSP,012,533,SA,2024-03-25T18:15:44Z,2024-03-25T18:25:06Z,8.273905754089355,13,0.0,0.0,bounding_box,SWOT_L2_HR_RiverSP_Reach_012_533_SA_20240325T181544_20240325T182506_PGD0_01,https://archive.swot.podaac.earthdata.nasa.gov/podaac-swot-ops-cumulus-protected/SWOT_L2_HR_RiverSP_D/SWOT_L2_HR_RiverSP_Reach_012_533_SA_20240325T181544_20240325T182506_PGD0_01.zip,13 exutorios dentro/intersectando a geometria do granulo.
384,RIVERSP,012,505,SA,2024-03-24T18:16:13Z,2024-03-24T18:24:15Z,6.002925872802734,13,0.0,0.0,bounding_box,SWOT_L2_HR_RiverSP_Reach_012_505_SA_20240324T181613_20240324T182415_PGD0_01,https://archive.swot.podaac.earthdata.nasa.gov/podaac-swot-ops-cumulus-protected/SWOT_L2_HR_RiverSP_D/SWOT_L2_HR_RiverSP_Reach_012_505_SA_20240324T181613_20240324T182415_PGD0_01.zip,13 exutorios dentro/intersectando a geometria do granulo.
385,RIVERSP,012,464,SA,2024-03-23T07:13:30Z,2024-03-23T07:23:41Z,9.110494613647461,13,0.0,0.0,bounding_box,SWOT_L2_HR_RiverSP_Reach_012_464_SA_20240323T071330_20240323T072341_PGD0_01,https://archive.swot.podaac.earthdata.nasa.gov/podaac-swot-ops-cumulus-protected/SWOT_L2_HR_RiverSP_D/SWOT_L2_HR_RiverSP_Reach_012_464_SA_20240323T071330_20240323T072341_PGD0_01.zip,13 exutorios dentro/intersectando a geometria do granulo.
386,RIVERSP,012,436,SA,2024-03-22T07:13:28Z,2024-03-22T07:22:00Z,10.945014953613281,13,0.0,0.0,bounding_box,SWOT_L2_HR_RiverSP_Reach_012_436_SA_20240322T071328_20240322T072200_PGD0_01,https://archive.swot.podaac.earthdata.nasa.gov/podaac-swot-ops-cumulus-protected/SWOT_L2_HR_RiverSP_D/SWOT_L2_HR_RiverSP_Reach_012_436_SA_20240322T071328_20240322T072200_PGD0_01.zip,13 exutorios dentro/intersectando a geometria do granulo.
387,RIVERSP,012,255,SA,2024-03-15T19:52:50Z,2024-03-15T20:02:38Z,10.253194808959961,13,0.0,0.0,bounding_box,SWOT_L2_HR_RiverSP_Reach_012_255_SA_20240315T195250_20240315T200238_PGD0_01,https://archive.swot.podaac.earthdata.nasa.gov/podaac-swot-ops-cumulus-protected/SWOT_L2_HR_RiverSP_D/SWOT_L2_HR_RiverSP_Reach_012_255_SA_20240315T195250_20240315T200238_PGD0_01.zip,13 exutorios dentro/intersectando a geometria do granulo.
388,RIVERSP,012,227,SA,2024-03-14T19:53:21Z,2024-03-14T20:02:07Z,6.574950218200684,13,0.0,0.0,bounding_box,SWOT_L2_HR_RiverSP_Reach_012_227_SA_20240314T195321_20240314T200207_PGD0_01,https://archive.swot.podaac.earthdata.nasa.gov/podaac-swot-ops-cumulus-protected/SWOT_L2_HR_RiverSP_D/SWOT_L2_HR_RiverSP_Reach_012_227_SA_20240314T195321_20240314T200207_PGD0_01.zip,13 exutorios dentro/intersectando a geometria do granulo.
389,RIVERSP,012,158,SA,2024-03-12T08:50:56Z,2024-03-12T09:00:09Z,8.511693000793457,13,0.0,0.0,bounding_box,SWOT_L2_HR_RiverSP_Reach_012_158_SA_20240312T085056_20240312T090009_PGD0_01,https://archive.swot.podaac.earthdata.nasa.gov/podaac-swot-ops-cumulus-protected/SWOT_L2_HR_RiverSP_D/SWOT_L2_HR_RiverSP_Reach_012_158_SA_20240312T085056_20240312T090009_PGD0_01.zip,13 exutorios dentro/intersectando a geometria do granulo.
390,RIVERSP,012,130,SA,2024-03-11T08:51:31Z,2024-03-11T08:58:58Z,8.499896049499512,13,0.0,0.0,bounding_box,SWOT_L2_HR_RiverSP_Reach_012_130_SA_20240311T085131_20240311T085858_PGD0_01,https://archive.swot.podaac.earthdata.nasa.gov/podaac-swot-ops-cumulus-protected/SWOT_L2_HR_RiverSP_D/SWOT_L2_HR_RiverSP_Reach_012_130_SA_20240311T085131_20240311T085858_PGD0_01.zip,13 exutorios dentro/intersectando a geometria do granulo.
391,RIVERSP,011,533,SA,2024-03-04T21:30:44Z,2024-03-04T21:39:59Z,8.211248397827148,13,0.0,0.0,bounding_box,SWOT_L2_HR_RiverSP_Reach_011_533_SA_20240304T213044_20240304T213959_PGD0_01,https://archive.swot.podaac.earthdata.nasa.gov/podaac-swot-ops-cumulus-protected/SWOT_L2_HR_RiverSP_D/SWOT_L2_HR_RiverSP_Reach_011_533_SA_20240304T213044_20240304T213959_PGD0_01.zip,13 exutorios dentro/intersectando a geometria do granulo.
392,RIVERSP,011,505,SA,2024-03-03T21:31:18Z,2024-03-03T21:39:07Z,5.919984817504883,13,0.0,0.0,bounding_box,SWOT_L2_HR_RiverSP_Reach_011_505_SA_20240303T213118_20240303T213907_PGD0_01,https://archive.swot.podaac.earthdata.nasa.gov/podaac-swot-ops-cumulus-protected/SWOT_L2_HR_RiverSP_D/SWOT_L2_HR_RiverSP_Reach_011_505_SA_20240303T213118_20240303T213907_PGD0_01.zip,13 exutorios dentro/intersectando a geometria do granulo.
393,RIVERSP,011,436,SA,2024-03-01T10:28:28Z,2024-03-01T10:36:54Z,10.89321231842041,13,0.0,0.0,bounding_box,SWOT_L2_HR_RiverSP_Reach_011_436_SA_20240301T102828_20240301T103654_PGD0_01,https://archive.swot.podaac.earthdata.nasa.gov/podaac-swot-ops-cumulus-protected/SWOT_L2_HR_RiverSP_D/SWOT_L2_HR_RiverSP_Reach_011_436_SA_20240301T102828_20240301T103654_PGD0_01.zip,13 exutorios dentro/intersectando a geometria do granulo.
394,RIVERSP,011,408,SA,2024-02-29T10:29:15Z,2024-02-29T10:36:05Z,6.156068801879883,13,0.0,0.0,bounding_box,SWOT_L2_HR_RiverSP_Reach_011_408_SA_20240229T102915_20240229T103605_PGD0_01,https://archive.swot.podaac.earthdata.nasa.gov/podaac-swot-ops-cumulus-protected/SWOT_L2_HR_RiverSP_D/SWOT_L2_HR_RiverSP_Reach_011_408_SA_20240229T102915_20240229T103605_PGD0_01.zip,13 exutorios dentro/intersectando a geometria do granulo.
395,RIVERSP,011,255,SA,2024-02-23T23:07:48Z,2024-02-23T23:17:55Z,10.732247352600098,13,0.0,0.0,bounding_box,SWOT_L2_HR_RiverSP_Reach_011_255_SA_20240223T230748_20240223T231755_PGD0_01,https://archive.swot.podaac.earthdata.nasa.gov/podaac-swot-ops-cumulus-protected/SWOT_L2_HR_RiverSP_D/SWOT_L2_HR_RiverSP_Reach_011_255_SA_20240223T230748_20240223T231755_PGD0_01.zip,13 exutorios dentro/intersectando a geometria do granulo.
396,RIVERSP,011,227,SA,2024-02-22T23:08:19Z,2024-02-22T23:17:05Z,6.574946403503418,13,0.0,0.0,bounding_box,SWOT_L2_HR_RiverSP_Reach_011_227_SA_20240222T230819_20240222T231705_PGD0_01,https://archive.swot.podaac.earthdata.nasa.gov/podaac-swot-ops-cumulus-protected/SWOT_L2_HR_RiverSP_D/SWOT_L2_HR_RiverSP_Reach_011_227_SA_20240222T230819_20240222T231705_PGD0_01.zip,13 exutorios dentro/intersectando a geometria do granulo.
397,RIVERSP,011,158,SA,2024-02-20T12:05:53Z,2024-02-20T12:15:07Z,8.511689186096191,13,0.0,0.0,bounding_box,SWOT_L2_HR_RiverSP_Reach_011_158_SA_20240220T120553_20240220T121507_PGD0_01,https://archive.swot.podaac.earthdata.nasa.gov/podaac-swot-ops-cumulus-protected/SWOT_L2_HR_RiverSP_D/SWOT_L2_HR_RiverSP_Reach_011_158_SA_20240220T120553_20240220T121507_PGD0_01.zip,13 exutorios dentro/intersectando a geometria do granulo.
398,RIVERSP,011,130,SA,2024-02-19T12:06:28Z,2024-02-19T12:13:55Z,8.499896049499512,13,0.0,0.0,bounding_box,SWOT_L2_HR_RiverSP_Reach_011_130_SA_20240219T120628_20240219T121355_PGD0_01,https://archive.swot.podaac.earthdata.nasa.gov/podaac-swot-ops-cumulus-protected/SWOT_L2_HR_RiverSP_D/SWOT_L2_HR_RiverSP_Reach_011_130_SA_20240219T120628_20240219T121355_PGD0_01.zip,13 exutorios dentro/intersectando a geometria do granulo.
399,RIVERSP,010,533,SA,2024-02-13T00:45:39Z,2024-02-13T00:54:55Z,8.211251258850098,13,0.0,0.0,bounding_box,SWOT_L2_HR_RiverSP_Reach_010_533_SA_20240213T004539_20240213T005455_PGD0_01,https://archive.swot.podaac.earthdata.nasa.gov/podaac-swot-ops-cumulus-protected/SWOT_L2_HR_RiverSP_D/SWOT_L2_HR_RiverSP_Reach_010_533_SA_20240213T004539_20240213T005455_PGD0_01.zip,13 exutorios dentro/intersectando a geometria do granulo.
400,RIVERSP,010,505,SA,2024-02-12T00:46:13Z,2024-02-12T00:54:02Z,5.975278854370117,13,0.0,0.0,bounding_box,SWOT_L2_HR_RiverSP_Reach_010_505_SA_20240212T004613_20240212T005402_PGD0_01,https://archive.swot.podaac.earthdata.nasa.gov/podaac-swot-ops-cumulus-protected/SWOT_L2_HR_RiverSP_D/SWOT_L2_HR_RiverSP_Reach_010_505_SA_20240212T004613_20240212T005402_PGD0_01.zip,13 exutorios dentro/intersectando a geometria do granulo.
401,RIVERSP,010,436,SA,2024-02-09T13:43:23Z,2024-02-09T13:51:49Z,10.493496894836426,13,0.0,0.0,bounding_box,SWOT_L2_HR_RiverSP_Reach_010_436_SA_20240209T134323_20240209T135149_PGD0_01,https://archive.swot.podaac.earthdata.nasa.gov/podaac-swot-ops-cumulus-protected/SWOT_L2_HR_RiverSP_D/SWOT_L2_HR_RiverSP_Reach_010_436_SA_20240209T134323_20240209T135149_PGD0_01.zip,13 exutorios dentro/intersectando a geometria do granulo.
402,RIVERSP,010,436,SA,2024-02-09T13:43:23Z,2024-02-09T13:51:49Z,10.893213272094727,13,0.0,0.0,bounding_box,SWOT_L2_HR_RiverSP_Reach_010_436_SA_20240209T134323_20240209T135149_PGD0_02,https://archive.swot.podaac.earthdata.nasa.gov/podaac-swot-ops-cumulus-protected/SWOT_L2_HR_RiverSP_D/SWOT_L2_HR_RiverSP_Reach_010_436_SA_20240209T134323_20240209T135149_PGD0_02.zip,13 exutorios dentro/intersectando a geometria do granulo.
403,RIVERSP,010,408,SA,2024-02-08T13:44:09Z,2024-02-08T13:51:00Z,6.156073570251465,13,0.0,0.0,bounding_box,SWOT_L2_HR_RiverSP_Reach_010_408_SA_20240208T134409_20240208T135100_PGD0_01,https://archive.swot.podaac.earthdata.nasa.gov/podaac-swot-ops-cumulus-protected/SWOT_L2_HR_RiverSP_D/SWOT_L2_HR_RiverSP_Reach_010_408_SA_20240208T134409_20240208T135100_PGD0_01.zip,13 exutorios dentro/intersectando a geometria do granulo.
404,RIVERSP,010,255,SA,2024-02-03T02:22:43Z,2024-02-03T02:32:50Z,10.732254981994629,13,0.0,0.0,bounding_box,SWOT_L2_HR_RiverSP_Reach_010_255_SA_20240203T022243_20240203T023250_PGD0_01,https://archive.swot.podaac.earthdata.nasa.gov/podaac-swot-ops-cumulus-protected/SWOT_L2_HR_RiverSP_D/SWOT_L2_HR_RiverSP_Reach_010_255_SA_20240203T022243_20240203T023250_PGD0_01.zip,13 exutorios dentro/intersectando a geometria do granulo.
405,RIVERSP,010,227,SA,2024-02-02T02:23:13Z,2024-02-02T02:32:00Z,6.574952125549316,13,0.0,0.0,bounding_box,SWOT_L2_HR_RiverSP_Reach_010_227_SA_20240202T022313_20240202T023200_PGD0_01,https://archive.swot.podaac.earthdata.nasa.gov/podaac-swot-ops-cumulus-protected/SWOT_L2_HR_RiverSP_D/SWOT_L2_HR_RiverSP_Reach_010_227_SA_20240202T022313_20240202T023200_PGD0_01.zip,13 exutorios dentro/intersectando a geometria do granulo.
406,RIVERSP,010,158,SA,2024-01-30T15:20:48Z,2024-01-30T15:30:02Z,8.410387992858887,13,0.0,0.0,bounding_box,SWOT_L2_HR_RiverSP_Reach_010_158_SA_20240130T152048_20240130T153002_PGD0_01,https://archive.swot.podaac.earthdata.nasa.gov/podaac-swot-ops-cumulus-protected/SWOT_L2_HR_RiverSP_D/SWOT_L2_HR_RiverSP_Reach_010_158_SA_20240130T152048_20240130T153002_PGD0_01.zip,13 exutorios dentro/intersectando a geometria do granulo.
407,RIVERSP,010,130,SA,2024-01-29T15:21:24Z,2024-01-29T15:28:50Z,8.49989128112793,13,0.0,0.0,bounding_box,SWOT_L2_HR_RiverSP_Reach_010_130_SA_20240129T152124_20240129T152850_PGD0_01,https://archive.swot.podaac.earthdata.nasa.gov/podaac-swot-ops-cumulus-protected/SWOT_L2_HR_RiverSP_D/SWOT_L2_HR_RiverSP_Reach_010_130_SA_20240129T152124_20240129T152850_PGD0_01.zip,13 exutorios dentro/intersectando a geometria do granulo.
408,RIVERSP,009,533,SA,2024-01-23T04:00:35Z,2024-01-23T04:09:50Z,8.211246490478516,13,0.0,0.0,bounding_box,SWOT_L2_HR_RiverSP_Reach_009_533_SA_20240123T040035_20240123T040950_PGD0_01,https://archive.swot.podaac.earthdata.nasa.gov/podaac-swot-ops-cumulus-protected/SWOT_L2_HR_RiverSP_D/SWOT_L2_HR_RiverSP_Reach_009_533_SA_20240123T040035_20240123T040950_PGD0_01.zip,13 exutorios dentro/intersectando a geometria do granulo.
409,RIVERSP,009,505,SA,2024-01-22T04:01:08Z,2024-01-22T04:08:58Z,5.91998291015625,13,0.0,0.0,bounding_box,SWOT_L2_HR_RiverSP_Reach_009_505_SA_20240122T040108_20240122T040858_PGD0_01,https://archive.swot.podaac.earthdata.nasa.gov/podaac-swot-ops-cumulus-protected/SWOT_L2_HR_RiverSP_D/SWOT_L2_HR_RiverSP_Reach_009_505_SA_20240122T040108_20240122T040858_PGD0_01.zip,13 exutorios dentro/intersectando a geometria do granulo.
410,RIVERSP,009,436,SA,2024-01-19T16:58:18Z,2024-01-19T17:06:44Z,9.269946098327637,13,0.0,0.0,bounding_box,SWOT_L2_HR_RiverSP_Reach_009_436_SA_20240119T165818_20240119T170644_PGD0_01,https://archive.swot.podaac.earthdata.nasa.gov/podaac-swot-ops-cumulus-protected/SWOT_L2_HR_RiverSP_D/SWOT_L2_HR_RiverSP_Reach_009_436_SA_20240119T165818_20240119T170644_PGD0_01.zip,13 exutorios dentro/intersectando a geometria do granulo.
411,RIVERSP,009,436,SA,2024-01-19T16:58:18Z,2024-01-19T17:06:44Z,10.893202781677246,13,0.0,0.0,bounding_box,SWOT_L2_HR_RiverSP_Reach_009_436_SA_20240119T165818_20240119T170644_PGD0_02,https://archive.swot.podaac.earthdata.nasa.gov/podaac-swot-ops-cumulus-protected/SWOT_L2_HR_RiverSP_D/SWOT_L2_HR_RiverSP_Reach_009_436_SA_20240119T165818_20240119T170644_PGD0_02.zip,13 exutorios dentro/intersectando a geometria do granulo.
412,RIVERSP,009,408,SA,2024-01-18T16:59:05Z,2024-01-18T17:05:55Z,6.156068801879883,13,0.0,0.0,bounding_box,SWOT_L2_HR_RiverSP_Reach_009_408_SA_20240118T165905_20240118T170555_PGD0_01,https://archive.swot.podaac.earthdata.nasa.gov/podaac-swot-ops-cumulus-protected/SWOT_L2_HR_RiverSP_D/SWOT_L2_HR_RiverSP_Reach_009_408_SA_20240118T165905_20240118T170555_PGD0_01.zip,13 exutorios dentro/intersectando a geometria do granulo.
413,RIVERSP,009,255,SA,2024-01-13T05:37:37Z,2024-01-13T05:47:44Z,10.732253074645996,13,0.0,0.0,bounding_box,SWOT_L2_HR_RiverSP_Reach_009_255_SA_20240113T053737_20240113T054744_PGD0_01,https://archive.swot.podaac.earthdata.nasa.gov/podaac-swot-ops-cumulus-protected/SWOT_L2_HR_RiverSP_D/SWOT_L2_HR_RiverSP_Reach_009_255_SA_20240113T053737_20240113T054744_PGD0_01.zip,13 exutorios dentro/intersectando a geometria do granulo.
414,RIVERSP,009,227,SA,2024-01-12T05:38:07Z,2024-01-12T05:46:54Z,6.574944496154785,13,0.0,0.0,bounding_box,SWOT_L2_HR_RiverSP_Reach_009_227_SA_20240112T053807_20240112T054654_PGD0_01,https://archive.swot.podaac.earthdata.nasa.gov/podaac-swot-ops-cumulus-protected/SWOT_L2_HR_RiverSP_D/SWOT_L2_HR_RiverSP_Reach_009_227_SA_20240112T053807_20240112T054654_PGD0_01.zip,13 exutorios dentro/intersectando a geometria do granulo.
415,RIVERSP,009,158,SA,2024-01-09T18:35:42Z,2024-01-09T18:44:56Z,8.511693000793457,13,0.0,0.0,bounding_box,SWOT_L2_HR_RiverSP_Reach_009_158_SA_20240109T183542_20240109T184456_PGD0_01,https://archive.swot.podaac.earthdata.nasa.gov/podaac-swot-ops-cumulus-protected/SWOT_L2_HR_RiverSP_D/SWOT_L2_HR_RiverSP_Reach_009_158_SA_20240109T183542_20240109T184456_PGD0_01.zip,13 exutorios dentro/intersectando a geometria do granulo.
416,RIVERSP,008,533,SA,2024-01-02T07:15:29Z,2024-01-02T07:24:45Z,8.211249351501465,13,0.0,0.0,bounding_box,SWOT_L2_HR_RiverSP_Reach_008_533_SA_20240102T071529_20240102T072445_PGD0_01,https://archive.swot.podaac.earthdata.nasa.gov/podaac-swot-ops-cumulus-protected/SWOT_L2_HR_RiverSP_D/SWOT_L2_HR_RiverSP_Reach_008_533_SA_20240102T071529_20240102T072445_PGD0_01.zip,13 exutorios dentro/intersectando a geometria do granulo.
417,RIVERSP,008,505,SA,2024-01-01T07:16:03Z,2024-01-01T07:23:53Z,5.975277900695801,13,0.0,0.0,bounding_box,SWOT_L2_HR_RiverSP_Reach_008_505_SA_20240101T071603_20240101T072353_PGD0_01,https://archive.swot.podaac.earthdata.nasa.gov/podaac-swot-ops-cumulus-protected/SWOT_L2_HR_RiverSP_D/SWOT_L2_HR_RiverSP_Reach_008_505_SA_20240101T071603_20240101T072353_PGD0_01.zip,13 exutorios dentro/intersectando a geometria do granulo.
418,RIVERSP,008,436,SA,2023-12-29T20:13:13Z,2023-12-29T20:21:39Z,10.49349308013916,13,0.0,0.0,bounding_box,SWOT_L2_HR_RiverSP_Reach_008_436_SA_20231229T201313_20231229T202139_PGD0_01,https://archive.swot.podaac.earthdata.nasa.gov/podaac-swot-ops-cumulus-protected/SWOT_L2_HR_RiverSP_D/SWOT_L2_HR_RiverSP_Reach_008_436_SA_20231229T201313_20231229T202139_PGD0_01.zip,13 exutorios dentro/intersectando a geometria do granulo.
419,RIVERSP,008,436,SA,2023-12-29T20:13:13Z,2023-12-29T20:21:39Z,10.893209457397461,13,0.0,0.0,bounding_box,SWOT_L2_HR_RiverSP_Reach_008_436_SA_20231229T201313_20231229T202139_PGD0_02,https://archive.swot.podaac.earthdata.nasa.gov/podaac-swot-ops-cumulus-protected/SWOT_L2_HR_RiverSP_D/SWOT_L2_HR_RiverSP_Reach_008_436_SA_20231229T201313_20231229T202139_PGD0_02.zip,13 exutorios dentro/intersectando a geometria do granulo.
420,RIVERSP,008,408,SA,2023-12-28T20:13:59Z,2023-12-28T20:20:50Z,6.156070709228516,13,0.0,0.0,bounding_box,SWOT_L2_HR_RiverSP_Reach_008_408_SA_20231228T201359_20231228T202050_PGD0_01,https://archive.swot.podaac.earthdata.nasa.gov/podaac-swot-ops-cumulus-protected/SWOT_L2_HR_RiverSP_D/SWOT_L2_HR_RiverSP_Reach_008_408_SA_20231228T201359_20231228T202050_PGD0_01.zip,13 exutorios dentro/intersectando a geometria do granulo.
421,RIVERSP,008,255,SA,2023-12-23T08:52:32Z,2023-12-23T09:02:39Z,0.3400382995605469,13,0.0,0.0,bounding_box,SWOT_L2_HR_RiverSP_Reach_008_255_SA_20231223T085232_20231223T090239_PGD0_01,https://archive.swot.podaac.earthdata.nasa.gov/podaac-swot-ops-cumulus-protected/SWOT_L2_HR_RiverSP_D/SWOT_L2_HR_RiverSP_Reach_008_255_SA_20231223T085232_20231223T090239_PGD0_01.zip,13 exutorios dentro/intersectando a geometria do granulo.
422,RIVERSP,008,227,SA,2023-12-22T08:53:02Z,2023-12-22T09:01:48Z,6.574947357177734,13,0.0,0.0,bounding_box,SWOT_L2_HR_RiverSP_Reach_008_227_SA_20231222T085302_20231222T090148_PGD0_01,https://archive.swot.podaac.earthdata.nasa.gov/podaac-swot-ops-cumulus-protected/SWOT_L2_HR_RiverSP_D/SWOT_L2_HR_RiverSP_Reach_008_227_SA_20231222T085302_20231222T090148_PGD0_01.zip,13 exutorios dentro/intersectando a geometria do granulo.
423,RIVERSP,008,158,SA,2023-12-19T21:50:36Z,2023-12-19T21:59:50Z,8.51169204711914,13,0.0,0.0,bounding_box,SWOT_L2_HR_RiverSP_Reach_008_158_SA_20231219T215036_20231219T215950_PGD0_01,https://archive.swot.podaac.earthdata.nasa.gov/podaac-swot-ops-cumulus-protected/SWOT_L2_HR_RiverSP_D/SWOT_L2_HR_RiverSP_Reach_008_158_SA_20231219T215036_20231219T215950_PGD0_01.zip,13 exutorios dentro/intersectando a geometria do granulo.
424,RIVERSP,008,130,SA,2023-12-18T21:51:11Z,2023-12-18T21:58:38Z,8.499417304992676,13,0.0,0.0,bounding_box,SWOT_L2_HR_RiverSP_Reach_008_130_SA_20231218T215111_20231218T215838_PGD0_01,https://archive.swot.podaac.earthdata.nasa.gov/podaac-swot-ops-cumulus-protected/SWOT_L2_HR_RiverSP_D/SWOT_L2_HR_RiverSP_Reach_008_130_SA_20231218T215111_20231218T215838_PGD0_01.zip,13 exutorios dentro/intersectando a geometria do granulo.
425,RIVERSP,007,533,SA,2023-12-12T10:30:23Z,2023-12-12T10:39:38Z,8.211248397827148,13,0.0,0.0,bounding_box,SWOT_L2_HR_RiverSP_Reach_007_533_SA_20231212T103023_20231212T103938_PGD0_01,https://archive.swot.podaac.earthdata.nasa.gov/podaac-swot-ops-cumulus-protected/SWOT_L2_HR_RiverSP_D/SWOT_L2_HR_RiverSP_Reach_007_533_SA_20231212T103023_20231212T103938_PGD0_01.zip,13 exutorios dentro/intersectando a geometria do granulo.
426,RIVERSP,007,505,SA,2023-12-11T10:30:57Z,2023-12-11T10:38:46Z,5.975277900695801,13,0.0,0.0,bounding_box,SWOT_L2_HR_RiverSP_Reach_007_505_SA_20231211T103057_20231211T103846_PGD0_01,https://archive.swot.podaac.earthdata.nasa.gov/podaac-swot-ops-cumulus-protected/SWOT_L2_HR_RiverSP_D/SWOT_L2_HR_RiverSP_Reach_007_505_SA_20231211T103057_20231211T103846_PGD0_01.zip,13 exutorios dentro/intersectando a geometria do granulo.
427,RIVERSP,007,436,SA,2023-12-08T23:28:07Z,2023-12-08T23:36:33Z,10.893204689025879,13,0.0,0.0,bounding_box,SWOT_L2_HR_RiverSP_Reach_007_436_SA_20231208T232807_20231208T233633_PGD0_01,https://archive.swot.podaac.earthdata.nasa.gov/podaac-swot-ops-cumulus-protected/SWOT_L2_HR_RiverSP_D/SWOT_L2_HR_RiverSP_Reach_007_436_SA_20231208T232807_20231208T233633_PGD0_01.zip,13 exutorios dentro/intersectando a geometria do granulo.
428,RIVERSP,007,408,SA,2023-12-07T23:28:54Z,2023-12-07T23:35:44Z,6.156071662902832,13,0.0,0.0,bounding_box,SWOT_L2_HR_RiverSP_Reach_007_408_SA_20231207T232854_20231207T233544_PGD0_01,https://archive.swot.podaac.earthdata.nasa.gov/podaac-swot-ops-cumulus-protected/SWOT_L2_HR_RiverSP_D/SWOT_L2_HR_RiverSP_Reach_007_408_SA_20231207T232854_20231207T233544_PGD0_01.zip,13 exutorios dentro/intersectando a geometria do granulo.
429,RIVERSP,007,255,SA,2023-12-02T12:07:28Z,2023-12-02T12:17:35Z,10.732254028320312,13,0.0,0.0,bounding_box,SWOT_L2_HR_RiverSP_Reach_007_255_SA_20231202T120728_20231202T121735_PGD0_01,https://archive.swot.podaac.earthdata.nasa.gov/podaac-swot-ops-cumulus-protected/SWOT_L2_HR_RiverSP_D/SWOT_L2_HR_RiverSP_Reach_007_255_SA_20231202T120728_20231202T121735_PGD0_01.zip,13 exutorios dentro/intersectando a geometria do granulo.
430,RIVERSP,007,227,SA,2023-12-01T12:07:58Z,2023-12-01T12:16:44Z,6.592170715332031,13,0.0,0.0,bounding_box,SWOT_L2_HR_RiverSP_Reach_007_227_SA_20231201T120758_20231201T121644_PGD0_01,https://archive.swot.podaac.earthdata.nasa.gov/podaac-swot-ops-cumulus-protected/SWOT_L2_HR_RiverSP_D/SWOT_L2_HR_RiverSP_Reach_007_227_SA_20231201T120758_20231201T121644_PGD0_01.zip,13 exutorios dentro/intersectando a geometria do granulo.
431,RIVERSP,007,158,SA,2023-11-29T01:05:33Z,2023-11-29T01:14:46Z,8.511693000793457,13,0.0,0.0,bounding_box,SWOT_L2_HR_RiverSP_Reach_007_158_SA_20231129T010533_20231129T011446_PGD0_01,https://archive.swot.podaac.earthdata.nasa.gov/podaac-swot-ops-cumulus-protected/SWOT_L2_HR_RiverSP_D/SWOT_L2_HR_RiverSP_Reach_007_158_SA_20231129T010533_20231129T011446_PGD0_01.zip,13 exutorios dentro/intersectando a geometria do granulo.
432,RIVERSP,007,130,SA,2023-11-28T01:06:08Z,2023-11-28T01:13:34Z,8.499420166015625,13,0.0,0.0,bounding_box,SWOT_L2_HR_RiverSP_Reach_007_130_SA_20231128T010608_20231128T011334_PGD0_01,https://archive.swot.podaac.earthdata.nasa.gov/podaac-swot-ops-cumulus-protected/SWOT_L2_HR_RiverSP_D/SWOT_L2_HR_RiverSP_Reach_007_130_SA_20231128T010608_20231128T011334_PGD0_01.zip,13 exutorios dentro/intersectando a geometria do granulo.
433,RIVERSP,006,533,SA,2023-11-21T13:45:18Z,2023-11-21T13:54:34Z,8.211246490478516,13,0.0,0.0,bounding_box,SWOT_L2_HR_RiverSP_Reach_006_533_SA_20231121T134518_20231121T135434_PGD0_01,https://archive.swot.podaac.earthdata.nasa.gov/podaac-swot-ops-cumulus-protected/SWOT_L2_HR_RiverSP_D/SWOT_L2_HR_RiverSP_Reach_006_533_SA_20231121T134518_20231121T135434_PGD0_01.zip,13 exutorios dentro/intersectando a geometria do granulo.
434,RIVERSP,006,505,SA,2023-11-20T13:45:52Z,2023-11-20T13:53:42Z,5.919979095458984,13,0.0,0.0,bounding_box,SWOT_L2_HR_RiverSP_Reach_006_505_SA_20231120T134552_20231120T135342_PGD0_01,https://archive.swot.podaac.earthdata.nasa.gov/podaac-swot-ops-cumulus-protected/SWOT_L2_HR_RiverSP_D/SWOT_L2_HR_RiverSP_Reach_006_505_SA_20231120T134552_20231120T135342_PGD0_01.zip,13 exutorios dentro/intersectando a geometria do granulo.
435,RIVERSP,006,436,SA,2023-11-18T02:44:09Z,2023-11-18T02:51:28Z,9.679967880249023,13,0.0,0.0,bounding_box,SWOT_L2_HR_RiverSP_Reach_006_436_SA_20231118T024409_20231118T025128_PGD0_01,https://archive.swot.podaac.earthdata.nasa.gov/podaac-swot-ops-cumulus-protected/SWOT_L2_HR_RiverSP_D/SWOT_L2_HR_RiverSP_Reach_006_436_SA_20231118T024409_20231118T025128_PGD0_01.zip,13 exutorios dentro/intersectando a geometria do granulo.
436,RIVERSP,006,408,SA,2023-11-17T02:43:48Z,2023-11-17T02:50:38Z,6.151078224182129,13,0.0,0.0,bounding_box,SWOT_L2_HR_RiverSP_Reach_006_408_SA_20231117T024348_20231117T025038_PGD0_01,https://archive.swot.podaac.earthdata.nasa.gov/podaac-swot-ops-cumulus-protected/SWOT_L2_HR_RiverSP_D/SWOT_L2_HR_RiverSP_Reach_006_408_SA_20231117T024348_20231117T025038_PGD0_01.zip,13 exutorios dentro/intersectando a geometria do granulo.
437,RIVERSP,006,255,SA,2023-11-11T15:22:22Z,2023-11-11T15:32:29Z,10.732248306274414,13,0.0,0.0,bounding_box,SWOT_L2_HR_RiverSP_Reach_006_255_SA_20231111T152222_20231111T153229_PGD0_01,https://archive.swot.podaac.earthdata.nasa.gov/podaac-swot-ops-cumulus-protected/SWOT_L2_HR_RiverSP_D/SWOT_L2_HR_RiverSP_Reach_006_255_SA_20231111T152222_20231111T153229_PGD0_01.zip,13 exutorios dentro/intersectando a geometria do granulo.
438,RIVERSP,006,227,SA,2023-11-10T15:22:52Z,2023-11-10T15:31:39Z,6.592375755310059,13,0.0,0.0,bounding_box,SWOT_L2_HR_RiverSP_Reach_006_227_SA_20231110T152252_20231110T153139_PGD0_01,https://archive.swot.podaac.earthdata.nasa.gov/podaac-swot-ops-cumulus-protected/SWOT_L2_HR_RiverSP_D/SWOT_L2_HR_RiverSP_Reach_006_227_SA_20231110T152252_20231110T153139_PGD0_01.zip,13 exutorios dentro/intersectando a geometria do granulo.
439,RIVERSP,006,158,SA,2023-11-08T04:20:27Z,2023-11-08T04:29:41Z,8.511689186096191,13,0.0,0.0,bounding_box,SWOT_L2_HR_RiverSP_Reach_006_158_SA_20231108T042027_20231108T042941_PGD0_01,https://archive.swot.podaac.earthdata.nasa.gov/podaac-swot-ops-cumulus-protected/SWOT_L2_HR_RiverSP_D/SWOT_L2_HR_RiverSP_Reach_006_158_SA_20231108T042027_20231108T042941_PGD0_01.zip,13 exutorios dentro/intersectando a geometria do granulo.
440,RIVERSP,006,130,SA,2023-11-07T04:21:02Z,2023-11-07T04:28:29Z,8.499421119689941,13,0.0,0.0,bounding_box,SWOT_L2_HR_RiverSP_Reach_006_130_SA_20231107T042102_20231107T042829_PGD0_01,https://archive.swot.podaac.earthdata.nasa.gov/podaac-swot-ops-cumulus-protected/SWOT_L2_HR_RiverSP_D/SWOT_L2_HR_RiverSP_Reach_006_130_SA_20231107T042102_20231107T042829_PGD0_01.zip,13 exutorios dentro/intersectando a geometria do granulo.
441,RIVERSP,005,533,SA,2023-10-31T17:00:13Z,2023-10-31T17:09:29Z,8.211246490478516,13,0.0,0.0,bounding_box,SWOT_L2_HR_RiverSP_Reach_005_533_SA_20231031T170013_20231031T170929_PGD0_01,https://archive.swot.podaac.earthdata.nasa.gov/podaac-swot-ops-cumulus-protected/SWOT_L2_HR_RiverSP_D/SWOT_L2_HR_RiverSP_Reach_005_533_SA_20231031T170013_20231031T170929_PGD0_01.zip,13 exutorios dentro/intersectando a geometria do granulo.
442,RIVERSP,005,505,SA,2023-10-30T17:00:47Z,2023-10-30T17:08:37Z,5.975279808044434,13,0.0,0.0,bounding_box,SWOT_L2_HR_RiverSP_Reach_005_505_SA_20231030T170047_20231030T170837_PGD0_01,https://archive.swot.podaac.earthdata.nasa.gov/podaac-swot-ops-cumulus-protected/SWOT_L2_HR_RiverSP_D/SWOT_L2_HR_RiverSP_Reach_005_505_SA_20231030T170047_20231030T170837_PGD0_01.zip,13 exutorios dentro/intersectando a geometria do granulo.
443,RIVERSP,005,436,SA,2023-10-28T05:57:57Z,2023-10-28T06:06:23Z,10.893211364746094,13,0.0,0.0,bounding_box,SWOT_L2_HR_RiverSP_Reach_005_436_SA_20231028T055757_20231028T060623_PGD0_01,https://archive.swot.podaac.earthdata.nasa.gov/podaac-swot-ops-cumulus-protected/SWOT_L2_HR_RiverSP_D/SWOT_L2_HR_RiverSP_Reach_005_436_SA_20231028T055757_20231028T060623_PGD0_01.zip,13 exutorios dentro/intersectando a geometria do granulo.
444,RIVERSP,005,408,SA,2023-10-27T05:58:43Z,2023-10-27T06:05:33Z,6.151080131530762,13,0.0,0.0,bounding_box,SWOT_L2_HR_RiverSP_Reach_005_408_SA_20231027T055843_20231027T060533_PGD0_01,https://archive.swot.podaac.earthdata.nasa.gov/podaac-swot-ops-cumulus-protected/SWOT_L2_HR_RiverSP_D/SWOT_L2_HR_RiverSP_Reach_005_408_SA_20231027T055843_20231027T060533_PGD0_01.zip,13 exutorios dentro/intersectando a geometria do granulo.
445,RIVERSP,005,255,SA,2023-10-21T18:37:17Z,2023-10-21T18:47:24Z,10.73225212097168,13,0.0,0.0,bounding_box,SWOT_L2_HR_RiverSP_Reach_005_255_SA_20231021T183717_20231021T184724_PGD0_01,https://archive.swot.podaac.earthdata.nasa.gov/podaac-swot-ops-cumulus-protected/SWOT_L2_HR_RiverSP_D/SWOT_L2_HR_RiverSP_Reach_005_255_SA_20231021T183717_20231021T184724_PGD0_01.zip,13 exutorios dentro/intersectando a geometria do granulo.
446,RIVERSP,005,227,SA,2023-10-20T18:37:47Z,2023-10-20T18:46:34Z,6.592165946960449,13,0.0,0.0,bounding_box,SWOT_L2_HR_RiverSP_Reach_005_227_SA_20231020T183747_20231020T184634_PGD0_01,https://archive.swot.podaac.earthdata.nasa.gov/podaac-swot-ops-cumulus-protected/SWOT_L2_HR_RiverSP_D/SWOT_L2_HR_RiverSP_Reach_005_227_SA_20231020T183747_20231020T184634_PGD0_01.zip,13 exutorios dentro/intersectando a geometria do granulo.
447,RIVERSP,005,158,SA,2023-10-18T07:35:22Z,2023-10-18T07:44:35Z,8.511690139770508,13,0.0,0.0,bounding_box,SWOT_L2_HR_RiverSP_Reach_005_158_SA_20231018T073522_20231018T074435_PGD0_01,https://archive.swot.podaac.earthdata.nasa.gov/podaac-swot-ops-cumulus-protected/SWOT_L2_HR_RiverSP_D/SWOT_L2_HR_RiverSP_Reach_005_158_SA_20231018T073522_20231018T074435_PGD0_01.zip,13 exutorios dentro/intersectando a geometria do granulo.
448,RIVERSP,005,130,SA,2023-10-17T07:35:57Z,2023-10-17T07:43:24Z,8.49942398071289,13,0.0,0.0,bounding_box,SWOT_L2_HR_RiverSP_Reach_005_130_SA_20231017T073557_20231017T074324_PGD0_01,https://archive.swot.podaac.earthdata.nasa.gov/podaac-swot-ops-cumulus-protected/SWOT_L2_HR_RiverSP_D/SWOT_L2_HR_RiverSP_Reach_005_130_SA_20231017T073557_20231017T074324_PGD0_01.zip,13 exutorios dentro/intersectando a geometria do granulo.
449,RIVERSP,004,533,SA,2023-10-10T20:15:08Z,2023-10-10T20:24:23Z,8.211248397827148,13,0.0,0.0,bounding_box,SWOT_L2_HR_RiverSP_Reach_004_533_SA_20231010T201508_20231010T202423_PGD0_01,https://archive.swot.podaac.earthdata.nasa.gov/podaac-swot-ops-cumulus-protected/SWOT_L2_HR_RiverSP_D/SWOT_L2_HR_RiverSP_Reach_004_533_SA_20231010T201508_20231010T202423_PGD0_01.zip,13 exutorios dentro/intersectando a geometria do granulo.
450,RIVERSP,004,505,SA,2023-10-09T20:15:41Z,2023-10-09T20:23:31Z,5.975277900695801,13,0.0,0.0,bounding_box,SWOT_L2_HR_RiverSP_Reach_004_505_SA_20231009T201541_20231009T202331_PGD0_01,https://archive.swot.podaac.earthdata.nasa.gov/podaac-swot-ops-cumulus-protected/SWOT_L2_HR_RiverSP_D/SWOT_L2_HR_RiverSP_Reach_004_505_SA_20231009T201541_20231009T202331_PGD0_01.zip,13 exutorios dentro/intersectando a geometria do granulo.
451,RIVERSP,004,436,SA,2023-10-07T09:12:51Z,2023-10-07T09:21:17Z,10.893205642700195,13,0.0,0.0,bounding_box,SWOT_L2_HR_RiverSP_Reach_004_436_SA_20231007T091251_20231007T092117_PGD0_01,https://archive.swot.podaac.earthdata.nasa.gov/podaac-swot-ops-cumulus-protected/SWOT_L2_HR_RiverSP_D/SWOT_L2_HR_RiverSP_Reach_004_436_SA_20231007T091251_20231007T092117_PGD0_01.zip,13 exutorios dentro/intersectando a geometria do granulo.
452,RIVERSP,004,408,SA,2023-10-06T09:13:38Z,2023-10-06T09:20:28Z,6.156070709228516,13,0.0,0.0,bounding_box,SWOT_L2_HR_RiverSP_Reach_004_408_SA_20231006T091338_20231006T092028_PGD0_01,https://archive.swot.podaac.earthdata.nasa.gov/podaac-swot-ops-cumulus-protected/SWOT_L2_HR_RiverSP_D/SWOT_L2_HR_RiverSP_Reach_004_408_SA_20231006T091338_20231006T092028_PGD0_01.zip,13 exutorios dentro/intersectando a geometria do granulo.
453,RIVERSP,004,255,SA,2023-09-30T21:52:13Z,2023-09-30T22:02:20Z,10.732255935668945,13,0.0,0.0,bounding_box,SWOT_L2_HR_RiverSP_Reach_004_255_SA_20230930T215213_20230930T220220_PGD0_01,https://archive.swot.podaac.earthdata.nasa.gov/podaac-swot-ops-cumulus-protected/SWOT_L2_HR_RiverSP_D/SWOT_L2_HR_RiverSP_Reach_004_255_SA_20230930T215213_20230930T220220_PGD0_01.zip,13 exutorios dentro/intersectando a geometria do granulo.
454,RIVERSP,004,227,SA,2023-09-29T21:52:43Z,2023-09-29T22:01:30Z,6.568463325500488,13,0.0,0.0,bounding_box,SWOT_L2_HR_RiverSP_Reach_004_227_SA_20230929T215243_20230929T220130_PGD0_01,https://archive.swot.podaac.earthdata.nasa.gov/podaac-swot-ops-cumulus-protected/SWOT_L2_HR_RiverSP_D/SWOT_L2_HR_RiverSP_Reach_004_227_SA_20230929T215243_20230929T220130_PGD0_01.zip,13 exutorios dentro/intersectando a geometria do granulo.
455,RIVERSP,003,533,SA,2023-09-19T23:30:06Z,2023-09-19T23:39:21Z,8.2112455368042,13,0.0,0.0,bounding_box,SWOT_L2_HR_RiverSP_Reach_003_533_SA_20230919T233006_20230919T233921_PGD0_01,https://archive.swot.podaac.earthdata.nasa.gov/podaac-swot-ops-cumulus-protected/SWOT_L2_HR_RiverSP_D/SWOT_L2_HR_RiverSP_Reach_003_533_SA_20230919T233006_20230919T233921_PGD0_01.zip,13 exutorios dentro/intersectando a geometria do granulo.
456,RIVERSP,003,505,SA,2023-09-18T23:30:40Z,2023-09-18T23:38:29Z,5.975279808044434,13,0.0,0.0,bounding_box,SWOT_L2_HR_RiverSP_Reach_003_505_SA_20230918T233040_20230918T233829_PGD0_01,https://archive.swot.podaac.earthdata.nasa.gov/podaac-swot-ops-cumulus-protected/SWOT_L2_HR_RiverSP_D/SWOT_L2_HR_RiverSP_Reach_003_505_SA_20230918T233040_20230918T233829_PGD0_01.zip,13 exutorios dentro/intersectando a geometria do granulo.
457,RIVERSP,003,436,SA,2023-09-16T12:27:50Z,2023-09-16T12:36:16Z,10.893209457397461,13,0.0,0.0,bounding_box,SWOT_L2_HR_RiverSP_Reach_003_436_SA_20230916T122750_20230916T123616_PGD0_01,https://archive.swot.podaac.earthdata.nasa.gov/podaac-swot-ops-cumulus-protected/SWOT_L2_HR_RiverSP_D/SWOT_L2_HR_RiverSP_Reach_003_436_SA_20230916T122750_20230916T123616_PGD0_01.zip,13 exutorios dentro/intersectando a geometria do granulo.
458,RIVERSP,003,408,SA,2023-09-15T12:28:36Z,2023-09-15T12:35:27Z,6.156067848205566,13,0.0,0.0,bounding_box,SWOT_L2_HR_RiverSP_Reach_003_408_SA_20230915T122836_20230915T123527_PGD0_01,https://archive.swot.podaac.earthdata.nasa.gov/podaac-swot-ops-cumulus-protected/SWOT_L2_HR_RiverSP_D/SWOT_L2_HR_RiverSP_Reach_003_408_SA_20230915T122836_20230915T123527_PGD0_01.zip,13 exutorios dentro/intersectando a geometria do granulo.
459,RIVERSP,003,255,SA,2023-09-10T01:12:20Z,2023-09-10T01:17:06Z,4.568325996398926,13,0.0,0.0,bounding_box,SWOT_L2_HR_RiverSP_Reach_003_255_SA_20230910T011220_20230910T011706_PGD0_01,https://archive.swot.podaac.earthdata.nasa.gov/podaac-swot-ops-cumulus-protected/SWOT_L2_HR_RiverSP_D/SWOT_L2_HR_RiverSP_Reach_003_255_SA_20230910T011220_20230910T011706_PGD0_01.zip,13 exutorios dentro/intersectando a geometria do granulo.
460,RIVERSP,003,227,SA,2023-09-09T01:12:11Z,2023-09-09T01:14:48Z,1.4535818099975586,13,0.0,0.0,bounding_box,SWOT_L2_HR_RiverSP_Reach_003_227_SA_20230909T011211_20230909T011448_PGD0_01,https://archive.swot.podaac.earthdata.nasa.gov/podaac-swot-ops-cumulus-protected/SWOT_L2_HR_RiverSP_D/SWOT_L2_HR_RiverSP_Reach_003_227_SA_20230909T011211_20230909T011448_PGD0_01.zip,13 exutorios dentro/intersectando a geometria do granulo.
461,RIVERSP,003,130,SA,2023-09-05T14:05:48Z,2023-09-05T14:10:52Z,5.753631591796875,13,0.0,0.0,bounding_box,SWOT_L2_HR_RiverSP_Reach_003_130_SA_20230905T140548_20230905T141052_PGD0_01,https://archive.swot.podaac.earthdata.nasa.gov/podaac-swot-ops-cumulus-protected/SWOT_L2_HR_RiverSP_D/SWOT_L2_HR_RiverSP_Reach_003_130_SA_20230905T140548_20230905T141052_PGD0_01.zip,13 exutorios dentro/intersectando a geometria do granulo.
462,RIVERSP,002,533,SA,2023-08-30T02:49:43Z,2023-08-30T02:54:02Z,2.9385480880737305,13,0.0,0.0,bounding_box,SWOT_L2_HR_RiverSP_Reach_002_533_SA_20230830T024943_20230830T025402_PGD0_01,https://archive.swot.podaac.earthdata.nasa.gov/podaac-swot-ops-cumulus-protected/SWOT_L2_HR_RiverSP_D/SWOT_L2_HR_RiverSP_Reach_002_533_SA_20230830T024943_20230830T025402_PGD0_01.zip,13 exutorios dentro/intersectando a geometria do granulo.
463,RIVERSP,002,436,SA,2023-08-26T15:42:45Z,2023-08-26T15:48:38Z,7.699019432067871,13,0.0,0.0,bounding_box,SWOT_L2_HR_RiverSP_Reach_002_436_SA_20230826T154245_20230826T154838_PGD0_01,https://archive.swot.podaac.earthdata.nasa.gov/podaac-swot-ops-cumulus-protected/SWOT_L2_HR_RiverSP_D/SWOT_L2_HR_RiverSP_Reach_002_436_SA_20230826T154245_20230826T154838_PGD0_01.zip,13 exutorios dentro/intersectando a geometria do granulo.
464,RIVERSP,001,533,SA,2023-08-09T05:59:55Z,2023-08-09T06:09:11Z,8.211082458496094,13,0.0,0.0,bounding_box,SWOT_L2_HR_RiverSP_Reach_001_533_SA_20230809T055955_20230809T060911_PGD0_01,https://archive.swot.podaac.earthdata.nasa.gov/podaac-swot-ops-cumulus-protected/SWOT_L2_HR_RiverSP_D/SWOT_L2_HR_RiverSP_Reach_001_533_SA_20230809T055955_20230809T060911_PGD0_01.zip,13 exutorios dentro/intersectando a geometria do granulo.
465,RIVERSP,001,533,SA,2023-08-09T05:59:55Z,2023-08-09T06:09:11Z,8.211249351501465,13,0.0,0.0,bounding_box,SWOT_L2_HR_RiverSP_Reach_001_533_SA_20230809T055955_20230809T060911_PGD0_02,https://archive.swot.podaac.earthdata.nasa.gov/podaac-swot-ops-cumulus-protected/SWOT_L2_HR_RiverSP_D/SWOT_L2_HR_RiverSP_Reach_001_533_SA_20230809T055955_20230809T060911_PGD0_02.zip,13 exutorios dentro/intersectando a geometria do granulo.
466,RIVERSP,001,505,SA,2023-08-08T06:00:29Z,2023-08-08T06:08:19Z,5.975276947021484,13,0.0,0.0,bounding_box,SWOT_L2_HR_RiverSP_Reach_001_505_SA_20230808T060029_20230808T060819_PGD0_01,https://archive.swot.podaac.earthdata.nasa.gov/podaac-swot-ops-cumulus-protected/SWOT_L2_HR_RiverSP_D/SWOT_L2_HR_RiverSP_Reach_001_505_SA_20230808T060029_20230808T060819_PGD0_01.zip,13 exutorios dentro/intersectando a geometria do granulo.
467,RIVERSP,001,436,SA,2023-08-05T18:57:39Z,2023-08-05T19:06:05Z,10.893209457397461,13,0.0,0.0,bounding_box,SWOT_L2_HR_RiverSP_Reach_001_436_SA_20230805T185739_20230805T190605_PGD0_01,https://archive.swot.podaac.earthdata.nasa.gov/podaac-swot-ops-cumulus-protected/SWOT_L2_HR_RiverSP_D/SWOT_L2_HR_RiverSP_Reach_001_436_SA_20230805T185739_20230805T190605_PGD0_01.zip,13 exutorios dentro/intersectando a geometria do granulo.
468,RIVERSP,001,408,SA,2023-08-04T18:58:25Z,2023-08-04T19:05:16Z,6.156073570251465,13,0.0,0.0,bounding_box,SWOT_L2_HR_RiverSP_Reach_001_408_SA_20230804T185825_20230804T190516_PGD0_01,https://archive.swot.podaac.earthdata.nasa.gov/podaac-swot-ops-cumulus-protected/SWOT_L2_HR_RiverSP_D/SWOT_L2_HR_RiverSP_Reach_001_408_SA_20230804T185825_20230804T190516_PGD0_01.zip,13 exutorios dentro/intersectando a geometria do granulo.
469,RIVERSP,001,255,SA,2023-07-30T07:36:58Z,2023-07-30T07:47:05Z,8.960095405578613,13,0.0,0.0,bounding_box,SWOT_L2_HR_RiverSP_Reach_001_255_SA_20230730T073658_20230730T074705_PGD0_01,https://archive.swot.podaac.earthdata.nasa.gov/podaac-swot-ops-cumulus-protected/SWOT_L2_HR_RiverSP_D/SWOT_L2_HR_RiverSP_Reach_001_255_SA_20230730T073658_20230730T074705_PGD0_01.zip,13 exutorios dentro/intersectando a geometria do granulo.
470,RIVERSP,001,227,SA,2023-07-29T07:37:28Z,2023-07-29T07:46:15Z,6.574950218200684,13,0.0,0.0,bounding_box,SWOT_L2_HR_RiverSP_Reach_001_227_SA_20230729T073728_20230729T074615_PGD0_01,https://archive.swot.podaac.earthdata.nasa.gov/podaac-swot-ops-cumulus-protected/SWOT_L2_HR_RiverSP_D/SWOT_L2_HR_RiverSP_Reach_001_227_SA_20230729T073728_20230729T074615_PGD0_01.zip,13 exutorios dentro/intersectando a geometria do granulo.
471,RIVERSP,001,158,SA,2023-07-26T20:35:03Z,2023-07-26T20:44:16Z,8.511693000793457,13,0.0,0.0,bounding_box,SWOT_L2_HR_RiverSP_Reach_001_158_SA_20230726T203503_20230726T204416_PGD0_01,https://archive.swot.podaac.earthdata.nasa.gov/podaac-swot-ops-cumulus-protected/SWOT_L2_HR_RiverSP_D/SWOT_L2_HR_RiverSP_Reach_001_158_SA_20230726T203503_20230726T204416_PGD0_01.zip,13 exutorios dentro/intersectando a geometria do granulo.
472,LAKESP,055,255,SA,2026-08-30T00:11:07Z,2026-08-30T00:21:21Z,12.05031967163086,13,0.0,0.0,bounding_box,SWOT_L2_HR_LakeSP_Prior_055_255_SA_20260830T001107_20260830T002121_PID0_01,https://archive.swot.podaac.earthdata.nasa.gov/podaac-swot-ops-cumulus-protected/SWOT_L2_HR_LakeSP_D/SWOT_L2_HR_LakeSP_Prior_055_255_SA_20260830T001107_20260830T002121_PID0_01.zip,13 exutorios dentro/intersectando a geometria do granulo.
473,LAKESP,055,227,SA,2026-08-29T00:11:40Z,2026-08-29T00:20:36Z,8.882739067077637,13,0.0,0.0,bounding_box,SWOT_L2_HR_LakeSP_Prior_055_227_SA_20260829T001130_20260829T002036_PID0_01,https://archive.swot.podaac.earthdata.nasa.gov/podaac-swot-ops-cumulus-protected/SWOT_L2_HR_LakeSP_D/SWOT_L2_HR_LakeSP_Prior_055_227_SA_20260829T001130_20260829T002036_PID0_01.zip,13 exutorios dentro/intersectando a geometria do granulo.
474,LAKESP,055,158,SA,2026-08-26T13:09:17Z,2026-08-26T13:18:37Z,8.684680938720703,13,0.0,0.0,bounding_box,SWOT_L2_HR_LakeSP_Prior_055_158_SA_20260826T130917_20260826T131837_PID0_01,https://archive.swot.podaac.earthdata.nasa.gov/podaac-swot-ops-cumulus-protected/SWOT_L2_HR_LakeSP_D/SWOT_L2_HR_LakeSP_Prior_055_158_SA_20260826T130917_20260826T131837_PID0_01.zip,13 exutorios dentro/intersectando a geometria do granulo.
475,LAKESP,055,158,SA,2026-08-26T13:09:17Z,2026-08-26T13:18:37Z,8.688950538635254,13,0.0,0.0,bounding_box,SWOT_L2_HR_LakeSP_Prior_055_158_SA_20260826T130917_20260826T131837_PID0_02,https://archive.swot.podaac.earthdata.nasa.gov/podaac-swot-ops-cumulus-protected/SWOT_L2_HR_LakeSP_D/SWOT_L2_HR_LakeSP_Prior_055_158_SA_20260826T130917_20260826T131837_PID0_02.zip,13 exutorios dentro/intersectando a geometria do granulo.
476,LAKESP,055,130,SA,2026-08-25T13:09:44Z,2026-08-25T13:17:26Z,12.222146987915039,13,0.0,0.0,bounding_box,SWOT_L2_HR_LakeSP_Prior_055_130_SA_20260825T130944_20260825T131726_PID0_01,https://archive.swot.podaac.earthdata.nasa.gov/podaac-swot-ops-cumulus-protected/SWOT_L2_HR_LakeSP_D/SWOT_L2_HR_LakeSP_Prior_055_130_SA_20260825T130944_20260825T131726_PID0_01.zip,13 exutorios dentro/intersectando a geometria do granulo.
477,LAKESP,054,533,SA,2026-08-19T01:49:02Z,2026-08-19T01:58:23Z,15.271618843078613,13,0.0,0.0,bounding_box,SWOT_L2_HR_LakeSP_Prior_054_533_SA_20260819T014301_20260819T015823_PID0_01,https://archive.swot.podaac.earthdata.nasa.gov/podaac-swot-ops-cumulus-protected/SWOT_L2_HR_LakeSP_D/SWOT_L2_HR_LakeSP_Prior_054_533_SA_20260819T014301_20260819T015823_PID0_01.zip,13 exutorios dentro/intersectando a geometria do granulo.
478,LAKESP,054,505,SA,2026-08-18T01:49:31Z,2026-08-18T01:57:38Z,6.295926094055176,13,0.0,0.0,bounding_box,SWOT_L2_HR_LakeSP_Prior_054_505_SA_20260818T014925_20260818T015738_PID0_01,https://archive.swot.podaac.earthdata.nasa.gov/podaac-swot-ops-cumulus-protected/SWOT_L2_HR_LakeSP_D/SWOT_L2_HR_LakeSP_Prior_054_505_SA_20260818T014925_20260818T015738_PID0_01.zip,13 exutorios dentro/intersectando a geometria do granulo.
479,LAKESP,054,464,SA,2026-08-16T14:46:52Z,2026-08-16T14:57:03Z,9.351173400878906,13,0.0,0.0,bounding_box,SWOT_L2_HR_LakeSP_Prior_054_464_SA_20260816T144652_20260816T145703_PID0_01,https://archive.swot.podaac.earthdata.nasa.gov/podaac-swot-ops-cumulus-protected/SWOT_L2_HR_LakeSP_D/SWOT_L2_HR_LakeSP_Prior_054_464_SA_20260816T144652_20260816T145703_PID0_01.zip,13 exutorios dentro/intersectando a geometria do granulo.
480,LAKESP,054,436,SA,2026-08-15T14:46:47Z,2026-08-15T14:55:21Z,12.108055114746094,13,0.0,0.0,bounding_box,SWOT_L2_HR_LakeSP_Prior_054_436_SA_20260815T144639_20260815T145521_PID0_01,https://archive.swot.podaac.earthdata.nasa.gov/podaac-swot-ops-cumulus-protected/SWOT_L2_HR_LakeSP_D/SWOT_L2_HR_LakeSP_Prior_054_436_SA_20260815T144639_20260815T145521_PID0_01.zip,13 exutorios dentro/intersectando a geometria do granulo.
481,LAKESP,054,408,SA,2026-08-14T14:47:36Z,2026-08-14T14:54:31Z,5.056862831115723,13,0.0,0.0,bounding_box,SWOT_L2_HR_LakeSP_Prior_054_408_SA_20260814T144736_20260814T145431_PID0_01,https://archive.swot.podaac.earthdata.nasa.gov/podaac-swot-ops-cumulus-protected/SWOT_L2_HR_LakeSP_D/SWOT_L2_HR_LakeSP_Prior_054_408_SA_20260814T144736_20260814T145431_PID0_01.zip,13 exutorios dentro/intersectando a geometria do granulo.
482,LAKESP,054,408,SA,2026-08-14T14:47:36Z,2026-08-14T14:54:31Z,5.0568647384643555,13,0.0,0.0,bounding_box,SWOT_L2_HR_LakeSP_Prior_054_408_SA_20260814T144736_20260814T145431_PID0_02,https://archive.swot.podaac.earthdata.nasa.gov/podaac-swot-ops-cumulus-protected/SWOT_L2_HR_LakeSP_D/SWOT_L2_HR_LakeSP_Prior_054_408_SA_20260814T144736_20260814T145431_PID0_02.zip,13 exutorios dentro/intersectando a geometria do granulo.
483,LAKESP,054,255,SA,2026-08-09T03:26:02Z,2026-08-09T03:36:17Z,11.364433288574219,13,0.0,0.0,bounding_box,SWOT_L2_HR_LakeSP_Prior_054_255_SA_20260809T032602_20260809T033617_PID0_01,https://archive.swot.podaac.earthdata.nasa.gov/podaac-swot-ops-cumulus-protected/SWOT_L2_HR_LakeSP_D/SWOT_L2_HR_LakeSP_Prior_054_255_SA_20260809T032602_20260809T033617_PID0_01.zip,13 exutorios dentro/intersectando a geometria do granulo.
484,LAKESP,054,227,SA,2026-08-08T03:26:35Z,2026-08-08T03:35:31Z,9.356606483459473,13,0.0,0.0,bounding_box,SWOT_L2_HR_LakeSP_Prior_054_227_SA_20260808T032625_20260808T033531_PID0_01,https://archive.swot.podaac.earthdata.nasa.gov/podaac-swot-ops-cumulus-protected/SWOT_L2_HR_LakeSP_D/SWOT_L2_HR_LakeSP_Prior_054_227_SA_20260808T032625_20260808T033531_PID0_01.zip,13 exutorios dentro/intersectando a geometria do granulo.
485,LAKESP,054,227,SA,2026-08-08T03:26:35Z,2026-08-08T03:35:31Z,9.362650871276855,13,0.0,0.0,bounding_box,SWOT_L2_HR_LakeSP_Prior_054_227_SA_20260808T032625_20260808T033531_PID0_02,https://archive.swot.podaac.earthdata.nasa.gov/podaac-swot-ops-cumulus-protected/SWOT_L2_HR_LakeSP_D/SWOT_L2_HR_LakeSP_Prior_054_227_SA_20260808T032625_20260808T033531_PID0_02.zip,13 exutorios dentro/intersectando a geometria do granulo.
486,LAKESP,054,158,SA,2026-08-05T16:24:12Z,2026-08-05T16:33:33Z,9.491194725036621,13,0.0,0.0,bounding_box,SWOT_L2_HR_LakeSP_Prior_054_158_SA_20260805T162412_20260805T163333_PID0_01,https://archive.swot.podaac.earthdata.nasa.gov/podaac-swot-ops-cumulus-protected/SWOT_L2_HR_LakeSP_D/SWOT_L2_HR_LakeSP_Prior_054_158_SA_20260805T162412_20260805T163333_PID0_01.zip,13 exutorios dentro/intersectando a geometria do granulo.
487,LAKESP,054,130,SA,2026-08-04T16:24:40Z,2026-08-04T16:32:21Z,12.703864097595215,13,0.0,0.0,bounding_box,SWOT_L2_HR_LakeSP_Prior_054_130_SA_20260804T162440_20260804T163221_PID0_01,https://archive.swot.podaac.earthdata.nasa.gov/podaac-swot-ops-cumulus-protected/SWOT_L2_HR_LakeSP_D/SWOT_L2_HR_LakeSP_Prior_054_130_SA_20260804T162440_20260804T163221_PID0_01.zip,13 exutorios dentro/intersectando a geometria do granulo.
488,LAKESP,054,130,SA,2026-08-04T16:24:40Z,2026-08-04T16:32:21Z,12.703739166259766,13,0.0,0.0,bounding_box,SWOT_L2_HR_LakeSP_Prior_054_130_SA_20260804T162440_20260804T163221_PID0_02,https://archive.swot.podaac.earthdata.nasa.gov/podaac-swot-ops-cumulus-protected/SWOT_L2_HR_LakeSP_D/SWOT_L2_HR_LakeSP_Prior_054_130_SA_20260804T162440_20260804T163221_PID0_02.zip,13 exutorios dentro/intersectando a geometria do granulo.
489,LAKESP,053,533,SA,2026-07-29T05:03:57Z,2026-07-29T05:13:18Z,11.574609756469727,13,0.0,0.0,bounding_box,SWOT_L2_HR_LakeSP_Prior_053_533_SA_20260729T045756_20260729T051318_PID0_01,https://archive.swot.podaac.earthdata.nasa.gov/podaac-swot-ops-cumulus-protected/SWOT_L2_HR_LakeSP_D/SWOT_L2_HR_LakeSP_Prior_053_533_SA_20260729T045756_20260729T051318_PID0_01.zip,13 exutorios dentro/intersectando a geometria do granulo.
490,LAKESP,053,505,SA,2026-07-28T05:04:26Z,2026-07-28T05:12:33Z,6.639754295349121,13,0.0,0.0,bounding_box,SWOT_L2_HR_LakeSP_Prior_053_505_SA_20260728T050420_20260728T051233_PID0_01,https://archive.swot.podaac.earthdata.nasa.gov/podaac-swot-ops-cumulus-protected/SWOT_L2_HR_LakeSP_D/SWOT_L2_HR_LakeSP_Prior_053_505_SA_20260728T050420_20260728T051233_PID0_01.zip,13 exutorios dentro/intersectando a geometria do granulo.
491,LAKESP,053,464,SA,2026-07-26T18:01:46Z,2026-07-26T18:11:58Z,8.331252098083496,13,0.0,0.0,bounding_box,SWOT_L2_HR_LakeSP_Prior_053_464_SA_20260726T180146_20260726T181158_PID0_01,https://archive.swot.podaac.earthdata.nasa.gov/podaac-swot-ops-cumulus-protected/SWOT_L2_HR_LakeSP_D/SWOT_L2_HR_LakeSP_Prior_053_464_SA_20260726T180146_20260726T181158_PID0_01.zip,13 exutorios dentro/intersectando a geometria do granulo.
492,LAKESP,053,436,SA,2026-07-25T18:01:41Z,2026-07-25T18:10:16Z,11.339407920837402,13,0.0,0.0,bounding_box,SWOT_L2_HR_LakeSP_Prior_053_436_SA_20260725T180133_20260725T181016_PID0_01,https://archive.swot.podaac.earthdata.nasa.gov/podaac-swot-ops-cumulus-protected/SWOT_L2_HR_LakeSP_D/SWOT_L2_HR_LakeSP_Prior_053_436_SA_20260725T180133_20260725T181016_PID0_01.zip,13 exutorios dentro/intersectando a geometria do granulo.
493,LAKESP,053,436,SA,2026-07-25T18:01:41Z,2026-07-25T18:10:16Z,11.339398384094238,13,0.0,0.0,bounding_box,SWOT_L2_HR_LakeSP_Prior_053_436_SA_20260725T180133_20260725T181016_PID0_02,https://archive.swot.podaac.earthdata.nasa.gov/podaac-swot-ops-cumulus-protected/SWOT_L2_HR_LakeSP_D/SWOT_L2_HR_LakeSP_Prior_053_436_SA_20260725T180133_20260725T181016_PID0_02.zip,13 exutorios dentro/intersectando a geometria do granulo.
494,LAKESP,053,408,SA,2026-07-24T18:02:30Z,2026-07-24T18:09:25Z,4.784285545349121,13,0.0,0.0,bounding_box,SWOT_L2_HR_LakeSP_Prior_053_408_SA_20260724T180230_20260724T180925_PID0_01,https://archive.swot.podaac.earthdata.nasa.gov/podaac-swot-ops-cumulus-protected/SWOT_L2_HR_LakeSP_D/SWOT_L2_HR_LakeSP_Prior_053_408_SA_20260724T180230_20260724T180925_PID0_01.zip,13 exutorios dentro/intersectando a geometria do granulo.
495,LAKESP,053,255,SA,2026-07-19T06:40:57Z,2026-07-19T06:51:11Z,12.677034378051758,13,0.0,0.0,bounding_box,SWOT_L2_HR_LakeSP_Prior_053_255_SA_20260719T064057_20260719T065111_PID0_01,https://archive.swot.podaac.earthdata.nasa.gov/podaac-swot-ops-cumulus-protected/SWOT_L2_HR_LakeSP_D/SWOT_L2_HR_LakeSP_Prior_053_255_SA_20260719T064057_20260719T065111_PID0_01.zip,13 exutorios dentro/intersectando a geometria do granulo.
496,LAKESP,053,227,SA,2026-07-18T06:41:29Z,2026-07-18T06:50:25Z,9.566841125488281,13,0.0,0.0,bounding_box,SWOT_L2_HR_LakeSP_Prior_053_227_SA_20260718T064120_20260718T065025_PID0_01,https://archive.swot.podaac.earthdata.nasa.gov/podaac-swot-ops-cumulus-protected/SWOT_L2_HR_LakeSP_D/SWOT_L2_HR_LakeSP_Prior_053_227_SA_20260718T064120_20260718T065025_PID0_01.zip,13 exutorios dentro/intersectando a geometria do granulo.
497,LAKESP,053,158,SA,2026-07-15T19:39:07Z,2026-07-15T19:48:28Z,8.1986665725708,13,0.0,0.0,bounding_box,SWOT_L2_HR_LakeSP_Prior_053_158_SA_20260715T193907_20260715T194828_PID0_01,https://archive.swot.podaac.earthdata.nasa.gov/podaac-swot-ops-cumulus-protected/SWOT_L2_HR_LakeSP_D/SWOT_L2_HR_LakeSP_Prior_053_158_SA_20260715T193907_20260715T194828_PID0_01.zip,13 exutorios dentro/intersectando a geometria do granulo.
498,LAKESP,053,130,SA,2026-07-14T19:39:35Z,2026-07-14T19:47:16Z,12.221307754516602,13,0.0,0.0,bounding_box,SWOT_L2_HR_LakeSP_Prior_053_130_SA_20260714T193935_20260714T194716_PID0_01,https://archive.swot.podaac.earthdata.nasa.gov/podaac-swot-ops-cumulus-protected/SWOT_L2_HR_LakeSP_D/SWOT_L2_HR_LakeSP_Prior_053_130_SA_20260714T193935_20260714T194716_PID0_01.zip,13 exutorios dentro/intersectando a geometria do granulo.
499,LAKESP,052,533,SA,2026-07-08T08:18:54Z,2026-07-08T08:28:15Z,10.818090438842773,13,0.0,0.0,bounding_box,SWOT_L2_HR_LakeSP_Prior_052_533_SA_20260708T081252_20260708T082815_PID0_01,https://archive.swot.podaac.earthdata.nasa.gov/podaac-swot-ops-cumulus-protected/SWOT_L2_HR_LakeSP_D/SWOT_L2_HR_LakeSP_Prior_052_533_SA_20260708T081252_20260708T082815_PID0_01.zip,13 exutorios dentro/intersectando a geometria do granulo.
500,LAKESP,052,505,SA,2026-07-07T08:19:23Z,2026-07-07T08:27:30Z,6.586054801940918,13,0.0,0.0,bounding_box,SWOT_L2_HR_LakeSP_Prior_052_505_SA_20260707T081917_20260707T082730_PID0_01,https://archive.swot.podaac.earthdata.nasa.gov/podaac-swot-ops-cumulus-protected/SWOT_L2_HR_LakeSP_D/SWOT_L2_HR_LakeSP_Prior_052_505_SA_20260707T081917_20260707T082730_PID0_01.zip,13 exutorios dentro/intersectando a geometria do granulo.
501,LAKESP,052,464,SA,2026-07-05T21:16:43Z,2026-07-05T21:26:55Z,7.456846237182617,13,0.0,0.0,bounding_box,SWOT_L2_HR_LakeSP_Prior_052_464_SA_20260705T211643_20260705T212655_PID0_01,https://archive.swot.podaac.earthdata.nasa.gov/podaac-swot-ops-cumulus-protected/SWOT_L2_HR_LakeSP_D/SWOT_L2_HR_LakeSP_Prior_052_464_SA_20260705T211643_20260705T212655_PID0_01.zip,13 exutorios dentro/intersectando a geometria do granulo.
502,LAKESP,052,436,SA,2026-07-04T21:16:38Z,2026-07-04T21:25:13Z,9.86185073852539,13,0.0,0.0,bounding_box,SWOT_L2_HR_LakeSP_Prior_052_436_SA_20260704T211630_20260704T212513_PID0_01,https://archive.swot.podaac.earthdata.nasa.gov/podaac-swot-ops-cumulus-protected/SWOT_L2_HR_LakeSP_D/SWOT_L2_HR_LakeSP_Prior_052_436_SA_20260704T211630_20260704T212513_PID0_01.zip,13 exutorios dentro/intersectando a geometria do granulo.
503,LAKESP,052,408,SA,2026-07-03T21:17:27Z,2026-07-03T21:24:22Z,4.223011016845703,13,0.0,0.0,bounding_box,SWOT_L2_HR_LakeSP_Prior_052_408_SA_20260703T211727_20260703T212422_PID0_01,https://archive.swot.podaac.earthdata.nasa.gov/podaac-swot-ops-cumulus-protected/SWOT_L2_HR_LakeSP_D/SWOT_L2_HR_LakeSP_Prior_052_408_SA_20260703T211727_20260703T212422_PID0_01.zip,13 exutorios dentro/intersectando a geometria do granulo.
504,LAKESP,052,255,SA,2026-06-28T09:55:54Z,2026-06-28T10:06:08Z,9.790775299072266,13,0.0,0.0,bounding_box,SWOT_L2_HR_LakeSP_Prior_052_255_SA_20260628T095554_20260628T100608_PID0_01,https://archive.swot.podaac.earthdata.nasa.gov/podaac-swot-ops-cumulus-protected/SWOT_L2_HR_LakeSP_D/SWOT_L2_HR_LakeSP_Prior_052_255_SA_20260628T095554_20260628T100608_PID0_01.zip,13 exutorios dentro/intersectando a geometria do granulo.
505,LAKESP,052,255,SA,2026-06-28T09:55:54Z,2026-06-28T10:06:08Z,9.723661422729492,13,0.0,0.0,bounding_box,SWOT_L2_HR_LakeSP_Prior_052_255_SA_20260628T095554_20260628T100608_PID0_02,https://archive.swot.podaac.earthdata.nasa.gov/podaac-swot-ops-cumulus-protected/SWOT_L2_HR_LakeSP_D/SWOT_L2_HR_LakeSP_Prior_052_255_SA_20260628T095554_20260628T100608_PID0_02.zip,13 exutorios dentro/intersectando a geometria do granulo.
506,LAKESP,052,227,SA,2026-06-27T09:56:26Z,2026-06-27T10:05:22Z,9.133537292480469,13,0.0,0.0,bounding_box,SWOT_L2_HR_LakeSP_Prior_052_227_SA_20260627T095617_20260627T100522_PID0_01,https://archive.swot.podaac.earthdata.nasa.gov/podaac-swot-ops-cumulus-protected/SWOT_L2_HR_LakeSP_D/SWOT_L2_HR_LakeSP_Prior_052_227_SA_20260627T095617_20260627T100522_PID0_01.zip,13 exutorios dentro/intersectando a geometria do granulo.
507,LAKESP,052,158,SA,2026-06-24T22:54:12Z,2026-06-24T23:03:24Z,7.452706336975098,13,0.0,0.0,bounding_box,SWOT_L2_HR_LakeSP_Prior_052_158_SA_20260624T225403_20260624T230324_PID0_01,https://archive.swot.podaac.earthdata.nasa.gov/podaac-swot-ops-cumulus-protected/SWOT_L2_HR_LakeSP_D/SWOT_L2_HR_LakeSP_Prior_052_158_SA_20260624T225403_20260624T230324_PID0_01.zip,13 exutorios dentro/intersectando a geometria do granulo.
508,LAKESP,052,158,SA,2026-06-24T22:54:12Z,2026-06-24T23:03:24Z,7.864262580871582,13,0.0,0.0,bounding_box,SWOT_L2_HR_LakeSP_Prior_052_158_SA_20260624T225403_20260624T230324_PID0_02,https://archive.swot.podaac.earthdata.nasa.gov/podaac-swot-ops-cumulus-protected/SWOT_L2_HR_LakeSP_D/SWOT_L2_HR_LakeSP_Prior_052_158_SA_20260624T225403_20260624T230324_PID0_02.zip,13 exutorios dentro/intersectando a geometria do granulo.
509,LAKESP,052,158,SA,2026-06-24T22:54:12Z,2026-06-24T23:03:24Z,7.865810394287109,13,0.0,0.0,bounding_box,SWOT_L2_HR_LakeSP_Prior_052_158_SA_20260624T225403_20260624T230324_PID0_03,https://archive.swot.podaac.earthdata.nasa.gov/podaac-swot-ops-cumulus-protected/SWOT_L2_HR_LakeSP_D/SWOT_L2_HR_LakeSP_Prior_052_158_SA_20260624T225403_20260624T230324_PID0_03.zip,13 exutorios dentro/intersectando a geometria do granulo.
510,LAKESP,052,130,SA,2026-06-23T22:54:31Z,2026-06-23T23:02:13Z,10.812615394592285,13,0.0,0.0,bounding_box,SWOT_L2_HR_LakeSP_Prior_052_130_SA_20260623T225431_20260623T230213_PID0_01,https://archive.swot.podaac.earthdata.nasa.gov/podaac-swot-ops-cumulus-protected/SWOT_L2_HR_LakeSP_D/SWOT_L2_HR_LakeSP_Prior_052_130_SA_20260623T225431_20260623T230213_PID0_01.zip,13 exutorios dentro/intersectando a geometria do granulo.
511,LAKESP,052,130,SA,2026-06-23T22:54:31Z,2026-06-23T23:02:13Z,10.779898643493652,13,0.0,0.0,bounding_box,SWOT_L2_HR_LakeSP_Prior_052_130_SA_20260623T225431_20260623T230213_PID0_02,https://archive.swot.podaac.earthdata.nasa.gov/podaac-swot-ops-cumulus-protected/SWOT_L2_HR_LakeSP_D/SWOT_L2_HR_LakeSP_Prior_052_130_SA_20260623T225431_20260623T230213_PID0_02.zip,13 exutorios dentro/intersectando a geometria do granulo.
512,LAKESP,051,533,SA,2026-06-17T11:33:49Z,2026-06-17T11:43:10Z,11.935810089111328,13,0.0,0.0,bounding_box,SWOT_L2_HR_LakeSP_Prior_051_533_SA_20260617T112748_20260617T114310_PID0_01,https://archive.swot.podaac.earthdata.nasa.gov/podaac-swot-ops-cumulus-protected/SWOT_L2_HR_LakeSP_D/SWOT_L2_HR_LakeSP_Prior_051_533_SA_20260617T112748_20260617T114310_PID0_01.zip,13 exutorios dentro/intersectando a geometria do granulo.
513,LAKESP,051,505,SA,2026-06-16T11:34:18Z,2026-06-16T11:42:25Z,7.428327560424805,13,0.0,0.0,bounding_box,SWOT_L2_HR_LakeSP_Prior_051_505_SA_20260616T113412_20260616T114225_PID0_01,https://archive.swot.podaac.earthdata.nasa.gov/podaac-swot-ops-cumulus-protected/SWOT_L2_HR_LakeSP_D/SWOT_L2_HR_LakeSP_Prior_051_505_SA_20260616T113412_20260616T114225_PID0_01.zip,13 exutorios dentro/intersectando a geometria do granulo.
514,LAKESP,051,464,SA,2026-06-15T00:31:39Z,2026-06-15T00:41:50Z,6.968611717224121,13,0.0,0.0,bounding_box,SWOT_L2_HR_LakeSP_Prior_051_464_SA_20260615T003139_20260615T004150_PID0_01,https://archive.swot.podaac.earthdata.nasa.gov/podaac-swot-ops-cumulus-protected/SWOT_L2_HR_LakeSP_D/SWOT_L2_HR_LakeSP_Prior_051_464_SA_20260615T003139_20260615T004150_PID0_01.zip,13 exutorios dentro/intersectando a geometria do granulo.
515,LAKESP,051,436,SA,2026-06-14T00:31:34Z,2026-06-14T00:40:08Z,9.461492538452148,13,0.0,0.0,bounding_box,SWOT_L2_HR_LakeSP_Prior_051_436_SA_20260614T003125_20260614T004008_PID0_01,https://archive.swot.podaac.earthdata.nasa.gov/podaac-swot-ops-cumulus-protected/SWOT_L2_HR_LakeSP_D/SWOT_L2_HR_LakeSP_Prior_051_436_SA_20260614T003125_20260614T004008_PID0_01.zip,13 exutorios dentro/intersectando a geometria do granulo.
516,LAKESP,051,408,SA,2026-06-13T00:32:22Z,2026-06-13T00:39:17Z,4.030292510986328,13,0.0,0.0,bounding_box,SWOT_L2_HR_LakeSP_Prior_051_408_SA_20260613T003222_20260613T003917_PID0_01,https://archive.swot.podaac.earthdata.nasa.gov/podaac-swot-ops-cumulus-protected/SWOT_L2_HR_LakeSP_D/SWOT_L2_HR_LakeSP_Prior_051_408_SA_20260613T003222_20260613T003917_PID0_01.zip,13 exutorios dentro/intersectando a geometria do granulo.
517,LAKESP,051,408,SA,2026-06-13T00:32:22Z,2026-06-13T00:39:17Z,4.030274391174316,13,0.0,0.0,bounding_box,SWOT_L2_HR_LakeSP_Prior_051_408_SA_20260613T003222_20260613T003917_PID0_02,https://archive.swot.podaac.earthdata.nasa.gov/podaac-swot-ops-cumulus-protected/SWOT_L2_HR_LakeSP_D/SWOT_L2_HR_LakeSP_Prior_051_408_SA_20260613T003222_20260613T003917_PID0_02.zip,13 exutorios dentro/intersectando a geometria do granulo.
518,LAKESP,051,227,SA,2026-06-06T13:11:20Z,2026-06-06T13:20:16Z,10.528639793395996,13,0.0,0.0,bounding_box,SWOT_L2_HR_LakeSP_Prior_051_227_SA_20260606T131111_20260606T132016_PID0_01,https://archive.swot.podaac.earthdata.nasa.gov/podaac-swot-ops-cumulus-protected/SWOT_L2_HR_LakeSP_D/SWOT_L2_HR_LakeSP_Prior_051_227_SA_20260606T131111_20260606T132016_PID0_01.zip,13 exutorios dentro/intersectando a geometria do granulo.
519,LAKESP,051,158,SA,2026-06-04T02:08:57Z,2026-06-04T02:18:18Z,7.816925048828125,13,0.0,0.0,bounding_box,SWOT_L2_HR_LakeSP_Prior_051_158_SA_20260604T020857_20260604T021818_PID0_01,https://archive.swot.podaac.earthdata.nasa.gov/podaac-swot-ops-cumulus-protected/SWOT_L2_HR_LakeSP_D/SWOT_L2_HR_LakeSP_Prior_051_158_SA_20260604T020857_20260604T021818_PID0_01.zip,13 exutorios dentro/intersectando a geometria do granulo.
520,LAKESP,051,130,SA,2026-06-03T02:09:25Z,2026-06-03T02:17:07Z,10.360376358032227,13,0.0,0.0,bounding_box,SWOT_L2_HR_LakeSP_Prior_051_130_SA_20260603T020925_20260603T021707_PID0_01,https://archive.swot.podaac.earthdata.nasa.gov/podaac-swot-ops-cumulus-protected/SWOT_L2_HR_LakeSP_D/SWOT_L2_HR_LakeSP_Prior_051_130_SA_20260603T020925_20260603T021707_PID0_01.zip,13 exutorios dentro/intersectando a geometria do granulo.
521,LAKESP,050,533,SA,2026-05-27T14:48:44Z,2026-05-27T14:58:05Z,13.924149513244629,13,0.0,0.0,bounding_box,SWOT_L2_HR_LakeSP_Prior_050_533_SA_20260527T144243_20260527T145805_PID0_01,https://archive.swot.podaac.earthdata.nasa.gov/podaac-swot-ops-cumulus-protected/SWOT_L2_HR_LakeSP_D/SWOT_L2_HR_LakeSP_Prior_050_533_SA_20260527T144243_20260527T145805_PID0_01.zip,13 exutorios dentro/intersectando a geometria do granulo.
522,LAKESP,050,505,SA,2026-05-26T14:49:13Z,2026-05-26T14:57:20Z,8.557560920715332,13,0.0,0.0,bounding_box,SWOT_L2_HR_LakeSP_Prior_050_505_SA_20260526T144907_20260526T145720_PID0_01,https://archive.swot.podaac.earthdata.nasa.gov/podaac-swot-ops-cumulus-protected/SWOT_L2_HR_LakeSP_D/SWOT_L2_HR_LakeSP_Prior_050_505_SA_20260526T144907_20260526T145720_PID0_01.zip,13 exutorios dentro/intersectando a geometria do granulo.
523,LAKESP,050,505,SA,2026-05-26T14:49:13Z,2026-05-26T14:57:20Z,8.562220573425293,13,0.0,0.0,bounding_box,SWOT_L2_HR_LakeSP_Prior_050_505_SA_20260526T144907_20260526T145720_PID0_02,https://archive.swot.podaac.earthdata.nasa.gov/podaac-swot-ops-cumulus-protected/SWOT_L2_HR_LakeSP_D/SWOT_L2_HR_LakeSP_Prior_050_505_SA_20260526T144907_20260526T145720_PID0_02.zip,13 exutorios dentro/intersectando a geometria do granulo.
524,LAKESP,050,464,SA,2026-05-25T03:46:34Z,2026-05-25T03:56:45Z,6.598488807678223,13,0.0,0.0,bounding_box,SWOT_L2_HR_LakeSP_Prior_050_464_SA_20260525T034634_20260525T035645_PID0_01,https://archive.swot.podaac.earthdata.nasa.gov/podaac-swot-ops-cumulus-protected/SWOT_L2_HR_LakeSP_D/SWOT_L2_HR_LakeSP_Prior_050_464_SA_20260525T034634_20260525T035645_PID0_01.zip,13 exutorios dentro/intersectando a geometria do granulo.
525,LAKESP,050,436,SA,2026-05-24T03:46:29Z,2026-05-24T03:55:03Z,9.26652717590332,13,0.0,0.0,bounding_box,SWOT_L2_HR_LakeSP_Prior_050_436_SA_20260524T034621_20260524T035503_PID0_01,https://archive.swot.podaac.earthdata.nasa.gov/podaac-swot-ops-cumulus-protected/SWOT_L2_HR_LakeSP_D/SWOT_L2_HR_LakeSP_Prior_050_436_SA_20260524T034621_20260524T035503_PID0_01.zip,13 exutorios dentro/intersectando a geometria do granulo.
526,LAKESP,050,408,SA,2026-05-23T03:47:18Z,2026-05-23T03:54:13Z,4.120140075683594,13,0.0,0.0,bounding_box,SWOT_L2_HR_LakeSP_Prior_050_408_SA_20260523T034718_20260523T035413_PID0_01,https://archive.swot.podaac.earthdata.nasa.gov/podaac-swot-ops-cumulus-protected/SWOT_L2_HR_LakeSP_D/SWOT_L2_HR_LakeSP_Prior_050_408_SA_20260523T034718_20260523T035413_PID0_01.zip,13 exutorios dentro/intersectando a geometria do granulo.
527,LAKESP,050,255,SA,2026-05-17T16:25:44Z,2026-05-17T16:35:58Z,13.462591171264648,13,0.0,0.0,bounding_box,SWOT_L2_HR_LakeSP_Prior_050_255_SA_20260517T162544_20260517T163558_PID0_01,https://archive.swot.podaac.earthdata.nasa.gov/podaac-swot-ops-cumulus-protected/SWOT_L2_HR_LakeSP_D/SWOT_L2_HR_LakeSP_Prior_050_255_SA_20260517T162544_20260517T163558_PID0_01.zip,13 exutorios dentro/intersectando a geometria do granulo.
528,LAKESP,050,227,SA,2026-05-16T16:26:16Z,2026-05-16T16:35:12Z,10.341520309448242,13,0.0,0.0,bounding_box,SWOT_L2_HR_LakeSP_Prior_050_227_SA_20260516T162607_20260516T163512_PID0_01,https://archive.swot.podaac.earthdata.nasa.gov/podaac-swot-ops-cumulus-protected/SWOT_L2_HR_LakeSP_D/SWOT_L2_HR_LakeSP_Prior_050_227_SA_20260516T162607_20260516T163512_PID0_01.zip,13 exutorios dentro/intersectando a geometria do granulo.
529,LAKESP,050,158,SA,2026-05-14T05:23:54Z,2026-05-14T05:33:14Z,6.222490310668945,13,0.0,0.0,bounding_box,SWOT_L2_HR_LakeSP_Prior_050_158_SA_20260514T052354_20260514T053314_PID0_01,https://archive.swot.podaac.earthdata.nasa.gov/podaac-swot-ops-cumulus-protected/SWOT_L2_HR_LakeSP_D/SWOT_L2_HR_LakeSP_Prior_050_158_SA_20260514T052354_20260514T053314_PID0_01.zip,13 exutorios dentro/intersectando a geometria do granulo.
530,LAKESP,050,130,SA,2026-05-13T05:24:21Z,2026-05-13T05:32:03Z,10.3158540725708,13,0.0,0.0,bounding_box,SWOT_L2_HR_LakeSP_Prior_050_130_SA_20260513T052421_20260513T053203_PID0_01,https://archive.swot.podaac.earthdata.nasa.gov/podaac-swot-ops-cumulus-protected/SWOT_L2_HR_LakeSP_D/SWOT_L2_HR_LakeSP_Prior_050_130_SA_20260513T052421_20260513T053203_PID0_01.zip,13 exutorios dentro/intersectando a geometria do granulo.
531,LAKESP,049,533,SA,2026-05-06T18:03:41Z,2026-05-06T18:13:01Z,13.371746063232422,13,0.0,0.0,bounding_box,SWOT_L2_HR_LakeSP_Prior_049_533_SA_20260506T175739_20260506T181301_PID0_01,https://archive.swot.podaac.earthdata.nasa.gov/podaac-swot-ops-cumulus-protected/SWOT_L2_HR_LakeSP_D/SWOT_L2_HR_LakeSP_Prior_049_533_SA_20260506T175739_20260506T181301_PID0_01.zip,13 exutorios dentro/intersectando a geometria do granulo.
532,LAKESP,049,505,SA,2026-05-05T18:04:10Z,2026-05-05T18:12:17Z,8.602438926696777,13,0.0,0.0,bounding_box,SWOT_L2_HR_LakeSP_Prior_049_505_SA_20260505T180403_20260505T181217_PID0_01,https://archive.swot.podaac.earthdata.nasa.gov/podaac-swot-ops-cumulus-protected/SWOT_L2_HR_LakeSP_D/SWOT_L2_HR_LakeSP_Prior_049_505_SA_20260505T180403_20260505T181217_PID0_01.zip,13 exutorios dentro/intersectando a geometria do granulo.
533,LAKESP,049,464,SA,2026-05-04T07:01:30Z,2026-05-04T07:11:41Z,7.6522064208984375,13,0.0,0.0,bounding_box,SWOT_L2_HR_LakeSP_Prior_049_464_SA_20260504T070130_20260504T071141_PID0_01,https://archive.swot.podaac.earthdata.nasa.gov/podaac-swot-ops-cumulus-protected/SWOT_L2_HR_LakeSP_D/SWOT_L2_HR_LakeSP_Prior_049_464_SA_20260504T070130_20260504T071141_PID0_01.zip,13 exutorios dentro/intersectando a geometria do granulo.
534,LAKESP,049,436,SA,2026-05-03T07:01:25Z,2026-05-03T07:10:00Z,9.533971786499023,13,0.0,0.0,bounding_box,SWOT_L2_HR_LakeSP_Prior_049_436_SA_20260503T070117_20260503T071000_PID0_01,https://archive.swot.podaac.earthdata.nasa.gov/podaac-swot-ops-cumulus-protected/SWOT_L2_HR_LakeSP_D/SWOT_L2_HR_LakeSP_Prior_049_436_SA_20260503T070117_20260503T071000_PID0_01.zip,13 exutorios dentro/intersectando a geometria do granulo.
535,LAKESP,049,408,SA,2026-05-02T07:02:14Z,2026-05-02T07:09:09Z,4.145777702331543,13,0.0,0.0,bounding_box,SWOT_L2_HR_LakeSP_Prior_049_408_SA_20260502T070214_20260502T070909_PID0_01,https://archive.swot.podaac.earthdata.nasa.gov/podaac-swot-ops-cumulus-protected/SWOT_L2_HR_LakeSP_D/SWOT_L2_HR_LakeSP_Prior_049_408_SA_20260502T070214_20260502T070909_PID0_01.zip,13 exutorios dentro/intersectando a geometria do granulo.
536,LAKESP,049,255,SA,2026-04-26T19:40:40Z,2026-04-26T19:50:55Z,12.735283851623535,13,0.0,0.0,bounding_box,SWOT_L2_HR_LakeSP_Prior_049_255_SA_20260426T194040_20260426T195055_PID0_01,https://archive.swot.podaac.earthdata.nasa.gov/podaac-swot-ops-cumulus-protected/SWOT_L2_HR_LakeSP_D/SWOT_L2_HR_LakeSP_Prior_049_255_SA_20260426T194040_20260426T195055_PID0_01.zip,13 exutorios dentro/intersectando a geometria do granulo.
537,LAKESP,049,227,SA,2026-04-25T19:41:13Z,2026-04-25T19:50:09Z,9.722819328308105,13,0.0,0.0,bounding_box,SWOT_L2_HR_LakeSP_Prior_049_227_SA_20260425T194104_20260425T195009_PID0_01,https://archive.swot.podaac.earthdata.nasa.gov/podaac-swot-ops-cumulus-protected/SWOT_L2_HR_LakeSP_D/SWOT_L2_HR_LakeSP_Prior_049_227_SA_20260425T194104_20260425T195009_PID0_01.zip,13 exutorios dentro/intersectando a geometria do granulo.
538,LAKESP,049,158,SA,2026-04-23T08:38:50Z,2026-04-23T08:48:11Z,7.822698593139648,13,0.0,0.0,bounding_box,SWOT_L2_HR_LakeSP_Prior_049_158_SA_20260423T083850_20260423T084811_PID0_01,https://archive.swot.podaac.earthdata.nasa.gov/podaac-swot-ops-cumulus-protected/SWOT_L2_HR_LakeSP_D/SWOT_L2_HR_LakeSP_Prior_049_158_SA_20260423T083850_20260423T084811_PID0_01.zip,13 exutorios dentro/intersectando a geometria do granulo.
539,LAKESP,049,130,SA,2026-04-22T08:39:18Z,2026-04-22T08:46:59Z,11.3059663772583,13,0.0,0.0,bounding_box,SWOT_L2_HR_LakeSP_Prior_049_130_SA_20260422T083918_20260422T084659_PID0_01,https://archive.swot.podaac.earthdata.nasa.gov/podaac-swot-ops-cumulus-protected/SWOT_L2_HR_LakeSP_D/SWOT_L2_HR_LakeSP_Prior_049_130_SA_20260422T083918_20260422T084659_PID0_01.zip,13 exutorios dentro/intersectando a geometria do granulo.
540,LAKESP,048,533,SA,2026-04-15T21:18:36Z,2026-04-15T21:27:57Z,12.910208702087402,13,0.0,0.0,bounding_box,SWOT_L2_HR_LakeSP_Prior_048_533_SA_20260415T211234_20260415T212757_PID0_01,https://archive.swot.podaac.earthdata.nasa.gov/podaac-swot-ops-cumulus-protected/SWOT_L2_HR_LakeSP_D/SWOT_L2_HR_LakeSP_Prior_048_533_SA_20260415T211234_20260415T212757_PID0_01.zip,13 exutorios dentro/intersectando a geometria do granulo.
541,LAKESP,048,505,SA,2026-04-14T21:19:05Z,2026-04-14T21:27:12Z,6.826876640319824,13,0.0,0.0,bounding_box,SWOT_L2_HR_LakeSP_Prior_048_505_SA_20260414T211858_20260414T212712_PID0_01,https://archive.swot.podaac.earthdata.nasa.gov/podaac-swot-ops-cumulus-protected/SWOT_L2_HR_LakeSP_D/SWOT_L2_HR_LakeSP_Prior_048_505_SA_20260414T211858_20260414T212712_PID0_01.zip,13 exutorios dentro/intersectando a geometria do granulo.
542,LAKESP,048,464,SA,2026-04-13T10:16:25Z,2026-04-13T10:26:36Z,7.546562194824219,13,0.0,0.0,bounding_box,SWOT_L2_HR_LakeSP_Prior_048_464_SA_20260413T101625_20260413T102636_PID0_01,https://archive.swot.podaac.earthdata.nasa.gov/podaac-swot-ops-cumulus-protected/SWOT_L2_HR_LakeSP_D/SWOT_L2_HR_LakeSP_Prior_048_464_SA_20260413T101625_20260413T102636_PID0_01.zip,13 exutorios dentro/intersectando a geometria do granulo.
543,LAKESP,048,436,SA,2026-04-12T10:16:20Z,2026-04-12T10:24:55Z,10.005810737609863,13,0.0,0.0,bounding_box,SWOT_L2_HR_LakeSP_Prior_048_436_SA_20260412T101612_20260412T102455_PID0_01,https://archive.swot.podaac.earthdata.nasa.gov/podaac-swot-ops-cumulus-protected/SWOT_L2_HR_LakeSP_D/SWOT_L2_HR_LakeSP_Prior_048_436_SA_20260412T101612_20260412T102455_PID0_01.zip,13 exutorios dentro/intersectando a geometria do granulo.
544,LAKESP,048,436,SA,2026-04-12T10:16:20Z,2026-04-12T10:24:55Z,10.006060600280762,13,0.0,0.0,bounding_box,SWOT_L2_HR_LakeSP_Prior_048_436_SA_20260412T101612_20260412T102455_PID0_02,https://archive.swot.podaac.earthdata.nasa.gov/podaac-swot-ops-cumulus-protected/SWOT_L2_HR_LakeSP_D/SWOT_L2_HR_LakeSP_Prior_048_436_SA_20260412T101612_20260412T102455_PID0_02.zip,13 exutorios dentro/intersectando a geometria do granulo.
545,LAKESP,048,436,SA,2026-04-12T10:16:20Z,2026-04-12T10:24:55Z,10.005821228027344,13,0.0,0.0,bounding_box,SWOT_L2_HR_LakeSP_Prior_048_436_SA_20260412T101612_20260412T102455_PID0_03,https://archive.swot.podaac.earthdata.nasa.gov/podaac-swot-ops-cumulus-protected/SWOT_L2_HR_LakeSP_D/SWOT_L2_HR_LakeSP_Prior_048_436_SA_20260412T101612_20260412T102455_PID0_03.zip,13 exutorios dentro/intersectando a geometria do granulo.
546,LAKESP,048,408,SA,2026-04-11T10:17:09Z,2026-04-11T10:24:04Z,4.115331649780273,13,0.0,0.0,bounding_box,SWOT_L2_HR_LakeSP_Prior_048_408_SA_20260411T101709_20260411T102404_PID0_01,https://archive.swot.podaac.earthdata.nasa.gov/podaac-swot-ops-cumulus-protected/SWOT_L2_HR_LakeSP_D/SWOT_L2_HR_LakeSP_Prior_048_408_SA_20260411T101709_20260411T102404_PID0_01.zip,13 exutorios dentro/intersectando a geometria do granulo.
547,LAKESP,048,255,SA,2026-04-05T22:55:34Z,2026-04-05T23:05:49Z,11.89256763458252,13,0.0,0.0,bounding_box,SWOT_L2_HR_LakeSP_Prior_048_255_SA_20260405T225534_20260405T230549_PID0_01,https://archive.swot.podaac.earthdata.nasa.gov/podaac-swot-ops-cumulus-protected/SWOT_L2_HR_LakeSP_D/SWOT_L2_HR_LakeSP_Prior_048_255_SA_20260405T225534_20260405T230549_PID0_01.zip,13 exutorios dentro/intersectando a geometria do granulo.
548,LAKESP,048,227,SA,2026-04-04T22:56:07Z,2026-04-04T23:05:03Z,9.271778106689453,13,0.0,0.0,bounding_box,SWOT_L2_HR_LakeSP_Prior_048_227_SA_20260404T225557_20260404T230503_PID0_01,https://archive.swot.podaac.earthdata.nasa.gov/podaac-swot-ops-cumulus-protected/SWOT_L2_HR_LakeSP_D/SWOT_L2_HR_LakeSP_Prior_048_227_SA_20260404T225557_20260404T230503_PID0_01.zip,13 exutorios dentro/intersectando a geometria do granulo.
549,LAKESP,048,158,SA,2026-04-02T11:53:44Z,2026-04-02T12:03:05Z,8.123563766479492,13,0.0,0.0,bounding_box,SWOT_L2_HR_LakeSP_Prior_048_158_SA_20260402T115344_20260402T120305_PID0_01,https://archive.swot.podaac.earthdata.nasa.gov/podaac-swot-ops-cumulus-protected/SWOT_L2_HR_LakeSP_D/SWOT_L2_HR_LakeSP_Prior_048_158_SA_20260402T115344_20260402T120305_PID0_01.zip,13 exutorios dentro/intersectando a geometria do granulo.
550,LAKESP,048,130,SA,2026-04-01T11:54:12Z,2026-04-01T12:01:53Z,12.39316463470459,13,0.0,0.0,bounding_box,SWOT_L2_HR_LakeSP_Prior_048_130_SA_20260401T115412_20260401T120153_PID0_01,https://archive.swot.podaac.earthdata.nasa.gov/podaac-swot-ops-cumulus-protected/SWOT_L2_HR_LakeSP_D/SWOT_L2_HR_LakeSP_Prior_048_130_SA_20260401T115412_20260401T120153_PID0_01.zip,13 exutorios dentro/intersectando a geometria do granulo.
551,LAKESP,047,533,SA,2026-03-26T00:33:31Z,2026-03-26T00:42:51Z,11.321516036987305,13,0.0,0.0,bounding_box,SWOT_L2_HR_LakeSP_Prior_047_533_SA_20260326T002729_20260326T004251_PID0_01,https://archive.swot.podaac.earthdata.nasa.gov/podaac-swot-ops-cumulus-protected/SWOT_L2_HR_LakeSP_D/SWOT_L2_HR_LakeSP_Prior_047_533_SA_20260326T002729_20260326T004251_PID0_01.zip,13 exutorios dentro/intersectando a geometria do granulo.
552,LAKESP,047,505,SA,2026-03-25T00:34:00Z,2026-03-25T00:42:07Z,7.677270889282227,13,0.0,0.0,bounding_box,SWOT_L2_HR_LakeSP_Prior_047_505_SA_20260325T003353_20260325T004207_PID0_01,https://archive.swot.podaac.earthdata.nasa.gov/podaac-swot-ops-cumulus-protected/SWOT_L2_HR_LakeSP_D/SWOT_L2_HR_LakeSP_Prior_047_505_SA_20260325T003353_20260325T004207_PID0_01.zip,13 exutorios dentro/intersectando a geometria do granulo.
553,LAKESP,047,436,SA,2026-03-22T13:31:18Z,2026-03-22T13:39:44Z,11.86993408203125,13,0.0,0.0,bounding_box,SWOT_L2_HR_LakeSP_Prior_047_436_SA_20260322T133118_20260322T133944_PID0_01,https://archive.swot.podaac.earthdata.nasa.gov/podaac-swot-ops-cumulus-protected/SWOT_L2_HR_LakeSP_D/SWOT_L2_HR_LakeSP_Prior_047_436_SA_20260322T133118_20260322T133944_PID0_01.zip,13 exutorios dentro/intersectando a geometria do granulo.
554,LAKESP,047,436,SA,2026-03-22T13:31:18Z,2026-03-22T13:39:44Z,11.868391036987305,13,0.0,0.0,bounding_box,SWOT_L2_HR_LakeSP_Prior_047_436_SA_20260322T133118_20260322T133944_PID0_02,https://archive.swot.podaac.earthdata.nasa.gov/podaac-swot-ops-cumulus-protected/SWOT_L2_HR_LakeSP_D/SWOT_L2_HR_LakeSP_Prior_047_436_SA_20260322T133118_20260322T133944_PID0_02.zip,13 exutorios dentro/intersectando a geometria do granulo.
555,LAKESP,047,408,SA,2026-03-21T13:32:05Z,2026-03-21T13:38:55Z,5.124607086181641,13,0.0,0.0,bounding_box,SWOT_L2_HR_LakeSP_Prior_047_408_SA_20260321T133205_20260321T133855_PID0_01,https://archive.swot.podaac.earthdata.nasa.gov/podaac-swot-ops-cumulus-protected/SWOT_L2_HR_LakeSP_D/SWOT_L2_HR_LakeSP_Prior_047_408_SA_20260321T133205_20260321T133855_PID0_01.zip,13 exutorios dentro/intersectando a geometria do granulo.
556,LAKESP,047,255,SA,2026-03-16T02:10:38Z,2026-03-16T02:20:45Z,11.566930770874023,13,0.0,0.0,bounding_box,SWOT_L2_HR_LakeSP_Prior_047_255_SA_20260316T021038_20260316T022045_PID0_01,https://archive.swot.podaac.earthdata.nasa.gov/podaac-swot-ops-cumulus-protected/SWOT_L2_HR_LakeSP_D/SWOT_L2_HR_LakeSP_Prior_047_255_SA_20260316T021038_20260316T022045_PID0_01.zip,13 exutorios dentro/intersectando a geometria do granulo.
557,LAKESP,047,227,SA,2026-03-15T02:11:08Z,2026-03-15T02:19:55Z,8.448188781738281,13,0.0,0.0,bounding_box,SWOT_L2_HR_LakeSP_Prior_047_227_SA_20260315T021108_20260315T021955_PID0_01,https://archive.swot.podaac.earthdata.nasa.gov/podaac-swot-ops-cumulus-protected/SWOT_L2_HR_LakeSP_D/SWOT_L2_HR_LakeSP_Prior_047_227_SA_20260315T021108_20260315T021955_PID0_01.zip,13 exutorios dentro/intersectando a geometria do granulo.
558,LAKESP,047,158,SA,2026-03-12T15:08:43Z,2026-03-12T15:17:57Z,8.739001274108887,13,0.0,0.0,bounding_box,SWOT_L2_HR_LakeSP_Prior_047_158_SA_20260312T150843_20260312T151757_PID0_01,https://archive.swot.podaac.earthdata.nasa.gov/podaac-swot-ops-cumulus-protected/SWOT_L2_HR_LakeSP_D/SWOT_L2_HR_LakeSP_Prior_047_158_SA_20260312T150843_20260312T151757_PID0_01.zip,13 exutorios dentro/intersectando a geometria do granulo.
559,LAKESP,047,130,SA,2026-03-11T15:09:18Z,2026-03-11T15:16:45Z,12.144852638244629,13,0.0,0.0,bounding_box,SWOT_L2_HR_LakeSP_Prior_047_130_SA_20260311T150918_20260311T151645_PID0_01,https://archive.swot.podaac.earthdata.nasa.gov/podaac-swot-ops-cumulus-protected/SWOT_L2_HR_LakeSP_D/SWOT_L2_HR_LakeSP_Prior_047_130_SA_20260311T150918_20260311T151645_PID0_01.zip,13 exutorios dentro/intersectando a geometria do granulo.
560,LAKESP,046,533,SA,2026-03-05T03:48:29Z,2026-03-05T03:57:45Z,9.879739761352539,13,0.0,0.0,bounding_box,SWOT_L2_HR_LakeSP_Prior_046_533_SA_20260305T034829_20260305T035745_PID0_01,https://archive.swot.podaac.earthdata.nasa.gov/podaac-swot-ops-cumulus-protected/SWOT_L2_HR_LakeSP_D/SWOT_L2_HR_LakeSP_Prior_046_533_SA_20260305T034829_20260305T035745_PID0_01.zip,13 exutorios dentro/intersectando a geometria do granulo.
561,LAKESP,046,436,SA,2026-03-01T16:46:13Z,2026-03-01T16:54:39Z,12.060790061950684,13,0.0,0.0,bounding_box,SWOT_L2_HR_LakeSP_Prior_046_436_SA_20260301T164613_20260301T165439_PID0_01,https://archive.swot.podaac.earthdata.nasa.gov/podaac-swot-ops-cumulus-protected/SWOT_L2_HR_LakeSP_D/SWOT_L2_HR_LakeSP_Prior_046_436_SA_20260301T164613_20260301T165439_PID0_01.zip,13 exutorios dentro/intersectando a geometria do granulo.
562,LAKESP,046,408,SA,2026-02-28T16:46:59Z,2026-02-28T16:53:49Z,4.95222282409668,13,0.0,0.0,bounding_box,SWOT_L2_HR_LakeSP_Prior_046_408_SA_20260228T164659_20260228T165349_PID0_01,https://archive.swot.podaac.earthdata.nasa.gov/podaac-swot-ops-cumulus-protected/SWOT_L2_HR_LakeSP_D/SWOT_L2_HR_LakeSP_Prior_046_408_SA_20260228T164659_20260228T165349_PID0_01.zip,13 exutorios dentro/intersectando a geometria do granulo.
563,LAKESP,046,255,SA,2026-02-23T05:25:31Z,2026-02-23T05:35:38Z,11.668647766113281,13,0.0,0.0,bounding_box,SWOT_L2_HR_LakeSP_Prior_046_255_SA_20260223T052531_20260223T053538_PID0_01,https://archive.swot.podaac.earthdata.nasa.gov/podaac-swot-ops-cumulus-protected/SWOT_L2_HR_LakeSP_D/SWOT_L2_HR_LakeSP_Prior_046_255_SA_20260223T052531_20260223T053538_PID0_01.zip,13 exutorios dentro/intersectando a geometria do granulo.
564,LAKESP,046,227,SA,2026-02-22T05:26:01Z,2026-02-22T05:34:48Z,9.143255233764648,13,0.0,0.0,bounding_box,SWOT_L2_HR_LakeSP_Prior_046_227_SA_20260222T052601_20260222T053448_PID0_01,https://archive.swot.podaac.earthdata.nasa.gov/podaac-swot-ops-cumulus-protected/SWOT_L2_HR_LakeSP_D/SWOT_L2_HR_LakeSP_Prior_046_227_SA_20260222T052601_20260222T053448_PID0_01.zip,13 exutorios dentro/intersectando a geometria do granulo.
565,LAKESP,046,158,SA,2026-02-19T18:23:36Z,2026-02-19T18:32:49Z,8.939057350158691,13,0.0,0.0,bounding_box,SWOT_L2_HR_LakeSP_Prior_046_158_SA_20260219T182336_20260219T183249_PID0_01,https://archive.swot.podaac.earthdata.nasa.gov/podaac-swot-ops-cumulus-protected/SWOT_L2_HR_LakeSP_D/SWOT_L2_HR_LakeSP_Prior_046_158_SA_20260219T182336_20260219T183249_PID0_01.zip,13 exutorios dentro/intersectando a geometria do granulo.
566,LAKESP,046,130,SA,2026-02-18T18:24:10Z,2026-02-18T18:31:37Z,11.895073890686035,13,0.0,0.0,bounding_box,SWOT_L2_HR_LakeSP_Prior_046_130_SA_20260218T182410_20260218T183137_PID0_01,https://archive.swot.podaac.earthdata.nasa.gov/podaac-swot-ops-cumulus-protected/SWOT_L2_HR_LakeSP_D/SWOT_L2_HR_LakeSP_Prior_046_130_SA_20260218T182410_20260218T183137_PID0_01.zip,13 exutorios dentro/intersectando a geometria do granulo.
567,LAKESP,045,533,SA,2026-02-12T07:03:21Z,2026-02-12T07:12:36Z,10.051335334777832,13,0.0,0.0,bounding_box,SWOT_L2_HR_LakeSP_Prior_045_533_SA_20260212T070321_20260212T071236_PID0_01,https://archive.swot.podaac.earthdata.nasa.gov/podaac-swot-ops-cumulus-protected/SWOT_L2_HR_LakeSP_D/SWOT_L2_HR_LakeSP_Prior_045_533_SA_20260212T070321_20260212T071236_PID0_01.zip,13 exutorios dentro/intersectando a geometria do granulo.
568,LAKESP,045,505,SA,2026-02-11T07:03:55Z,2026-02-11T07:11:44Z,5.974153518676758,13,0.0,0.0,bounding_box,SWOT_L2_HR_LakeSP_Prior_045_505_SA_20260211T070355_20260211T071144_PID0_01,https://archive.swot.podaac.earthdata.nasa.gov/podaac-swot-ops-cumulus-protected/SWOT_L2_HR_LakeSP_D/SWOT_L2_HR_LakeSP_Prior_045_505_SA_20260211T070355_20260211T071144_PID0_01.zip,13 exutorios dentro/intersectando a geometria do granulo.
569,LAKESP,045,436,SA,2026-02-08T20:01:06Z,2026-02-08T20:09:32Z,11.410460472106934,13,0.0,0.0,bounding_box,SWOT_L2_HR_LakeSP_Prior_045_436_SA_20260208T200106_20260208T200932_PID0_01,https://archive.swot.podaac.earthdata.nasa.gov/podaac-swot-ops-cumulus-protected/SWOT_L2_HR_LakeSP_D/SWOT_L2_HR_LakeSP_Prior_045_436_SA_20260208T200106_20260208T200932_PID0_01.zip,13 exutorios dentro/intersectando a geometria do granulo.
570,LAKESP,045,408,SA,2026-02-07T20:01:52Z,2026-02-07T20:08:42Z,4.30689811706543,13,0.0,0.0,bounding_box,SWOT_L2_HR_LakeSP_Prior_045_408_SA_20260207T200152_20260207T200842_PID0_01,https://archive.swot.podaac.earthdata.nasa.gov/podaac-swot-ops-cumulus-protected/SWOT_L2_HR_LakeSP_D/SWOT_L2_HR_LakeSP_Prior_045_408_SA_20260207T200152_20260207T200842_PID0_01.zip,13 exutorios dentro/intersectando a geometria do granulo.
571,LAKESP,045,255,SA,2026-02-02T08:40:26Z,2026-02-02T08:50:33Z,10.521031379699707,13,0.0,0.0,bounding_box,SWOT_L2_HR_LakeSP_Prior_045_255_SA_20260202T084026_20260202T085033_PID0_01,https://archive.swot.podaac.earthdata.nasa.gov/podaac-swot-ops-cumulus-protected/SWOT_L2_HR_LakeSP_D/SWOT_L2_HR_LakeSP_Prior_045_255_SA_20260202T084026_20260202T085033_PID0_01.zip,13 exutorios dentro/intersectando a geometria do granulo.
572,LAKESP,045,227,SA,2026-02-01T08:40:56Z,2026-02-01T08:49:43Z,9.002312660217285,13,0.0,0.0,bounding_box,SWOT_L2_HR_LakeSP_Prior_045_227_SA_20260201T084056_20260201T084943_PID0_01,https://archive.swot.podaac.earthdata.nasa.gov/podaac-swot-ops-cumulus-protected/SWOT_L2_HR_LakeSP_D/SWOT_L2_HR_LakeSP_Prior_045_227_SA_20260201T084056_20260201T084943_PID0_01.zip,13 exutorios dentro/intersectando a geometria do granulo.
573,LAKESP,045,158,SA,2026-01-29T21:38:31Z,2026-01-29T21:47:45Z,7.169153213500977,13,0.0,0.0,bounding_box,SWOT_L2_HR_LakeSP_Prior_045_158_SA_20260129T213831_20260129T214745_PID0_01,https://archive.swot.podaac.earthdata.nasa.gov/podaac-swot-ops-cumulus-protected/SWOT_L2_HR_LakeSP_D/SWOT_L2_HR_LakeSP_Prior_045_158_SA_20260129T213831_20260129T214745_PID0_01.zip,13 exutorios dentro/intersectando a geometria do granulo.
574,LAKESP,045,130,SA,2026-01-28T21:39:06Z,2026-01-28T21:46:33Z,10.283577919006348,13,0.0,0.0,bounding_box,SWOT_L2_HR_LakeSP_Prior_045_130_SA_20260128T213906_20260128T214633_PID0_01,https://archive.swot.podaac.earthdata.nasa.gov/podaac-swot-ops-cumulus-protected/SWOT_L2_HR_LakeSP_D/SWOT_L2_HR_LakeSP_Prior_045_130_SA_20260128T213906_20260128T214633_PID0_01.zip,13 exutorios dentro/intersectando a geometria do granulo.
575,LAKESP,044,533,SA,2026-01-22T10:18:18Z,2026-01-22T10:27:33Z,10.54340934753418,13,0.0,0.0,bounding_box,SWOT_L2_HR_LakeSP_Prior_044_533_SA_20260122T101818_20260122T102733_PID0_01,https://archive.swot.podaac.earthdata.nasa.gov/podaac-swot-ops-cumulus-protected/SWOT_L2_HR_LakeSP_D/SWOT_L2_HR_LakeSP_Prior_044_533_SA_20260122T101818_20260122T102733_PID0_01.zip,13 exutorios dentro/intersectando a geometria do granulo.
576,LAKESP,044,505,SA,2026-01-21T10:18:51Z,2026-01-21T10:26:41Z,6.090750694274902,13,0.0,0.0,bounding_box,SWOT_L2_HR_LakeSP_Prior_044_505_SA_20260121T101851_20260121T102641_PID0_01,https://archive.swot.podaac.earthdata.nasa.gov/podaac-swot-ops-cumulus-protected/SWOT_L2_HR_LakeSP_D/SWOT_L2_HR_LakeSP_Prior_044_505_SA_20260121T101851_20260121T102641_PID0_01.zip,13 exutorios dentro/intersectando a geometria do granulo.
577,LAKESP,044,436,SA,2026-01-18T23:16:01Z,2026-01-18T23:24:27Z,8.966926574707031,13,0.0,0.0,bounding_box,SWOT_L2_HR_LakeSP_Prior_044_436_SA_20260118T231601_20260118T232427_PID0_01,https://archive.swot.podaac.earthdata.nasa.gov/podaac-swot-ops-cumulus-protected/SWOT_L2_HR_LakeSP_D/SWOT_L2_HR_LakeSP_Prior_044_436_SA_20260118T231601_20260118T232427_PID0_01.zip,13 exutorios dentro/intersectando a geometria do granulo.
578,LAKESP,044,436,SA,2026-01-18T23:16:01Z,2026-01-18T23:24:27Z,8.966320991516113,13,0.0,0.0,bounding_box,SWOT_L2_HR_LakeSP_Prior_044_436_SA_20260118T231601_20260118T232427_PID0_02,https://archive.swot.podaac.earthdata.nasa.gov/podaac-swot-ops-cumulus-protected/SWOT_L2_HR_LakeSP_D/SWOT_L2_HR_LakeSP_Prior_044_436_SA_20260118T231601_20260118T232427_PID0_02.zip,13 exutorios dentro/intersectando a geometria do granulo.
579,LAKESP,044,408,SA,2026-01-17T23:16:48Z,2026-01-17T23:23:38Z,3.6499271392822266,13,0.0,0.0,bounding_box,SWOT_L2_HR_LakeSP_Prior_044_408_SA_20260117T231647_20260117T232338_PID0_01,https://archive.swot.podaac.earthdata.nasa.gov/podaac-swot-ops-cumulus-protected/SWOT_L2_HR_LakeSP_D/SWOT_L2_HR_LakeSP_Prior_044_408_SA_20260117T231647_20260117T232338_PID0_01.zip,13 exutorios dentro/intersectando a geometria do granulo.
580,LAKESP,044,255,SA,2026-01-12T11:55:22Z,2026-01-12T12:05:29Z,12.099872589111328,13,0.0,0.0,bounding_box,SWOT_L2_HR_LakeSP_Prior_044_255_SA_20260112T115522_20260112T120529_PID0_01,https://archive.swot.podaac.earthdata.nasa.gov/podaac-swot-ops-cumulus-protected/SWOT_L2_HR_LakeSP_D/SWOT_L2_HR_LakeSP_Prior_044_255_SA_20260112T115522_20260112T120529_PID0_01.zip,13 exutorios dentro/intersectando a geometria do granulo.
581,LAKESP,044,227,SA,2026-01-11T11:55:52Z,2026-01-11T12:04:38Z,10.038288116455078,13,0.0,0.0,bounding_box,SWOT_L2_HR_LakeSP_Prior_044_227_SA_20260111T115552_20260111T120438_PID0_01,https://archive.swot.podaac.earthdata.nasa.gov/podaac-swot-ops-cumulus-protected/SWOT_L2_HR_LakeSP_D/SWOT_L2_HR_LakeSP_Prior_044_227_SA_20260111T115552_20260111T120438_PID0_01.zip,13 exutorios dentro/intersectando a geometria do granulo.
582,LAKESP,044,158,SA,2026-01-09T00:53:27Z,2026-01-09T01:02:40Z,6.841858863830566,13,0.0,0.0,bounding_box,SWOT_L2_HR_LakeSP_Prior_044_158_SA_20260109T005327_20260109T010240_PID0_01,https://archive.swot.podaac.earthdata.nasa.gov/podaac-swot-ops-cumulus-protected/SWOT_L2_HR_LakeSP_D/SWOT_L2_HR_LakeSP_Prior_044_158_SA_20260109T005327_20260109T010240_PID0_01.zip,13 exutorios dentro/intersectando a geometria do granulo.
583,LAKESP,044,130,SA,2026-01-08T00:54:02Z,2026-01-08T01:01:29Z,10.338570594787598,13,0.0,0.0,bounding_box,SWOT_L2_HR_LakeSP_Prior_044_130_SA_20260108T005402_20260108T010129_PID0_01,https://archive.swot.podaac.earthdata.nasa.gov/podaac-swot-ops-cumulus-protected/SWOT_L2_HR_LakeSP_D/SWOT_L2_HR_LakeSP_Prior_044_130_SA_20260108T005402_20260108T010129_PID0_01.zip,13 exutorios dentro/intersectando a geometria do granulo.
584,LAKESP,043,533,SA,2026-01-01T13:33:14Z,2026-01-01T13:42:29Z,12.469303131103516,13,0.0,0.0,bounding_box,SWOT_L2_HR_LakeSP_Prior_043_533_SA_20260101T133314_20260101T134229_PID0_01,https://archive.swot.podaac.earthdata.nasa.gov/podaac-swot-ops-cumulus-protected/SWOT_L2_HR_LakeSP_D/SWOT_L2_HR_LakeSP_Prior_043_533_SA_20260101T133314_20260101T134229_PID0_01.zip,13 exutorios dentro/intersectando a geometria do granulo.
585,LAKESP,043,505,SA,2025-12-31T13:33:47Z,2025-12-31T13:41:37Z,6.185827255249023,13,0.0,0.0,bounding_box,SWOT_L2_HR_LakeSP_Prior_043_505_SA_20251231T133347_20251231T134137_PID0_01,https://archive.swot.podaac.earthdata.nasa.gov/podaac-swot-ops-cumulus-protected/SWOT_L2_HR_LakeSP_D/SWOT_L2_HR_LakeSP_Prior_043_505_SA_20251231T133347_20251231T134137_PID0_01.zip,13 exutorios dentro/intersectando a geometria do granulo.
586,LAKESP,043,505,SA,2025-12-31T13:33:47Z,2025-12-31T13:41:37Z,6.185216903686523,13,0.0,0.0,bounding_box,SWOT_L2_HR_LakeSP_Prior_043_505_SA_20251231T133347_20251231T134137_PID0_02,https://archive.swot.podaac.earthdata.nasa.gov/podaac-swot-ops-cumulus-protected/SWOT_L2_HR_LakeSP_D/SWOT_L2_HR_LakeSP_Prior_043_505_SA_20251231T133347_20251231T134137_PID0_02.zip,13 exutorios dentro/intersectando a geometria do granulo.
587,LAKESP,043,436,SA,2025-12-29T02:30:58Z,2025-12-29T02:39:23Z,8.72978401184082,13,0.0,0.0,bounding_box,SWOT_L2_HR_LakeSP_Prior_043_436_SA_20251229T023058_20251229T023923_PID0_01,https://archive.swot.podaac.earthdata.nasa.gov/podaac-swot-ops-cumulus-protected/SWOT_L2_HR_LakeSP_D/SWOT_L2_HR_LakeSP_Prior_043_436_SA_20251229T023058_20251229T023923_PID0_01.zip,13 exutorios dentro/intersectando a geometria do granulo.
588,LAKESP,043,408,SA,2025-12-28T02:31:44Z,2025-12-28T02:38:34Z,3.7793750762939453,13,0.0,0.0,bounding_box,SWOT_L2_HR_LakeSP_Prior_043_408_SA_20251228T023144_20251228T023834_PID0_01,https://archive.swot.podaac.earthdata.nasa.gov/podaac-swot-ops-cumulus-protected/SWOT_L2_HR_LakeSP_D/SWOT_L2_HR_LakeSP_Prior_043_408_SA_20251228T023144_20251228T023834_PID0_01.zip,13 exutorios dentro/intersectando a geometria do granulo.
589,LAKESP,043,227,SA,2025-12-21T15:10:47Z,2025-12-21T15:19:33Z,10.502754211425781,13,0.0,0.0,bounding_box,SWOT_L2_HR_LakeSP_Prior_043_227_SA_20251221T151047_20251221T151933_PID0_01,https://archive.swot.podaac.earthdata.nasa.gov/podaac-swot-ops-cumulus-protected/SWOT_L2_HR_LakeSP_D/SWOT_L2_HR_LakeSP_Prior_043_227_SA_20251221T151047_20251221T151933_PID0_01.zip,13 exutorios dentro/intersectando a geometria do granulo.
590,LAKESP,043,130,SA,2025-12-18T04:08:56Z,2025-12-18T04:16:23Z,10.18285846710205,13,0.0,0.0,bounding_box,SWOT_L2_HR_LakeSP_Prior_043_130_SA_20251218T040856_20251218T041623_PID0_01,https://archive.swot.podaac.earthdata.nasa.gov/podaac-swot-ops-cumulus-protected/SWOT_L2_HR_LakeSP_D/SWOT_L2_HR_LakeSP_Prior_043_130_SA_20251218T040856_20251218T041623_PID0_01.zip,13 exutorios dentro/intersectando a geometria do granulo.
591,LAKESP,042,533,SA,2025-12-11T16:48:07Z,2025-12-11T16:57:22Z,13.64663314819336,13,0.0,0.0,bounding_box,SWOT_L2_HR_LakeSP_Prior_042_533_SA_20251211T164807_20251211T165722_PID0_01,https://archive.swot.podaac.earthdata.nasa.gov/podaac-swot-ops-cumulus-protected/SWOT_L2_HR_LakeSP_D/SWOT_L2_HR_LakeSP_Prior_042_533_SA_20251211T164807_20251211T165722_PID0_01.zip,13 exutorios dentro/intersectando a geometria do granulo.
592,LAKESP,042,505,SA,2025-12-10T16:48:41Z,2025-12-10T16:56:30Z,7.042173385620117,13,0.0,0.0,bounding_box,SWOT_L2_HR_LakeSP_Prior_042_505_SA_20251210T164841_20251210T165630_PID0_01,https://archive.swot.podaac.earthdata.nasa.gov/podaac-swot-ops-cumulus-protected/SWOT_L2_HR_LakeSP_D/SWOT_L2_HR_LakeSP_Prior_042_505_SA_20251210T164841_20251210T165630_PID0_01.zip,13 exutorios dentro/intersectando a geometria do granulo.
593,LAKESP,042,436,SA,2025-12-08T05:45:51Z,2025-12-08T05:54:17Z,7.875369071960449,13,0.0,0.0,bounding_box,SWOT_L2_HR_LakeSP_Prior_042_436_SA_20251208T054551_20251208T055417_PID0_01,https://archive.swot.podaac.earthdata.nasa.gov/podaac-swot-ops-cumulus-protected/SWOT_L2_HR_LakeSP_D/SWOT_L2_HR_LakeSP_Prior_042_436_SA_20251208T054551_20251208T055417_PID0_01.zip,13 exutorios dentro/intersectando a geometria do granulo.
594,LAKESP,042,436,SA,2025-12-08T05:45:51Z,2025-12-08T05:54:17Z,7.875362396240234,13,0.0,0.0,bounding_box,SWOT_L2_HR_LakeSP_Prior_042_436_SA_20251208T054551_20251208T055417_PID0_02,https://archive.swot.podaac.earthdata.nasa.gov/podaac-swot-ops-cumulus-protected/SWOT_L2_HR_LakeSP_D/SWOT_L2_HR_LakeSP_Prior_042_436_SA_20251208T054551_20251208T055417_PID0_02.zip,13 exutorios dentro/intersectando a geometria do granulo.
595,LAKESP,042,408,SA,2025-12-07T05:46:38Z,2025-12-07T05:53:28Z,3.816126823425293,13,0.0,0.0,bounding_box,SWOT_L2_HR_LakeSP_Prior_042_408_SA_20251207T054638_20251207T055328_PID0_01,https://archive.swot.podaac.earthdata.nasa.gov/podaac-swot-ops-cumulus-protected/SWOT_L2_HR_LakeSP_D/SWOT_L2_HR_LakeSP_Prior_042_408_SA_20251207T054638_20251207T055328_PID0_01.zip,13 exutorios dentro/intersectando a geometria do granulo.
596,LAKESP,042,255,SA,2025-12-01T18:25:12Z,2025-12-01T18:35:19Z,12.596445083618164,13,0.0,0.0,bounding_box,SWOT_L2_HR_LakeSP_Prior_042_255_SA_20251201T182512_20251201T183519_PID0_01,https://archive.swot.podaac.earthdata.nasa.gov/podaac-swot-ops-cumulus-protected/SWOT_L2_HR_LakeSP_D/SWOT_L2_HR_LakeSP_Prior_042_255_SA_20251201T182512_20251201T183519_PID0_01.zip,13 exutorios dentro/intersectando a geometria do granulo.
597,LAKESP,042,227,SA,2025-11-30T18:25:42Z,2025-11-30T18:34:29Z,9.827995300292969,13,0.0,0.0,bounding_box,SWOT_L2_HR_LakeSP_Prior_042_227_SA_20251130T182542_20251130T183429_PID0_01,https://archive.swot.podaac.earthdata.nasa.gov/podaac-swot-ops-cumulus-protected/SWOT_L2_HR_LakeSP_D/SWOT_L2_HR_LakeSP_Prior_042_227_SA_20251130T182542_20251130T183429_PID0_01.zip,13 exutorios dentro/intersectando a geometria do granulo.
598,LAKESP,042,158,SA,2025-11-28T07:23:17Z,2025-11-28T07:32:31Z,3.583632469177246,13,0.0,0.0,bounding_box,SWOT_L2_HR_LakeSP_Prior_042_158_SA_20251128T072317_20251128T073231_PID0_01,https://archive.swot.podaac.earthdata.nasa.gov/podaac-swot-ops-cumulus-protected/SWOT_L2_HR_LakeSP_D/SWOT_L2_HR_LakeSP_Prior_042_158_SA_20251128T072317_20251128T073231_PID0_01.zip,13 exutorios dentro/intersectando a geometria do granulo.
599,LAKESP,042,130,SA,2025-11-27T07:23:52Z,2025-11-27T07:31:19Z,7.755542755126953,13,0.0,0.0,bounding_box,SWOT_L2_HR_LakeSP_Prior_042_130_SA_20251127T072352_20251127T073119_PID0_01,https://archive.swot.podaac.earthdata.nasa.gov/podaac-swot-ops-cumulus-protected/SWOT_L2_HR_LakeSP_D/SWOT_L2_HR_LakeSP_Prior_042_130_SA_20251127T072352_20251127T073119_PID0_01.zip,13 exutorios dentro/intersectando a geometria do granulo.
600,LAKESP,041,533,SA,2025-11-20T20:03:04Z,2025-11-20T20:12:19Z,11.837715148925781,13,0.0,0.0,bounding_box,SWOT_L2_HR_LakeSP_Prior_041_533_SA_20251120T200304_20251120T201219_PID0_01,https://archive.swot.podaac.earthdata.nasa.gov/podaac-swot-ops-cumulus-protected/SWOT_L2_HR_LakeSP_D/SWOT_L2_HR_LakeSP_Prior_041_533_SA_20251120T200304_20251120T201219_PID0_01.zip,13 exutorios dentro/intersectando a geometria do granulo.
601,LAKESP,041,505,SA,2025-11-19T20:03:38Z,2025-11-19T20:11:27Z,6.099906921386719,13,0.0,0.0,bounding_box,SWOT_L2_HR_LakeSP_Prior_041_505_SA_20251119T200338_20251119T201127_PID0_01,https://archive.swot.podaac.earthdata.nasa.gov/podaac-swot-ops-cumulus-protected/SWOT_L2_HR_LakeSP_D/SWOT_L2_HR_LakeSP_Prior_041_505_SA_20251119T200338_20251119T201127_PID0_01.zip,13 exutorios dentro/intersectando a geometria do granulo.
602,LAKESP,041,436,SA,2025-11-17T09:00:48Z,2025-11-17T09:09:14Z,7.8730669021606445,13,0.0,0.0,bounding_box,SWOT_L2_HR_LakeSP_Prior_041_436_SA_20251117T090048_20251117T090914_PID0_01,https://archive.swot.podaac.earthdata.nasa.gov/podaac-swot-ops-cumulus-protected/SWOT_L2_HR_LakeSP_D/SWOT_L2_HR_LakeSP_Prior_041_436_SA_20251117T090048_20251117T090914_PID0_01.zip,13 exutorios dentro/intersectando a geometria do granulo.
603,LAKESP,041,408,SA,2025-11-16T09:01:34Z,2025-11-16T09:08:24Z,3.70920467376709,13,0.0,0.0,bounding_box,SWOT_L2_HR_LakeSP_Prior_041_408_SA_20251116T090134_20251116T090824_PID0_01,https://archive.swot.podaac.earthdata.nasa.gov/podaac-swot-ops-cumulus-protected/SWOT_L2_HR_LakeSP_D/SWOT_L2_HR_LakeSP_Prior_041_408_SA_20251116T090134_20251116T090824_PID0_01.zip,13 exutorios dentro/intersectando a geometria do granulo.
604,LAKESP,041,255,SA,2025-11-10T21:40:08Z,2025-11-10T21:50:15Z,11.528141021728516,13,0.0,0.0,bounding_box,SWOT_L2_HR_LakeSP_Prior_041_255_SA_20251110T214008_20251110T215015_PID0_01,https://archive.swot.podaac.earthdata.nasa.gov/podaac-swot-ops-cumulus-protected/SWOT_L2_HR_LakeSP_D/SWOT_L2_HR_LakeSP_Prior_041_255_SA_20251110T214008_20251110T215015_PID0_01.zip,13 exutorios dentro/intersectando a geometria do granulo.
605,LAKESP,041,255,SA,2025-11-10T21:40:08Z,2025-11-10T21:50:15Z,11.539677619934082,13,0.0,0.0,bounding_box,SWOT_L2_HR_LakeSP_Prior_041_255_SA_20251110T214008_20251110T215015_PID0_02,https://archive.swot.podaac.earthdata.nasa.gov/podaac-swot-ops-cumulus-protected/SWOT_L2_HR_LakeSP_D/SWOT_L2_HR_LakeSP_Prior_041_255_SA_20251110T214008_20251110T215015_PID0_02.zip,13 exutorios dentro/intersectando a geometria do granulo.
606,LAKESP,041,227,SA,2025-11-09T21:40:39Z,2025-11-09T21:49:25Z,9.3143949508667,13,0.0,0.0,bounding_box,SWOT_L2_HR_LakeSP_Prior_041_227_SA_20251109T214039_20251109T214925_PID0_01,https://archive.swot.podaac.earthdata.nasa.gov/podaac-swot-ops-cumulus-protected/SWOT_L2_HR_LakeSP_D/SWOT_L2_HR_LakeSP_Prior_041_227_SA_20251109T214039_20251109T214925_PID0_01.zip,13 exutorios dentro/intersectando a geometria do granulo.
607,LAKESP,041,158,SA,2025-11-07T10:38:14Z,2025-11-07T10:47:27Z,7.361634254455566,13,0.0,0.0,bounding_box,SWOT_L2_HR_LakeSP_Prior_041_158_SA_20251107T103814_20251107T104727_PID0_01,https://archive.swot.podaac.earthdata.nasa.gov/podaac-swot-ops-cumulus-protected/SWOT_L2_HR_LakeSP_D/SWOT_L2_HR_LakeSP_Prior_041_158_SA_20251107T103814_20251107T104727_PID0_01.zip,13 exutorios dentro/intersectando a geometria do granulo.
608,LAKESP,041,130,SA,2025-11-06T10:38:49Z,2025-11-06T10:45:23Z,8.096659660339355,13,0.0,0.0,bounding_box,SWOT_L2_HR_LakeSP_Prior_041_130_SA_20251106T103849_20251106T104523_PID0_01,https://archive.swot.podaac.earthdata.nasa.gov/podaac-swot-ops-cumulus-protected/SWOT_L2_HR_LakeSP_D/SWOT_L2_HR_LakeSP_Prior_041_130_SA_20251106T103849_20251106T104523_PID0_01.zip,13 exutorios dentro/intersectando a geometria do granulo.
609,LAKESP,040,533,SA,2025-10-30T23:18:01Z,2025-10-30T23:27:16Z,10.783029556274414,13,0.0,0.0,bounding_box,SWOT_L2_HR_LakeSP_Prior_040_533_SA_20251030T231801_20251030T232716_PID0_01,https://archive.swot.podaac.earthdata.nasa.gov/podaac-swot-ops-cumulus-protected/SWOT_L2_HR_LakeSP_D/SWOT_L2_HR_LakeSP_Prior_040_533_SA_20251030T231801_20251030T232716_PID0_01.zip,13 exutorios dentro/intersectando a geometria do granulo.
610,LAKESP,040,505,SA,2025-10-29T23:18:35Z,2025-10-29T23:26:24Z,5.8344526290893555,13,0.0,0.0,bounding_box,SWOT_L2_HR_LakeSP_Prior_040_505_SA_20251029T231835_20251029T232624_PID0_01,https://archive.swot.podaac.earthdata.nasa.gov/podaac-swot-ops-cumulus-protected/SWOT_L2_HR_LakeSP_D/SWOT_L2_HR_LakeSP_Prior_040_505_SA_20251029T231835_20251029T232624_PID0_01.zip,13 exutorios dentro/intersectando a geometria do granulo.
611,LAKESP,040,436,SA,2025-10-27T12:15:45Z,2025-10-27T12:24:11Z,10.233238220214844,13,0.0,0.0,bounding_box,SWOT_L2_HR_LakeSP_Prior_040_436_SA_20251027T121545_20251027T122411_PID0_01,https://archive.swot.podaac.earthdata.nasa.gov/podaac-swot-ops-cumulus-protected/SWOT_L2_HR_LakeSP_D/SWOT_L2_HR_LakeSP_Prior_040_436_SA_20251027T121545_20251027T122411_PID0_01.zip,13 exutorios dentro/intersectando a geometria do granulo.
612,LAKESP,040,408,SA,2025-10-26T12:16:31Z,2025-10-26T12:23:22Z,4.537945747375488,13,0.0,0.0,bounding_box,SWOT_L2_HR_LakeSP_Prior_040_408_SA_20251026T121631_20251026T122322_PID0_01,https://archive.swot.podaac.earthdata.nasa.gov/podaac-swot-ops-cumulus-protected/SWOT_L2_HR_LakeSP_D/SWOT_L2_HR_LakeSP_Prior_040_408_SA_20251026T121631_20251026T122322_PID0_01.zip,13 exutorios dentro/intersectando a geometria do granulo.
613,LAKESP,040,255,SA,2025-10-21T00:55:05Z,2025-10-21T01:05:12Z,12.343731880187988,13,0.0,0.0,bounding_box,SWOT_L2_HR_LakeSP_Prior_040_255_SA_20251021T005505_20251021T010512_PID0_01,https://archive.swot.podaac.earthdata.nasa.gov/podaac-swot-ops-cumulus-protected/SWOT_L2_HR_LakeSP_D/SWOT_L2_HR_LakeSP_Prior_040_255_SA_20251021T005505_20251021T010512_PID0_01.zip,13 exutorios dentro/intersectando a geometria do granulo.
614,LAKESP,040,227,SA,2025-10-20T00:55:35Z,2025-10-20T01:04:21Z,9.912878036499023,13,0.0,0.0,bounding_box,SWOT_L2_HR_LakeSP_Prior_040_227_SA_20251020T005535_20251020T010421_PID0_01,https://archive.swot.podaac.earthdata.nasa.gov/podaac-swot-ops-cumulus-protected/SWOT_L2_HR_LakeSP_D/SWOT_L2_HR_LakeSP_Prior_040_227_SA_20251020T005535_20251020T010421_PID0_01.zip,13 exutorios dentro/intersectando a geometria do granulo.
615,LAKESP,040,158,SA,2025-10-17T13:53:09Z,2025-10-17T14:02:23Z,8.328500747680664,13,0.0,0.0,bounding_box,SWOT_L2_HR_LakeSP_Prior_040_158_SA_20251017T135309_20251017T140223_PID0_01,https://archive.swot.podaac.earthdata.nasa.gov/podaac-swot-ops-cumulus-protected/SWOT_L2_HR_LakeSP_D/SWOT_L2_HR_LakeSP_Prior_040_158_SA_20251017T135309_20251017T140223_PID0_01.zip,13 exutorios dentro/intersectando a geometria do granulo.
616,LAKESP,040,158,SA,2025-10-17T13:53:09Z,2025-10-17T14:02:23Z,8.329066276550293,13,0.0,0.0,bounding_box,SWOT_L2_HR_LakeSP_Prior_040_158_SA_20251017T135309_20251017T140223_PID0_02,https://archive.swot.podaac.earthdata.nasa.gov/podaac-swot-ops-cumulus-protected/SWOT_L2_HR_LakeSP_D/SWOT_L2_HR_LakeSP_Prior_040_158_SA_20251017T135309_20251017T140223_PID0_02.zip,13 exutorios dentro/intersectando a geometria do granulo.
617,LAKESP,040,158,SA,2025-10-17T13:53:09Z,2025-10-17T14:02:23Z,8.327679634094238,13,0.0,0.0,bounding_box,SWOT_L2_HR_LakeSP_Prior_040_158_SA_20251017T135309_20251017T140223_PID0_03,https://archive.swot.podaac.earthdata.nasa.gov/podaac-swot-ops-cumulus-protected/SWOT_L2_HR_LakeSP_D/SWOT_L2_HR_LakeSP_Prior_040_158_SA_20251017T135309_20251017T140223_PID0_03.zip,13 exutorios dentro/intersectando a geometria do granulo.
618,LAKESP,040,130,SA,2025-10-16T13:53:44Z,2025-10-16T14:01:11Z,12.160210609436035,13,0.0,0.0,bounding_box,SWOT_L2_HR_LakeSP_Prior_040_130_SA_20251016T135344_20251016T140111_PID0_01,https://archive.swot.podaac.earthdata.nasa.gov/podaac-swot-ops-cumulus-protected/SWOT_L2_HR_LakeSP_D/SWOT_L2_HR_LakeSP_Prior_040_130_SA_20251016T135344_20251016T140111_PID0_01.zip,13 exutorios dentro/intersectando a geometria do granulo.
619,LAKESP,039,533,SA,2025-10-10T02:32:54Z,2025-10-10T02:42:10Z,10.675030708312988,13,0.0,0.0,bounding_box,SWOT_L2_HR_LakeSP_Prior_039_533_SA_20251010T023254_20251010T024210_PID0_01,https://archive.swot.podaac.earthdata.nasa.gov/podaac-swot-ops-cumulus-protected/SWOT_L2_HR_LakeSP_D/SWOT_L2_HR_LakeSP_Prior_039_533_SA_20251010T023254_20251010T024210_PID0_01.zip,13 exutorios dentro/intersectando a geometria do granulo.
620,LAKESP,039,505,SA,2025-10-09T02:33:28Z,2025-10-09T02:41:18Z,6.329092025756836,13,0.0,0.0,bounding_box,SWOT_L2_HR_LakeSP_Prior_039_505_SA_20251009T023328_20251009T024118_PID0_01,https://archive.swot.podaac.earthdata.nasa.gov/podaac-swot-ops-cumulus-protected/SWOT_L2_HR_LakeSP_D/SWOT_L2_HR_LakeSP_Prior_039_505_SA_20251009T023328_20251009T024118_PID0_01.zip,13 exutorios dentro/intersectando a geometria do granulo.
621,LAKESP,039,436,SA,2025-10-06T15:30:39Z,2025-10-06T15:39:05Z,11.332958221435547,13,0.0,0.0,bounding_box,SWOT_L2_HR_LakeSP_Prior_039_436_SA_20251006T153039_20251006T153905_PID0_01,https://archive.swot.podaac.earthdata.nasa.gov/podaac-swot-ops-cumulus-protected/SWOT_L2_HR_LakeSP_D/SWOT_L2_HR_LakeSP_Prior_039_436_SA_20251006T153039_20251006T153905_PID0_01.zip,13 exutorios dentro/intersectando a geometria do granulo.
622,LAKESP,039,408,SA,2025-10-05T15:31:25Z,2025-10-05T15:38:16Z,4.6112470626831055,13,0.0,0.0,bounding_box,SWOT_L2_HR_LakeSP_Prior_039_408_SA_20251005T153125_20251005T153816_PID0_01,https://archive.swot.podaac.earthdata.nasa.gov/podaac-swot-ops-cumulus-protected/SWOT_L2_HR_LakeSP_D/SWOT_L2_HR_LakeSP_Prior_039_408_SA_20251005T153125_20251005T153816_PID0_01.zip,13 exutorios dentro/intersectando a geometria do granulo.
623,LAKESP,039,255,SA,2025-09-30T04:09:59Z,2025-09-30T04:20:06Z,11.319070816040039,13,0.0,0.0,bounding_box,SWOT_L2_HR_LakeSP_Prior_039_255_SA_20250930T040959_20250930T042006_PID0_01,https://archive.swot.podaac.earthdata.nasa.gov/podaac-swot-ops-cumulus-protected/SWOT_L2_HR_LakeSP_D/SWOT_L2_HR_LakeSP_Prior_039_255_SA_20250930T040959_20250930T042006_PID0_01.zip,13 exutorios dentro/intersectando a geometria do granulo.
624,LAKESP,039,227,SA,2025-09-29T04:10:29Z,2025-09-29T04:19:15Z,8.536846160888672,13,0.0,0.0,bounding_box,SWOT_L2_HR_LakeSP_Prior_039_227_SA_20250929T041029_20250929T041915_PID0_01,https://archive.swot.podaac.earthdata.nasa.gov/podaac-swot-ops-cumulus-protected/SWOT_L2_HR_LakeSP_D/SWOT_L2_HR_LakeSP_Prior_039_227_SA_20250929T041029_20250929T041915_PID0_01.zip,13 exutorios dentro/intersectando a geometria do granulo.
625,LAKESP,039,158,SA,2025-09-26T17:08:04Z,2025-09-26T17:17:17Z,9.090197563171387,13,0.0,0.0,bounding_box,SWOT_L2_HR_LakeSP_Prior_039_158_SA_20250926T170804_20250926T171717_PID0_01,https://archive.swot.podaac.earthdata.nasa.gov/podaac-swot-ops-cumulus-protected/SWOT_L2_HR_LakeSP_D/SWOT_L2_HR_LakeSP_Prior_039_158_SA_20250926T170804_20250926T171717_PID0_01.zip,13 exutorios dentro/intersectando a geometria do granulo.
626,LAKESP,039,130,SA,2025-09-25T17:08:38Z,2025-09-25T17:16:05Z,12.215131759643555,13,0.0,0.0,bounding_box,SWOT_L2_HR_LakeSP_Prior_039_130_SA_20250925T170838_20250925T171605_PID0_01,https://archive.swot.podaac.earthdata.nasa.gov/podaac-swot-ops-cumulus-protected/SWOT_L2_HR_LakeSP_D/SWOT_L2_HR_LakeSP_Prior_039_130_SA_20250925T170838_20250925T171605_PID0_01.zip,13 exutorios dentro/intersectando a geometria do granulo.
627,LAKESP,038,533,SA,2025-09-19T05:47:49Z,2025-09-19T05:57:05Z,10.264888763427734,13,0.0,0.0,bounding_box,SWOT_L2_HR_LakeSP_Prior_038_533_SA_20250919T054749_20250919T055705_PID0_01,https://archive.swot.podaac.earthdata.nasa.gov/podaac-swot-ops-cumulus-protected/SWOT_L2_HR_LakeSP_D/SWOT_L2_HR_LakeSP_Prior_038_533_SA_20250919T054749_20250919T055705_PID0_01.zip,13 exutorios dentro/intersectando a geometria do granulo.
628,LAKESP,038,505,SA,2025-09-18T05:48:23Z,2025-09-18T05:56:13Z,5.90662956237793,13,0.0,0.0,bounding_box,SWOT_L2_HR_LakeSP_Prior_038_505_SA_20250918T054823_20250918T055613_PID0_01,https://archive.swot.podaac.earthdata.nasa.gov/podaac-swot-ops-cumulus-protected/SWOT_L2_HR_LakeSP_D/SWOT_L2_HR_LakeSP_Prior_038_505_SA_20250918T054823_20250918T055613_PID0_01.zip,13 exutorios dentro/intersectando a geometria do granulo.
629,LAKESP,038,436,SA,2025-09-15T18:45:34Z,2025-09-15T18:54:00Z,10.98887825012207,13,0.0,0.0,bounding_box,SWOT_L2_HR_LakeSP_Prior_038_436_SA_20250915T184534_20250915T185400_PID0_01,https://archive.swot.podaac.earthdata.nasa.gov/podaac-swot-ops-cumulus-protected/SWOT_L2_HR_LakeSP_D/SWOT_L2_HR_LakeSP_Prior_038_436_SA_20250915T184534_20250915T185400_PID0_01.zip,13 exutorios dentro/intersectando a geometria do granulo.
630,LAKESP,038,408,SA,2025-09-14T18:46:20Z,2025-09-14T18:53:11Z,4.598370552062988,13,0.0,0.0,bounding_box,SWOT_L2_HR_LakeSP_Prior_038_408_SA_20250914T184620_20250914T185311_PID0_01,https://archive.swot.podaac.earthdata.nasa.gov/podaac-swot-ops-cumulus-protected/SWOT_L2_HR_LakeSP_D/SWOT_L2_HR_LakeSP_Prior_038_408_SA_20250914T184620_20250914T185311_PID0_01.zip,13 exutorios dentro/intersectando a geometria do granulo.
631,LAKESP,038,255,SA,2025-09-09T07:24:55Z,2025-09-09T07:35:02Z,12.987152099609375,13,0.0,0.0,bounding_box,SWOT_L2_HR_LakeSP_Prior_038_255_SA_20250909T072455_20250909T073502_PID0_01,https://archive.swot.podaac.earthdata.nasa.gov/podaac-swot-ops-cumulus-protected/SWOT_L2_HR_LakeSP_D/SWOT_L2_HR_LakeSP_Prior_038_255_SA_20250909T072455_20250909T073502_PID0_01.zip,13 exutorios dentro/intersectando a geometria do granulo.
632,LAKESP,038,227,SA,2025-09-08T07:25:25Z,2025-09-08T07:34:12Z,9.718358039855957,13,0.0,0.0,bounding_box,SWOT_L2_HR_LakeSP_Prior_038_227_SA_20250908T072525_20250908T073412_PID0_01,https://archive.swot.podaac.earthdata.nasa.gov/podaac-swot-ops-cumulus-protected/SWOT_L2_HR_LakeSP_D/SWOT_L2_HR_LakeSP_Prior_038_227_SA_20250908T072525_20250908T073412_PID0_01.zip,13 exutorios dentro/intersectando a geometria do granulo.
633,LAKESP,038,227,SA,2025-09-08T07:25:25Z,2025-09-08T07:34:12Z,9.718947410583496,13,0.0,0.0,bounding_box,SWOT_L2_HR_LakeSP_Prior_038_227_SA_20250908T072525_20250908T073412_PID0_02,https://archive.swot.podaac.earthdata.nasa.gov/podaac-swot-ops-cumulus-protected/SWOT_L2_HR_LakeSP_D/SWOT_L2_HR_LakeSP_Prior_038_227_SA_20250908T072525_20250908T073412_PID0_02.zip,13 exutorios dentro/intersectando a geometria do granulo.
634,LAKESP,038,158,SA,2025-09-05T20:23:00Z,2025-09-05T20:32:14Z,7.314074516296387,13,0.0,0.0,bounding_box,SWOT_L2_HR_LakeSP_Prior_038_158_SA_20250905T202300_20250905T203214_PID0_01,https://archive.swot.podaac.earthdata.nasa.gov/podaac-swot-ops-cumulus-protected/SWOT_L2_HR_LakeSP_D/SWOT_L2_HR_LakeSP_Prior_038_158_SA_20250905T202300_20250905T203214_PID0_01.zip,13 exutorios dentro/intersectando a geometria do granulo.
635,LAKESP,038,130,SA,2025-09-04T20:23:36Z,2025-09-04T20:31:02Z,10.840266227722168,13,0.0,0.0,bounding_box,SWOT_L2_HR_LakeSP_Prior_038_130_SA_20250904T202336_20250904T203102_PID0_01,https://archive.swot.podaac.earthdata.nasa.gov/podaac-swot-ops-cumulus-protected/SWOT_L2_HR_LakeSP_D/SWOT_L2_HR_LakeSP_Prior_038_130_SA_20250904T202336_20250904T203102_PID0_01.zip,13 exutorios dentro/intersectando a geometria do granulo.
636,LAKESP,037,533,SA,2025-08-29T09:02:47Z,2025-08-29T09:12:03Z,11.191630363464355,13,0.0,0.0,bounding_box,SWOT_L2_HR_LakeSP_Prior_037_533_SA_20250829T090247_20250829T091203_PID0_01,https://archive.swot.podaac.earthdata.nasa.gov/podaac-swot-ops-cumulus-protected/SWOT_L2_HR_LakeSP_D/SWOT_L2_HR_LakeSP_Prior_037_533_SA_20250829T090247_20250829T091203_PID0_01.zip,13 exutorios dentro/intersectando a geometria do granulo.
637,LAKESP,037,505,SA,2025-08-28T09:03:21Z,2025-08-28T09:11:11Z,5.568603515625,13,0.0,0.0,bounding_box,SWOT_L2_HR_LakeSP_Prior_037_505_SA_20250828T090321_20250828T091111_PID0_01,https://archive.swot.podaac.earthdata.nasa.gov/podaac-swot-ops-cumulus-protected/SWOT_L2_HR_LakeSP_D/SWOT_L2_HR_LakeSP_Prior_037_505_SA_20250828T090321_20250828T091111_PID0_01.zip,13 exutorios dentro/intersectando a geometria do granulo.
638,LAKESP,037,436,SA,2025-08-25T22:00:31Z,2025-08-25T22:08:57Z,4.604682922363281,13,0.0,0.0,bounding_box,SWOT_L2_HR_LakeSP_Prior_037_436_SA_20250825T220031_20250825T220857_PID0_01,https://archive.swot.podaac.earthdata.nasa.gov/podaac-swot-ops-cumulus-protected/SWOT_L2_HR_LakeSP_D/SWOT_L2_HR_LakeSP_Prior_037_436_SA_20250825T220031_20250825T220857_PID0_01.zip,13 exutorios dentro/intersectando a geometria do granulo.
639,LAKESP,037,408,SA,2025-08-24T22:01:18Z,2025-08-24T22:08:08Z,4.2990827560424805,13,0.0,0.0,bounding_box,SWOT_L2_HR_LakeSP_Prior_037_408_SA_20250824T220118_20250824T220808_PID0_01,https://archive.swot.podaac.earthdata.nasa.gov/podaac-swot-ops-cumulus-protected/SWOT_L2_HR_LakeSP_D/SWOT_L2_HR_LakeSP_Prior_037_408_SA_20250824T220118_20250824T220808_PID0_01.zip,13 exutorios dentro/intersectando a geometria do granulo.
640,LAKESP,037,255,SA,2025-08-19T10:39:51Z,2025-08-19T10:49:58Z,11.997496604919434,13,0.0,0.0,bounding_box,SWOT_L2_HR_LakeSP_Prior_037_255_SA_20250819T103951_20250819T104958_PID0_01,https://archive.swot.podaac.earthdata.nasa.gov/podaac-swot-ops-cumulus-protected/SWOT_L2_HR_LakeSP_D/SWOT_L2_HR_LakeSP_Prior_037_255_SA_20250819T103951_20250819T104958_PID0_01.zip,13 exutorios dentro/intersectando a geometria do granulo.
641,LAKESP,037,255,SA,2025-08-19T10:39:51Z,2025-08-19T10:49:58Z,11.99819564819336,13,0.0,0.0,bounding_box,SWOT_L2_HR_LakeSP_Prior_037_255_SA_20250819T103951_20250819T104958_PID0_02,https://archive.swot.podaac.earthdata.nasa.gov/podaac-swot-ops-cumulus-protected/SWOT_L2_HR_LakeSP_D/SWOT_L2_HR_LakeSP_Prior_037_255_SA_20250819T103951_20250819T104958_PID0_02.zip,13 exutorios dentro/intersectando a geometria do granulo.
642,LAKESP,037,227,SA,2025-08-18T10:40:21Z,2025-08-18T10:49:08Z,8.959368705749512,13,0.0,0.0,bounding_box,SWOT_L2_HR_LakeSP_Prior_037_227_SA_20250818T104021_20250818T104908_PID0_01,https://archive.swot.podaac.earthdata.nasa.gov/podaac-swot-ops-cumulus-protected/SWOT_L2_HR_LakeSP_D/SWOT_L2_HR_LakeSP_Prior_037_227_SA_20250818T104021_20250818T104908_PID0_01.zip,13 exutorios dentro/intersectando a geometria do granulo.
643,LAKESP,037,158,SA,2025-08-15T23:37:56Z,2025-08-15T23:47:09Z,7.678549766540527,13,0.0,0.0,bounding_box,SWOT_L2_HR_LakeSP_Prior_037_158_SA_20250815T233756_20250815T234709_PID0_01,https://archive.swot.podaac.earthdata.nasa.gov/podaac-swot-ops-cumulus-protected/SWOT_L2_HR_LakeSP_D/SWOT_L2_HR_LakeSP_Prior_037_158_SA_20250815T233756_20250815T234709_PID0_01.zip,13 exutorios dentro/intersectando a geometria do granulo.
644,LAKESP,037,130,SA,2025-08-14T23:38:31Z,2025-08-14T23:45:57Z,11.012404441833496,13,0.0,0.0,bounding_box,SWOT_L2_HR_LakeSP_Prior_037_130_SA_20250814T233831_20250814T234557_PID0_01,https://archive.swot.podaac.earthdata.nasa.gov/podaac-swot-ops-cumulus-protected/SWOT_L2_HR_LakeSP_D/SWOT_L2_HR_LakeSP_Prior_037_130_SA_20250814T233831_20250814T234557_PID0_01.zip,13 exutorios dentro/intersectando a geometria do granulo.
645,LAKESP,037,130,SA,2025-08-14T23:38:31Z,2025-08-14T23:45:57Z,11.013202667236328,13,0.0,0.0,bounding_box,SWOT_L2_HR_LakeSP_Prior_037_130_SA_20250814T233831_20250814T234557_PID0_02,https://archive.swot.podaac.earthdata.nasa.gov/podaac-swot-ops-cumulus-protected/SWOT_L2_HR_LakeSP_D/SWOT_L2_HR_LakeSP_Prior_037_130_SA_20250814T233831_20250814T234557_PID0_02.zip,13 exutorios dentro/intersectando a geometria do granulo.
646,LAKESP,037,130,SA,2025-08-14T23:38:31Z,2025-08-14T23:45:57Z,11.012247085571289,13,0.0,0.0,bounding_box,SWOT_L2_HR_LakeSP_Prior_037_130_SA_20250814T233831_20250814T234557_PID0_03,https://archive.swot.podaac.earthdata.nasa.gov/podaac-swot-ops-cumulus-protected/SWOT_L2_HR_LakeSP_D/SWOT_L2_HR_LakeSP_Prior_037_130_SA_20250814T233831_20250814T234557_PID0_03.zip,13 exutorios dentro/intersectando a geometria do granulo.
647,LAKESP,036,533,SA,2025-08-08T12:17:42Z,2025-08-08T12:26:57Z,12.275833129882812,13,0.0,0.0,bounding_box,SWOT_L2_HR_LakeSP_Prior_036_533_SA_20250808T121742_20250808T122657_PID0_01,https://archive.swot.podaac.earthdata.nasa.gov/podaac-swot-ops-cumulus-protected/SWOT_L2_HR_LakeSP_D/SWOT_L2_HR_LakeSP_Prior_036_533_SA_20250808T121742_20250808T122657_PID0_01.zip,13 exutorios dentro/intersectando a geometria do granulo.
648,LAKESP,036,505,SA,2025-08-07T12:18:15Z,2025-08-07T12:26:05Z,7.032506942749023,13,0.0,0.0,bounding_box,SWOT_L2_HR_LakeSP_Prior_036_505_SA_20250807T121815_20250807T122605_PID0_01,https://archive.swot.podaac.earthdata.nasa.gov/podaac-swot-ops-cumulus-protected/SWOT_L2_HR_LakeSP_D/SWOT_L2_HR_LakeSP_Prior_036_505_SA_20250807T121815_20250807T122605_PID0_01.zip,13 exutorios dentro/intersectando a geometria do granulo.
649,LAKESP,036,436,SA,2025-08-05T01:15:26Z,2025-08-05T01:23:52Z,9.063502311706543,13,0.0,0.0,bounding_box,SWOT_L2_HR_LakeSP_Prior_036_436_SA_20250805T011526_20250805T012352_PID0_01,https://archive.swot.podaac.earthdata.nasa.gov/podaac-swot-ops-cumulus-protected/SWOT_L2_HR_LakeSP_D/SWOT_L2_HR_LakeSP_Prior_036_436_SA_20250805T011526_20250805T012352_PID0_01.zip,13 exutorios dentro/intersectando a geometria do granulo.
650,LAKESP,036,408,SA,2025-08-04T01:16:12Z,2025-08-04T01:23:03Z,4.018710136413574,13,0.0,0.0,bounding_box,SWOT_L2_HR_LakeSP_Prior_036_408_SA_20250804T011612_20250804T012303_PID0_01,https://archive.swot.podaac.earthdata.nasa.gov/podaac-swot-ops-cumulus-protected/SWOT_L2_HR_LakeSP_D/SWOT_L2_HR_LakeSP_Prior_036_408_SA_20250804T011612_20250804T012303_PID0_01.zip,13 exutorios dentro/intersectando a geometria do granulo.
651,LAKESP,036,255,SA,2025-07-29T13:54:47Z,2025-07-29T14:04:54Z,14.088211059570312,13,0.0,0.0,bounding_box,SWOT_L2_HR_LakeSP_Prior_036_255_SA_20250729T135447_20250729T140454_PID0_01,https://archive.swot.podaac.earthdata.nasa.gov/podaac-swot-ops-cumulus-protected/SWOT_L2_HR_LakeSP_D/SWOT_L2_HR_LakeSP_Prior_036_255_SA_20250729T135447_20250729T140454_PID0_01.zip,13 exutorios dentro/intersectando a geometria do granulo.
652,LAKESP,036,227,SA,2025-07-28T13:55:17Z,2025-07-28T14:04:03Z,11.675110816955566,13,0.0,0.0,bounding_box,SWOT_L2_HR_LakeSP_Prior_036_227_SA_20250728T135517_20250728T140403_PID0_01,https://archive.swot.podaac.earthdata.nasa.gov/podaac-swot-ops-cumulus-protected/SWOT_L2_HR_LakeSP_D/SWOT_L2_HR_LakeSP_Prior_036_227_SA_20250728T135517_20250728T140403_PID0_01.zip,13 exutorios dentro/intersectando a geometria do granulo.
653,LAKESP,036,227,SA,2025-07-28T13:55:17Z,2025-07-28T14:04:03Z,11.674211502075195,13,0.0,0.0,bounding_box,SWOT_L2_HR_LakeSP_Prior_036_227_SA_20250728T135517_20250728T140403_PID0_02,https://archive.swot.podaac.earthdata.nasa.gov/podaac-swot-ops-cumulus-protected/SWOT_L2_HR_LakeSP_D/SWOT_L2_HR_LakeSP_Prior_036_227_SA_20250728T135517_20250728T140403_PID0_02.zip,13 exutorios dentro/intersectando a geometria do granulo.
654,LAKESP,036,158,SA,2025-07-26T02:52:52Z,2025-07-26T03:02:05Z,7.247435569763184,13,0.0,0.0,bounding_box,SWOT_L2_HR_LakeSP_Prior_036_158_SA_20250726T025252_20250726T030205_PID0_01,https://archive.swot.podaac.earthdata.nasa.gov/podaac-swot-ops-cumulus-protected/SWOT_L2_HR_LakeSP_D/SWOT_L2_HR_LakeSP_Prior_036_158_SA_20250726T025252_20250726T030205_PID0_01.zip,13 exutorios dentro/intersectando a geometria do granulo.
655,LAKESP,036,130,SA,2025-07-25T02:53:27Z,2025-07-25T03:00:54Z,10.071792602539062,13,0.0,0.0,bounding_box,SWOT_L2_HR_LakeSP_Prior_036_130_SA_20250725T025327_20250725T030054_PID0_01,https://archive.swot.podaac.earthdata.nasa.gov/podaac-swot-ops-cumulus-protected/SWOT_L2_HR_LakeSP_D/SWOT_L2_HR_LakeSP_Prior_036_130_SA_20250725T025327_20250725T030054_PID0_01.zip,13 exutorios dentro/intersectando a geometria do granulo.
656,LAKESP,035,533,SA,2025-07-18T15:32:39Z,2025-07-18T15:41:54Z,12.886658668518066,13,0.0,0.0,bounding_box,SWOT_L2_HR_LakeSP_Prior_035_533_SA_20250718T153239_20250718T154154_PID0_01,https://archive.swot.podaac.earthdata.nasa.gov/podaac-swot-ops-cumulus-protected/SWOT_L2_HR_LakeSP_D/SWOT_L2_HR_LakeSP_Prior_035_533_SA_20250718T153239_20250718T154154_PID0_01.zip,13 exutorios dentro/intersectando a geometria do granulo.
657,LAKESP,035,505,SA,2025-07-17T15:33:12Z,2025-07-17T15:41:02Z,7.77297306060791,13,0.0,0.0,bounding_box,SWOT_L2_HR_LakeSP_Prior_035_505_SA_20250717T153312_20250717T154102_PID0_01,https://archive.swot.podaac.earthdata.nasa.gov/podaac-swot-ops-cumulus-protected/SWOT_L2_HR_LakeSP_D/SWOT_L2_HR_LakeSP_Prior_035_505_SA_20250717T153312_20250717T154102_PID0_01.zip,13 exutorios dentro/intersectando a geometria do granulo.
658,LAKESP,035,436,SA,2025-07-15T04:30:23Z,2025-07-15T04:38:48Z,8.710474014282227,13,0.0,0.0,bounding_box,SWOT_L2_HR_LakeSP_Prior_035_436_SA_20250715T043023_20250715T043848_PID0_01,https://archive.swot.podaac.earthdata.nasa.gov/podaac-swot-ops-cumulus-protected/SWOT_L2_HR_LakeSP_D/SWOT_L2_HR_LakeSP_Prior_035_436_SA_20250715T043023_20250715T043848_PID0_01.zip,13 exutorios dentro/intersectando a geometria do granulo.
659,LAKESP,035,408,SA,2025-07-14T04:31:09Z,2025-07-14T04:37:59Z,3.881657600402832,13,0.0,0.0,bounding_box,SWOT_L2_HR_LakeSP_Prior_035_408_SA_20250714T043109_20250714T043759_PID0_01,https://archive.swot.podaac.earthdata.nasa.gov/podaac-swot-ops-cumulus-protected/SWOT_L2_HR_LakeSP_D/SWOT_L2_HR_LakeSP_Prior_035_408_SA_20250714T043109_20250714T043759_PID0_01.zip,13 exutorios dentro/intersectando a geometria do granulo.
660,LAKESP,035,255,SA,2025-07-08T17:09:42Z,2025-07-08T17:19:49Z,12.913074493408203,13,0.0,0.0,bounding_box,SWOT_L2_HR_LakeSP_Prior_035_255_SA_20250708T170942_20250708T171949_PID0_01,https://archive.swot.podaac.earthdata.nasa.gov/podaac-swot-ops-cumulus-protected/SWOT_L2_HR_LakeSP_D/SWOT_L2_HR_LakeSP_Prior_035_255_SA_20250708T170942_20250708T171949_PID0_01.zip,13 exutorios dentro/intersectando a geometria do granulo.
661,LAKESP,035,227,SA,2025-07-07T17:10:12Z,2025-07-07T17:18:59Z,10.656054496765137,13,0.0,0.0,bounding_box,SWOT_L2_HR_LakeSP_Prior_035_227_SA_20250707T171012_20250707T171859_PID0_01,https://archive.swot.podaac.earthdata.nasa.gov/podaac-swot-ops-cumulus-protected/SWOT_L2_HR_LakeSP_D/SWOT_L2_HR_LakeSP_Prior_035_227_SA_20250707T171012_20250707T171859_PID0_01.zip,13 exutorios dentro/intersectando a geometria do granulo.
662,LAKESP,035,158,SA,2025-07-05T06:07:47Z,2025-07-05T06:17:00Z,6.7544355392456055,13,0.0,0.0,bounding_box,SWOT_L2_HR_LakeSP_Prior_035_158_SA_20250705T060747_20250705T061700_PID0_01,https://archive.swot.podaac.earthdata.nasa.gov/podaac-swot-ops-cumulus-protected/SWOT_L2_HR_LakeSP_D/SWOT_L2_HR_LakeSP_Prior_035_158_SA_20250705T060747_20250705T061700_PID0_01.zip,13 exutorios dentro/intersectando a geometria do granulo.
663,LAKESP,035,130,SA,2025-07-04T06:08:22Z,2025-07-04T06:15:48Z,9.934999465942383,13,0.0,0.0,bounding_box,SWOT_L2_HR_LakeSP_Prior_035_130_SA_20250704T060822_20250704T061548_PID0_01,https://archive.swot.podaac.earthdata.nasa.gov/podaac-swot-ops-cumulus-protected/SWOT_L2_HR_LakeSP_D/SWOT_L2_HR_LakeSP_Prior_035_130_SA_20250704T060822_20250704T061548_PID0_01.zip,13 exutorios dentro/intersectando a geometria do granulo.
664,LAKESP,034,533,SA,2025-06-27T18:47:33Z,2025-06-27T18:56:48Z,11.80667495727539,13,0.0,0.0,bounding_box,SWOT_L2_HR_LakeSP_Prior_034_533_SA_20250627T184733_20250627T185648_PID0_01,https://archive.swot.podaac.earthdata.nasa.gov/podaac-swot-ops-cumulus-protected/SWOT_L2_HR_LakeSP_D/SWOT_L2_HR_LakeSP_Prior_034_533_SA_20250627T184733_20250627T185648_PID0_01.zip,13 exutorios dentro/intersectando a geometria do granulo.
665,LAKESP,034,505,SA,2025-06-26T18:48:06Z,2025-06-26T18:55:56Z,7.726226806640625,13,0.0,0.0,bounding_box,SWOT_L2_HR_LakeSP_Prior_034_505_SA_20250626T184806_20250626T185556_PID0_01,https://archive.swot.podaac.earthdata.nasa.gov/podaac-swot-ops-cumulus-protected/SWOT_L2_HR_LakeSP_D/SWOT_L2_HR_LakeSP_Prior_034_505_SA_20250626T184806_20250626T185556_PID0_01.zip,13 exutorios dentro/intersectando a geometria do granulo.
666,LAKESP,034,436,SA,2025-06-24T07:45:16Z,2025-06-24T07:53:42Z,9.465956687927246,13,0.0,0.0,bounding_box,SWOT_L2_HR_LakeSP_Prior_034_436_SA_20250624T074516_20250624T075342_PID0_01,https://archive.swot.podaac.earthdata.nasa.gov/podaac-swot-ops-cumulus-protected/SWOT_L2_HR_LakeSP_D/SWOT_L2_HR_LakeSP_Prior_034_436_SA_20250624T074516_20250624T075342_PID0_01.zip,13 exutorios dentro/intersectando a geometria do granulo.
667,LAKESP,034,408,SA,2025-06-23T07:46:02Z,2025-06-23T07:52:53Z,3.836404800415039,13,0.0,0.0,bounding_box,SWOT_L2_HR_LakeSP_Prior_034_408_SA_20250623T074602_20250623T075253_PID0_01,https://archive.swot.podaac.earthdata.nasa.gov/podaac-swot-ops-cumulus-protected/SWOT_L2_HR_LakeSP_D/SWOT_L2_HR_LakeSP_Prior_034_408_SA_20250623T074602_20250623T075253_PID0_01.zip,13 exutorios dentro/intersectando a geometria do granulo.
668,LAKESP,034,255,SA,2025-06-17T20:24:35Z,2025-06-17T20:34:42Z,11.905610084533691,13,0.0,0.0,bounding_box,SWOT_L2_HR_LakeSP_Prior_034_255_SA_20250617T202435_20250617T203442_PID0_01,https://archive.swot.podaac.earthdata.nasa.gov/podaac-swot-ops-cumulus-protected/SWOT_L2_HR_LakeSP_D/SWOT_L2_HR_LakeSP_Prior_034_255_SA_20250617T202435_20250617T203442_PID0_01.zip,13 exutorios dentro/intersectando a geometria do granulo.
669,LAKESP,034,227,SA,2025-06-16T20:25:05Z,2025-06-16T20:33:51Z,9.3536958694458,13,0.0,0.0,bounding_box,SWOT_L2_HR_LakeSP_Prior_034_227_SA_20250616T202505_20250616T203351_PID0_01,https://archive.swot.podaac.earthdata.nasa.gov/podaac-swot-ops-cumulus-protected/SWOT_L2_HR_LakeSP_D/SWOT_L2_HR_LakeSP_Prior_034_227_SA_20250616T202505_20250616T203351_PID0_01.zip,13 exutorios dentro/intersectando a geometria do granulo.
670,LAKESP,034,158,SA,2025-06-14T09:22:40Z,2025-06-14T09:31:53Z,7.007875442504883,13,0.0,0.0,bounding_box,SWOT_L2_HR_LakeSP_Prior_034_158_SA_20250614T092240_20250614T093153_PID0_01,https://archive.swot.podaac.earthdata.nasa.gov/podaac-swot-ops-cumulus-protected/SWOT_L2_HR_LakeSP_D/SWOT_L2_HR_LakeSP_Prior_034_158_SA_20250614T092240_20250614T093153_PID0_01.zip,13 exutorios dentro/intersectando a geometria do granulo.
671,LAKESP,034,130,SA,2025-06-13T09:23:15Z,2025-06-13T09:30:42Z,10.327072143554688,13,0.0,0.0,bounding_box,SWOT_L2_HR_LakeSP_Prior_034_130_SA_20250613T092315_20250613T093042_PID0_01,https://archive.swot.podaac.earthdata.nasa.gov/podaac-swot-ops-cumulus-protected/SWOT_L2_HR_LakeSP_D/SWOT_L2_HR_LakeSP_Prior_034_130_SA_20250613T092315_20250613T093042_PID0_01.zip,13 exutorios dentro/intersectando a geometria do granulo.
672,LAKESP,033,533,SA,2025-06-06T22:02:27Z,2025-06-06T22:11:43Z,10.058445930480957,13,0.0,0.0,bounding_box,SWOT_L2_HR_LakeSP_Prior_033_533_SA_20250606T220227_20250606T221143_PID0_01,https://archive.swot.podaac.earthdata.nasa.gov/podaac-swot-ops-cumulus-protected/SWOT_L2_HR_LakeSP_D/SWOT_L2_HR_LakeSP_Prior_033_533_SA_20250606T220227_20250606T221143_PID0_01.zip,13 exutorios dentro/intersectando a geometria do granulo.
673,LAKESP,033,505,SA,2025-06-05T22:03:01Z,2025-06-05T22:10:51Z,6.619168281555176,13,0.0,0.0,bounding_box,SWOT_L2_HR_LakeSP_Prior_033_505_SA_20250605T220301_20250605T221051_PID0_01,https://archive.swot.podaac.earthdata.nasa.gov/podaac-swot-ops-cumulus-protected/SWOT_L2_HR_LakeSP_D/SWOT_L2_HR_LakeSP_Prior_033_505_SA_20250605T220301_20250605T221051_PID0_01.zip,13 exutorios dentro/intersectando a geometria do granulo.
674,LAKESP,033,436,SA,2025-06-03T11:00:11Z,2025-06-03T11:08:37Z,9.715422630310059,13,0.0,0.0,bounding_box,SWOT_L2_HR_LakeSP_Prior_033_436_SA_20250603T110011_20250603T110837_PID0_01,https://archive.swot.podaac.earthdata.nasa.gov/podaac-swot-ops-cumulus-protected/SWOT_L2_HR_LakeSP_D/SWOT_L2_HR_LakeSP_Prior_033_436_SA_20250603T110011_20250603T110837_PID0_01.zip,13 exutorios dentro/intersectando a geometria do granulo.
675,LAKESP,033,436,SA,2025-06-03T11:00:11Z,2025-06-03T11:08:37Z,9.715867042541504,13,0.0,0.0,bounding_box,SWOT_L2_HR_LakeSP_Prior_033_436_SA_20250603T110011_20250603T110837_PID0_02,https://archive.swot.podaac.earthdata.nasa.gov/podaac-swot-ops-cumulus-protected/SWOT_L2_HR_LakeSP_D/SWOT_L2_HR_LakeSP_Prior_033_436_SA_20250603T110011_20250603T110837_PID0_02.zip,13 exutorios dentro/intersectando a geometria do granulo.
676,LAKESP,033,408,SA,2025-06-02T11:00:58Z,2025-06-02T11:07:48Z,4.21746826171875,13,0.0,0.0,bounding_box,SWOT_L2_HR_LakeSP_Prior_033_408_SA_20250602T110058_20250602T110748_PID0_01,https://archive.swot.podaac.earthdata.nasa.gov/podaac-swot-ops-cumulus-protected/SWOT_L2_HR_LakeSP_D/SWOT_L2_HR_LakeSP_Prior_033_408_SA_20250602T110058_20250602T110748_PID0_01.zip,13 exutorios dentro/intersectando a geometria do granulo.
677,LAKESP,033,255,SA,2025-05-27T23:39:31Z,2025-05-27T23:49:38Z,10.751842498779297,13,0.0,0.0,bounding_box,SWOT_L2_HR_LakeSP_Prior_033_255_SA_20250527T233931_20250527T234938_PID0_01,https://archive.swot.podaac.earthdata.nasa.gov/podaac-swot-ops-cumulus-protected/SWOT_L2_HR_LakeSP_D/SWOT_L2_HR_LakeSP_Prior_033_255_SA_20250527T233931_20250527T234938_PID0_01.zip,13 exutorios dentro/intersectando a geometria do granulo.
678,LAKESP,033,227,SA,2025-05-26T23:40:01Z,2025-05-26T23:48:48Z,8.668984413146973,13,0.0,0.0,bounding_box,SWOT_L2_HR_LakeSP_Prior_033_227_SA_20250526T234001_20250526T234848_PID0_01,https://archive.swot.podaac.earthdata.nasa.gov/podaac-swot-ops-cumulus-protected/SWOT_L2_HR_LakeSP_D/SWOT_L2_HR_LakeSP_Prior_033_227_SA_20250526T234001_20250526T234848_PID0_01.zip,13 exutorios dentro/intersectando a geometria do granulo.
679,LAKESP,033,158,SA,2025-05-24T12:37:36Z,2025-05-24T12:46:49Z,9.018901824951172,13,0.0,0.0,bounding_box,SWOT_L2_HR_LakeSP_Prior_033_158_SA_20250524T123736_20250524T124649_PID0_01,https://archive.swot.podaac.earthdata.nasa.gov/podaac-swot-ops-cumulus-protected/SWOT_L2_HR_LakeSP_D/SWOT_L2_HR_LakeSP_Prior_033_158_SA_20250524T123736_20250524T124649_PID0_01.zip,13 exutorios dentro/intersectando a geometria do granulo.
680,LAKESP,033,130,SA,2025-05-23T12:38:11Z,2025-05-23T12:45:38Z,11.947335243225098,13,0.0,0.0,bounding_box,SWOT_L2_HR_LakeSP_Prior_033_130_SA_20250523T123811_20250523T124538_PID0_01,https://archive.swot.podaac.earthdata.nasa.gov/podaac-swot-ops-cumulus-protected/SWOT_L2_HR_LakeSP_D/SWOT_L2_HR_LakeSP_Prior_033_130_SA_20250523T123811_20250523T124538_PID0_01.zip,13 exutorios dentro/intersectando a geometria do granulo.
681,LAKESP,032,533,SA,2025-05-17T01:17:21Z,2025-05-17T01:26:37Z,9.876321792602539,13,0.0,0.0,bounding_box,SWOT_L2_HR_LakeSP_Prior_032_533_SA_20250517T011721_20250517T012637_PID0_01,https://archive.swot.podaac.earthdata.nasa.gov/podaac-swot-ops-cumulus-protected/SWOT_L2_HR_LakeSP_D/SWOT_L2_HR_LakeSP_Prior_032_533_SA_20250517T011721_20250517T012637_PID0_01.zip,13 exutorios dentro/intersectando a geometria do granulo.
682,LAKESP,032,533,SA,2025-05-17T01:17:21Z,2025-05-17T01:26:37Z,9.889867782592773,13,0.0,0.0,bounding_box,SWOT_L2_HR_LakeSP_Prior_032_533_SA_20250517T011721_20250517T012637_PGD0_01,https://archive.swot.podaac.earthdata.nasa.gov/podaac-swot-ops-cumulus-protected/SWOT_L2_HR_LakeSP_D/SWOT_L2_HR_LakeSP_Prior_032_533_SA_20250517T011721_20250517T012637_PGD0_01.zip,13 exutorios dentro/intersectando a geometria do granulo.
683,LAKESP,032,505,SA,2025-05-16T01:17:55Z,2025-05-16T01:25:45Z,7.08643913269043,13,0.0,0.0,bounding_box,SWOT_L2_HR_LakeSP_Prior_032_505_SA_20250516T011755_20250516T012545_PID0_01,https://archive.swot.podaac.earthdata.nasa.gov/podaac-swot-ops-cumulus-protected/SWOT_L2_HR_LakeSP_D/SWOT_L2_HR_LakeSP_Prior_032_505_SA_20250516T011755_20250516T012545_PID0_01.zip,13 exutorios dentro/intersectando a geometria do granulo.
684,LAKESP,032,505,SA,2025-05-16T01:17:55Z,2025-05-16T01:25:45Z,7.387533187866211,13,0.0,0.0,bounding_box,SWOT_L2_HR_LakeSP_Prior_032_505_SA_20250516T011755_20250516T012545_PGD0_01,https://archive.swot.podaac.earthdata.nasa.gov/podaac-swot-ops-cumulus-protected/SWOT_L2_HR_LakeSP_D/SWOT_L2_HR_LakeSP_Prior_032_505_SA_20250516T011755_20250516T012545_PGD0_01.zip,13 exutorios dentro/intersectando a geometria do granulo.
685,LAKESP,032,436,SA,2025-05-13T14:15:05Z,2025-05-13T14:23:31Z,12.990453720092773,13,0.0,0.0,bounding_box,SWOT_L2_HR_LakeSP_Prior_032_436_SA_20250513T141505_20250513T142331_PID0_01,https://archive.swot.podaac.earthdata.nasa.gov/podaac-swot-ops-cumulus-protected/SWOT_L2_HR_LakeSP_D/SWOT_L2_HR_LakeSP_Prior_032_436_SA_20250513T141505_20250513T142331_PID0_01.zip,13 exutorios dentro/intersectando a geometria do granulo.
686,LAKESP,032,436,SA,2025-05-13T14:15:05Z,2025-05-13T14:23:31Z,12.990240097045898,13,0.0,0.0,bounding_box,SWOT_L2_HR_LakeSP_Prior_032_436_SA_20250513T141505_20250513T142331_PID0_02,https://archive.swot.podaac.earthdata.nasa.gov/podaac-swot-ops-cumulus-protected/SWOT_L2_HR_LakeSP_D/SWOT_L2_HR_LakeSP_Prior_032_436_SA_20250513T141505_20250513T142331_PID0_02.zip,13 exutorios dentro/intersectando a geometria do granulo.
687,LAKESP,032,436,SA,2025-05-13T14:15:05Z,2025-05-13T14:23:31Z,12.989252090454102,13,0.0,0.0,bounding_box,SWOT_L2_HR_LakeSP_Prior_032_436_SA_20250513T141505_20250513T142331_PID0_03,https://archive.swot.podaac.earthdata.nasa.gov/podaac-swot-ops-cumulus-protected/SWOT_L2_HR_LakeSP_D/SWOT_L2_HR_LakeSP_Prior_032_436_SA_20250513T141505_20250513T142331_PID0_03.zip,13 exutorios dentro/intersectando a geometria do granulo.
688,LAKESP,032,436,SA,2025-05-13T14:15:05Z,2025-05-13T14:23:31Z,12.991828918457031,13,0.0,0.0,bounding_box,SWOT_L2_HR_LakeSP_Prior_032_436_SA_20250513T141505_20250513T142331_PID0_04,https://archive.swot.podaac.earthdata.nasa.gov/podaac-swot-ops-cumulus-protected/SWOT_L2_HR_LakeSP_D/SWOT_L2_HR_LakeSP_Prior_032_436_SA_20250513T141505_20250513T142331_PID0_04.zip,13 exutorios dentro/intersectando a geometria do granulo.
689,LAKESP,032,436,SA,2025-05-13T14:15:05Z,2025-05-13T14:23:31Z,12.990132331848145,13,0.0,0.0,bounding_box,SWOT_L2_HR_LakeSP_Prior_032_436_SA_20250513T141505_20250513T142331_PGD0_01,https://archive.swot.podaac.earthdata.nasa.gov/podaac-swot-ops-cumulus-protected/SWOT_L2_HR_LakeSP_D/SWOT_L2_HR_LakeSP_Prior_032_436_SA_20250513T141505_20250513T142331_PGD0_01.zip,13 exutorios dentro/intersectando a geometria do granulo.
690,LAKESP,032,408,SA,2025-05-12T14:15:51Z,2025-05-12T14:22:41Z,5.2285261154174805,13,0.0,0.0,bounding_box,SWOT_L2_HR_LakeSP_Prior_032_408_SA_20250512T141551_20250512T142241_PID0_01,https://archive.swot.podaac.earthdata.nasa.gov/podaac-swot-ops-cumulus-protected/SWOT_L2_HR_LakeSP_D/SWOT_L2_HR_LakeSP_Prior_032_408_SA_20250512T141551_20250512T142241_PID0_01.zip,13 exutorios dentro/intersectando a geometria do granulo.
691,LAKESP,032,408,SA,2025-05-12T14:15:51Z,2025-05-12T14:22:41Z,5.228446006774902,13,0.0,0.0,bounding_box,SWOT_L2_HR_LakeSP_Prior_032_408_SA_20250512T141551_20250512T142241_PGD0_01,https://archive.swot.podaac.earthdata.nasa.gov/podaac-swot-ops-cumulus-protected/SWOT_L2_HR_LakeSP_D/SWOT_L2_HR_LakeSP_Prior_032_408_SA_20250512T141551_20250512T142241_PGD0_01.zip,13 exutorios dentro/intersectando a geometria do granulo.
692,LAKESP,032,255,SA,2025-05-07T02:54:24Z,2025-05-07T03:04:31Z,10.886935234069824,13,0.0,0.0,bounding_box,SWOT_L2_HR_LakeSP_Prior_032_255_SA_20250507T025424_20250507T030431_PID0_03,https://archive.swot.podaac.earthdata.nasa.gov/podaac-swot-ops-cumulus-protected/SWOT_L2_HR_LakeSP_D/SWOT_L2_HR_LakeSP_Prior_032_255_SA_20250507T025424_20250507T030431_PID0_03.zip,13 exutorios dentro/intersectando a geometria do granulo.
693,LAKESP,032,255,SA,2025-05-07T02:54:24Z,2025-05-07T03:04:31Z,10.884947776794434,13,0.0,0.0,bounding_box,SWOT_L2_HR_LakeSP_Prior_032_255_SA_20250507T025424_20250507T030431_PGD0_01,https://archive.swot.podaac.earthdata.nasa.gov/podaac-swot-ops-cumulus-protected/SWOT_L2_HR_LakeSP_D/SWOT_L2_HR_LakeSP_Prior_032_255_SA_20250507T025424_20250507T030431_PGD0_01.zip,13 exutorios dentro/intersectando a geometria do granulo.
694,LAKESP,032,227,SA,2025-05-06T02:54:55Z,2025-05-06T03:03:41Z,8.464810371398926,13,0.0,0.0,bounding_box,SWOT_L2_HR_LakeSP_Prior_032_227_SA_20250506T025455_20250506T030341_PID0_03,https://archive.swot.podaac.earthdata.nasa.gov/podaac-swot-ops-cumulus-protected/SWOT_L2_HR_LakeSP_D/SWOT_L2_HR_LakeSP_Prior_032_227_SA_20250506T025455_20250506T030341_PID0_03.zip,13 exutorios dentro/intersectando a geometria do granulo.
695,LAKESP,032,227,SA,2025-05-06T02:54:55Z,2025-05-06T03:03:41Z,8.464005470275879,13,0.0,0.0,bounding_box,SWOT_L2_HR_LakeSP_Prior_032_227_SA_20250506T025455_20250506T030341_PGD0_01,https://archive.swot.podaac.earthdata.nasa.gov/podaac-swot-ops-cumulus-protected/SWOT_L2_HR_LakeSP_D/SWOT_L2_HR_LakeSP_Prior_032_227_SA_20250506T025455_20250506T030341_PGD0_01.zip,13 exutorios dentro/intersectando a geometria do granulo.
696,LAKESP,032,158,SA,2025-05-03T15:52:30Z,2025-05-03T16:01:44Z,8.99549674987793,13,0.0,0.0,bounding_box,SWOT_L2_HR_LakeSP_Prior_032_158_SA_20250503T155230_20250503T160144_PIC2_01,https://archive.swot.podaac.earthdata.nasa.gov/podaac-swot-ops-cumulus-protected/SWOT_L2_HR_LakeSP_D/SWOT_L2_HR_LakeSP_Prior_032_158_SA_20250503T155230_20250503T160144_PIC2_01.zip,13 exutorios dentro/intersectando a geometria do granulo.
697,LAKESP,032,158,SA,2025-05-03T15:52:30Z,2025-05-03T16:01:44Z,9.143359184265137,13,0.0,0.0,bounding_box,SWOT_L2_HR_LakeSP_Prior_032_158_SA_20250503T155230_20250503T160144_PGD0_01,https://archive.swot.podaac.earthdata.nasa.gov/podaac-swot-ops-cumulus-protected/SWOT_L2_HR_LakeSP_D/SWOT_L2_HR_LakeSP_Prior_032_158_SA_20250503T155230_20250503T160144_PGD0_01.zip,13 exutorios dentro/intersectando a geometria do granulo.
698,LAKESP,032,130,SA,2025-05-02T15:53:06Z,2025-05-02T16:00:32Z,12.870576858520508,13,0.0,0.0,bounding_box,SWOT_L2_HR_LakeSP_Prior_032_130_SA_20250502T155306_20250502T160032_PGD0_01,https://archive.swot.podaac.earthdata.nasa.gov/podaac-swot-ops-cumulus-protected/SWOT_L2_HR_LakeSP_D/SWOT_L2_HR_LakeSP_Prior_032_130_SA_20250502T155306_20250502T160032_PGD0_01.zip,13 exutorios dentro/intersectando a geometria do granulo.
699,LAKESP,031,533,SA,2025-04-26T04:32:18Z,2025-04-26T04:41:33Z,9.901527404785156,13,0.0,0.0,bounding_box,SWOT_L2_HR_LakeSP_Prior_031_533_SA_20250426T043218_20250426T044133_PGD0_01,https://archive.swot.podaac.earthdata.nasa.gov/podaac-swot-ops-cumulus-protected/SWOT_L2_HR_LakeSP_D/SWOT_L2_HR_LakeSP_Prior_031_533_SA_20250426T043218_20250426T044133_PGD0_01.zip,13 exutorios dentro/intersectando a geometria do granulo.
700,LAKESP,031,505,SA,2025-04-25T04:32:51Z,2025-04-25T04:40:41Z,6.516610145568848,13,0.0,0.0,bounding_box,SWOT_L2_HR_LakeSP_Prior_031_505_SA_20250425T043251_20250425T044041_PGD0_01,https://archive.swot.podaac.earthdata.nasa.gov/podaac-swot-ops-cumulus-protected/SWOT_L2_HR_LakeSP_D/SWOT_L2_HR_LakeSP_Prior_031_505_SA_20250425T043251_20250425T044041_PGD0_01.zip,13 exutorios dentro/intersectando a geometria do granulo.
701,LAKESP,031,436,SA,2025-04-22T17:30:02Z,2025-04-22T17:38:28Z,11.427526473999023,13,0.0,0.0,bounding_box,SWOT_L2_HR_LakeSP_Prior_031_436_SA_20250422T173002_20250422T173828_PGD0_01,https://archive.swot.podaac.earthdata.nasa.gov/podaac-swot-ops-cumulus-protected/SWOT_L2_HR_LakeSP_D/SWOT_L2_HR_LakeSP_Prior_031_436_SA_20250422T173002_20250422T173828_PGD0_01.zip,13 exutorios dentro/intersectando a geometria do granulo.
702,LAKESP,031,408,SA,2025-04-21T17:30:48Z,2025-04-21T17:37:39Z,4.821959495544434,13,0.0,0.0,bounding_box,SWOT_L2_HR_LakeSP_Prior_031_408_SA_20250421T173048_20250421T173739_PGD0_01,https://archive.swot.podaac.earthdata.nasa.gov/podaac-swot-ops-cumulus-protected/SWOT_L2_HR_LakeSP_D/SWOT_L2_HR_LakeSP_Prior_031_408_SA_20250421T173048_20250421T173739_PGD0_01.zip,13 exutorios dentro/intersectando a geometria do granulo.
703,LAKESP,031,255,SA,2025-04-16T06:09:21Z,2025-04-16T06:19:28Z,10.602522850036621,13,0.0,0.0,bounding_box,SWOT_L2_HR_LakeSP_Prior_031_255_SA_20250416T060921_20250416T061928_PGD0_01,https://archive.swot.podaac.earthdata.nasa.gov/podaac-swot-ops-cumulus-protected/SWOT_L2_HR_LakeSP_D/SWOT_L2_HR_LakeSP_Prior_031_255_SA_20250416T060921_20250416T061928_PGD0_01.zip,13 exutorios dentro/intersectando a geometria do granulo.
704,LAKESP,031,227,SA,2025-04-15T06:09:52Z,2025-04-15T06:18:38Z,8.992271423339844,13,0.0,0.0,bounding_box,SWOT_L2_HR_LakeSP_Prior_031_227_SA_20250415T060952_20250415T061838_PGD0_01,https://archive.swot.podaac.earthdata.nasa.gov/podaac-swot-ops-cumulus-protected/SWOT_L2_HR_LakeSP_D/SWOT_L2_HR_LakeSP_Prior_031_227_SA_20250415T060952_20250415T061838_PGD0_01.zip,13 exutorios dentro/intersectando a geometria do granulo.
705,LAKESP,031,158,SA,2025-04-12T19:07:26Z,2025-04-12T19:16:39Z,9.114673614501953,13,0.0,0.0,bounding_box,SWOT_L2_HR_LakeSP_Prior_031_158_SA_20250412T190726_20250412T191639_PGD0_01,https://archive.swot.podaac.earthdata.nasa.gov/podaac-swot-ops-cumulus-protected/SWOT_L2_HR_LakeSP_D/SWOT_L2_HR_LakeSP_Prior_031_158_SA_20250412T190726_20250412T191639_PGD0_01.zip,13 exutorios dentro/intersectando a geometria do granulo.
706,LAKESP,031,130,SA,2025-04-11T19:08:01Z,2025-04-11T19:15:28Z,12.893320083618164,13,0.0,0.0,bounding_box,SWOT_L2_HR_LakeSP_Prior_031_130_SA_20250411T190801_20250411T191528_PGD0_01,https://archive.swot.podaac.earthdata.nasa.gov/podaac-swot-ops-cumulus-protected/SWOT_L2_HR_LakeSP_D/SWOT_L2_HR_LakeSP_Prior_031_130_SA_20250411T190801_20250411T191528_PGD0_01.zip,13 exutorios dentro/intersectando a geometria do granulo.
707,LAKESP,030,533,SA,2025-04-05T07:47:11Z,2025-04-05T07:56:27Z,10.533341407775879,13,0.0,0.0,bounding_box,SWOT_L2_HR_LakeSP_Prior_030_533_SA_20250405T074711_20250405T075627_PGD0_01,https://archive.swot.podaac.earthdata.nasa.gov/podaac-swot-ops-cumulus-protected/SWOT_L2_HR_LakeSP_D/SWOT_L2_HR_LakeSP_Prior_030_533_SA_20250405T074711_20250405T075627_PGD0_01.zip,13 exutorios dentro/intersectando a geometria do granulo.
708,LAKESP,030,505,SA,2025-04-04T07:47:45Z,2025-04-04T07:55:34Z,6.827239036560059,13,0.0,0.0,bounding_box,SWOT_L2_HR_LakeSP_Prior_030_505_SA_20250404T074745_20250404T075534_PGD0_01,https://archive.swot.podaac.earthdata.nasa.gov/podaac-swot-ops-cumulus-protected/SWOT_L2_HR_LakeSP_D/SWOT_L2_HR_LakeSP_Prior_030_505_SA_20250404T074745_20250404T075534_PGD0_01.zip,13 exutorios dentro/intersectando a geometria do granulo.
709,LAKESP,030,436,SA,2025-04-01T20:44:55Z,2025-04-01T20:53:21Z,11.072108268737793,13,0.0,0.0,bounding_box,SWOT_L2_HR_LakeSP_Prior_030_436_SA_20250401T204455_20250401T205321_PGD0_01,https://archive.swot.podaac.earthdata.nasa.gov/podaac-swot-ops-cumulus-protected/SWOT_L2_HR_LakeSP_D/SWOT_L2_HR_LakeSP_Prior_030_436_SA_20250401T204455_20250401T205321_PGD0_01.zip,13 exutorios dentro/intersectando a geometria do granulo.
710,LAKESP,030,408,SA,2025-03-31T20:45:42Z,2025-03-31T20:52:32Z,4.803354263305664,13,0.0,0.0,bounding_box,SWOT_L2_HR_LakeSP_Prior_030_408_SA_20250331T204542_20250331T205232_PGD0_01,https://archive.swot.podaac.earthdata.nasa.gov/podaac-swot-ops-cumulus-protected/SWOT_L2_HR_LakeSP_D/SWOT_L2_HR_LakeSP_Prior_030_408_SA_20250331T204542_20250331T205232_PGD0_01.zip,13 exutorios dentro/intersectando a geometria do granulo.
711,LAKESP,030,255,SA,2025-03-26T09:24:17Z,2025-03-26T09:34:24Z,11.222275733947754,13,0.0,0.0,bounding_box,SWOT_L2_HR_LakeSP_Prior_030_255_SA_20250326T092417_20250326T093424_PGD0_01,https://archive.swot.podaac.earthdata.nasa.gov/podaac-swot-ops-cumulus-protected/SWOT_L2_HR_LakeSP_D/SWOT_L2_HR_LakeSP_Prior_030_255_SA_20250326T092417_20250326T093424_PGD0_01.zip,13 exutorios dentro/intersectando a geometria do granulo.
712,LAKESP,030,227,SA,2025-03-25T09:24:47Z,2025-03-25T09:33:33Z,8.4999361038208,13,0.0,0.0,bounding_box,SWOT_L2_HR_LakeSP_Prior_030_227_SA_20250325T092447_20250325T093333_PGD0_01,https://archive.swot.podaac.earthdata.nasa.gov/podaac-swot-ops-cumulus-protected/SWOT_L2_HR_LakeSP_D/SWOT_L2_HR_LakeSP_Prior_030_227_SA_20250325T092447_20250325T093333_PGD0_01.zip,13 exutorios dentro/intersectando a geometria do granulo.
713,LAKESP,030,158,SA,2025-03-22T22:22:22Z,2025-03-22T22:31:35Z,8.459620475769043,13,0.0,0.0,bounding_box,SWOT_L2_HR_LakeSP_Prior_030_158_SA_20250322T222222_20250322T223135_PGD0_01,https://archive.swot.podaac.earthdata.nasa.gov/podaac-swot-ops-cumulus-protected/SWOT_L2_HR_LakeSP_D/SWOT_L2_HR_LakeSP_Prior_030_158_SA_20250322T222222_20250322T223135_PGD0_01.zip,13 exutorios dentro/intersectando a geometria do granulo.
714,LAKESP,030,130,SA,2025-03-21T22:22:57Z,2025-03-21T22:30:24Z,11.447405815124512,13,0.0,0.0,bounding_box,SWOT_L2_HR_LakeSP_Prior_030_130_SA_20250321T222257_20250321T223024_PGD0_01,https://archive.swot.podaac.earthdata.nasa.gov/podaac-swot-ops-cumulus-protected/SWOT_L2_HR_LakeSP_D/SWOT_L2_HR_LakeSP_Prior_030_130_SA_20250321T222257_20250321T223024_PGD0_01.zip,13 exutorios dentro/intersectando a geometria do granulo.
715,LAKESP,029,533,SA,2025-03-15T11:02:08Z,2025-03-15T11:11:24Z,10.491004943847656,13,0.0,0.0,bounding_box,SWOT_L2_HR_LakeSP_Prior_029_533_SA_20250315T110208_20250315T111124_PGD0_01,https://archive.swot.podaac.earthdata.nasa.gov/podaac-swot-ops-cumulus-protected/SWOT_L2_HR_LakeSP_D/SWOT_L2_HR_LakeSP_Prior_029_533_SA_20250315T110208_20250315T111124_PGD0_01.zip,13 exutorios dentro/intersectando a geometria do granulo.
716,LAKESP,029,505,SA,2025-03-14T11:02:42Z,2025-03-14T11:10:31Z,7.318305969238281,13,0.0,0.0,bounding_box,SWOT_L2_HR_LakeSP_Prior_029_505_SA_20250314T110242_20250314T111031_PGD0_01,https://archive.swot.podaac.earthdata.nasa.gov/podaac-swot-ops-cumulus-protected/SWOT_L2_HR_LakeSP_D/SWOT_L2_HR_LakeSP_Prior_029_505_SA_20250314T110242_20250314T111031_PGD0_01.zip,13 exutorios dentro/intersectando a geometria do granulo.
717,LAKESP,029,436,SA,2025-03-11T23:59:51Z,2025-03-12T00:08:17Z,10.164287567138672,13,0.0,0.0,bounding_box,SWOT_L2_HR_LakeSP_Prior_029_436_SA_20250311T235951_20250312T000817_PGD0_01,https://archive.swot.podaac.earthdata.nasa.gov/podaac-swot-ops-cumulus-protected/SWOT_L2_HR_LakeSP_D/SWOT_L2_HR_LakeSP_Prior_029_436_SA_20250311T235951_20250312T000817_PGD0_01.zip,13 exutorios dentro/intersectando a geometria do granulo.
718,LAKESP,029,408,SA,2025-03-11T00:00:37Z,2025-03-11T00:07:28Z,4.445900917053223,13,0.0,0.0,bounding_box,SWOT_L2_HR_LakeSP_Prior_029_408_SA_20250311T000037_20250311T000728_PGD0_01,https://archive.swot.podaac.earthdata.nasa.gov/podaac-swot-ops-cumulus-protected/SWOT_L2_HR_LakeSP_D/SWOT_L2_HR_LakeSP_Prior_029_408_SA_20250311T000037_20250311T000728_PGD0_01.zip,13 exutorios dentro/intersectando a geometria do granulo.
719,LAKESP,029,255,SA,2025-03-05T12:39:11Z,2025-03-05T12:49:18Z,13.462037086486816,13,0.0,0.0,bounding_box,SWOT_L2_HR_LakeSP_Prior_029_255_SA_20250305T123911_20250305T124918_PGD0_01,https://archive.swot.podaac.earthdata.nasa.gov/podaac-swot-ops-cumulus-protected/SWOT_L2_HR_LakeSP_D/SWOT_L2_HR_LakeSP_Prior_029_255_SA_20250305T123911_20250305T124918_PGD0_01.zip,13 exutorios dentro/intersectando a geometria do granulo.
720,LAKESP,029,227,SA,2025-03-04T12:39:42Z,2025-03-04T12:48:28Z,11.284096717834473,13,0.0,0.0,bounding_box,SWOT_L2_HR_LakeSP_Prior_029_227_SA_20250304T123942_20250304T124828_PGD0_01,https://archive.swot.podaac.earthdata.nasa.gov/podaac-swot-ops-cumulus-protected/SWOT_L2_HR_LakeSP_D/SWOT_L2_HR_LakeSP_Prior_029_227_SA_20250304T123942_20250304T124828_PGD0_01.zip,13 exutorios dentro/intersectando a geometria do granulo.
721,LAKESP,029,158,SA,2025-03-02T01:37:17Z,2025-03-02T01:46:30Z,8.617265701293945,13,0.0,0.0,bounding_box,SWOT_L2_HR_LakeSP_Prior_029_158_SA_20250302T013717_20250302T014630_PGD0_01,https://archive.swot.podaac.earthdata.nasa.gov/podaac-swot-ops-cumulus-protected/SWOT_L2_HR_LakeSP_D/SWOT_L2_HR_LakeSP_Prior_029_158_SA_20250302T013717_20250302T014630_PGD0_01.zip,13 exutorios dentro/intersectando a geometria do granulo.
722,LAKESP,029,130,SA,2025-03-01T01:37:52Z,2025-03-01T01:45:19Z,11.507405281066895,13,0.0,0.0,bounding_box,SWOT_L2_HR_LakeSP_Prior_029_130_SA_20250301T013752_20250301T014519_PGD0_01,https://archive.swot.podaac.earthdata.nasa.gov/podaac-swot-ops-cumulus-protected/SWOT_L2_HR_LakeSP_D/SWOT_L2_HR_LakeSP_Prior_029_130_SA_20250301T013752_20250301T014519_PGD0_01.zip,13 exutorios dentro/intersectando a geometria do granulo.
723,LAKESP,028,533,SA,2025-02-22T14:17:04Z,2025-02-22T14:26:19Z,12.553017616271973,13,0.0,0.0,bounding_box,SWOT_L2_HR_LakeSP_Prior_028_533_SA_20250222T141704_20250222T142619_PGD0_01,https://archive.swot.podaac.earthdata.nasa.gov/podaac-swot-ops-cumulus-protected/SWOT_L2_HR_LakeSP_D/SWOT_L2_HR_LakeSP_Prior_028_533_SA_20250222T141704_20250222T142619_PGD0_01.zip,13 exutorios dentro/intersectando a geometria do granulo.
724,LAKESP,028,533,SA,2025-02-22T14:17:04Z,2025-02-22T14:26:19Z,12.55300521850586,13,0.0,0.0,bounding_box,SWOT_L2_HR_LakeSP_Prior_028_533_SA_20250222T141704_20250222T142619_PGD0_02,https://archive.swot.podaac.earthdata.nasa.gov/podaac-swot-ops-cumulus-protected/SWOT_L2_HR_LakeSP_D/SWOT_L2_HR_LakeSP_Prior_028_533_SA_20250222T141704_20250222T142619_PGD0_02.zip,13 exutorios dentro/intersectando a geometria do granulo.
725,LAKESP,028,505,SA,2025-02-21T14:17:38Z,2025-02-21T14:25:27Z,8.465365409851074,13,0.0,0.0,bounding_box,SWOT_L2_HR_LakeSP_Prior_028_505_SA_20250221T141738_20250221T142527_PGD0_01,https://archive.swot.podaac.earthdata.nasa.gov/podaac-swot-ops-cumulus-protected/SWOT_L2_HR_LakeSP_D/SWOT_L2_HR_LakeSP_Prior_028_505_SA_20250221T141738_20250221T142527_PGD0_01.zip,13 exutorios dentro/intersectando a geometria do granulo.
726,LAKESP,028,505,SA,2025-02-21T14:17:38Z,2025-02-21T14:25:27Z,8.46535587310791,13,0.0,0.0,bounding_box,SWOT_L2_HR_LakeSP_Prior_028_505_SA_20250221T141738_20250221T142527_PGD0_02,https://archive.swot.podaac.earthdata.nasa.gov/podaac-swot-ops-cumulus-protected/SWOT_L2_HR_LakeSP_D/SWOT_L2_HR_LakeSP_Prior_028_505_SA_20250221T141738_20250221T142527_PGD0_02.zip,13 exutorios dentro/intersectando a geometria do granulo.
727,LAKESP,028,436,SA,2025-02-19T03:14:48Z,2025-02-19T03:23:14Z,9.699910163879395,13,0.0,0.0,bounding_box,SWOT_L2_HR_LakeSP_Prior_028_436_SA_20250219T031448_20250219T032314_PGD0_01,https://archive.swot.podaac.earthdata.nasa.gov/podaac-swot-ops-cumulus-protected/SWOT_L2_HR_LakeSP_D/SWOT_L2_HR_LakeSP_Prior_028_436_SA_20250219T031448_20250219T032314_PGD0_01.zip,13 exutorios dentro/intersectando a geometria do granulo.
728,LAKESP,028,436,SA,2025-02-19T03:14:48Z,2025-02-19T03:23:14Z,9.699905395507812,13,0.0,0.0,bounding_box,SWOT_L2_HR_LakeSP_Prior_028_436_SA_20250219T031448_20250219T032314_PGD0_02,https://archive.swot.podaac.earthdata.nasa.gov/podaac-swot-ops-cumulus-protected/SWOT_L2_HR_LakeSP_D/SWOT_L2_HR_LakeSP_Prior_028_436_SA_20250219T031448_20250219T032314_PGD0_02.zip,13 exutorios dentro/intersectando a geometria do granulo.
729,LAKESP,028,436,SA,2025-02-19T03:14:48Z,2025-02-19T03:23:14Z,9.719523429870605,13,0.0,0.0,bounding_box,SWOT_L2_HR_LakeSP_Prior_028_436_SA_20250219T031448_20250219T032314_PGD0_03,https://archive.swot.podaac.earthdata.nasa.gov/podaac-swot-ops-cumulus-protected/SWOT_L2_HR_LakeSP_D/SWOT_L2_HR_LakeSP_Prior_028_436_SA_20250219T031448_20250219T032314_PGD0_03.zip,13 exutorios dentro/intersectando a geometria do granulo.
730,LAKESP,028,408,SA,2025-02-18T03:15:34Z,2025-02-18T03:22:24Z,4.173474311828613,13,0.0,0.0,bounding_box,SWOT_L2_HR_LakeSP_Prior_028_408_SA_20250218T031534_20250218T032224_PGD0_01,https://archive.swot.podaac.earthdata.nasa.gov/podaac-swot-ops-cumulus-protected/SWOT_L2_HR_LakeSP_D/SWOT_L2_HR_LakeSP_Prior_028_408_SA_20250218T031534_20250218T032224_PGD0_01.zip,13 exutorios dentro/intersectando a geometria do granulo.
731,LAKESP,028,408,SA,2025-02-18T03:15:34Z,2025-02-18T03:22:24Z,4.173468589782715,13,0.0,0.0,bounding_box,SWOT_L2_HR_LakeSP_Prior_028_408_SA_20250218T031534_20250218T032224_PGD0_02,https://archive.swot.podaac.earthdata.nasa.gov/podaac-swot-ops-cumulus-protected/SWOT_L2_HR_LakeSP_D/SWOT_L2_HR_LakeSP_Prior_028_408_SA_20250218T031534_20250218T032224_PGD0_02.zip,13 exutorios dentro/intersectando a geometria do granulo.
732,LAKESP,028,255,SA,2025-02-12T15:54:07Z,2025-02-12T16:04:14Z,13.799344062805176,13,0.0,0.0,bounding_box,SWOT_L2_HR_LakeSP_Prior_028_255_SA_20250212T155407_20250212T160414_PGD0_01,https://archive.swot.podaac.earthdata.nasa.gov/podaac-swot-ops-cumulus-protected/SWOT_L2_HR_LakeSP_D/SWOT_L2_HR_LakeSP_Prior_028_255_SA_20250212T155407_20250212T160414_PGD0_01.zip,13 exutorios dentro/intersectando a geometria do granulo.
733,LAKESP,028,227,SA,2025-02-11T15:54:37Z,2025-02-11T16:03:23Z,11.030279159545898,13,0.0,0.0,bounding_box,SWOT_L2_HR_LakeSP_Prior_028_227_SA_20250211T155437_20250211T160323_PGD0_01,https://archive.swot.podaac.earthdata.nasa.gov/podaac-swot-ops-cumulus-protected/SWOT_L2_HR_LakeSP_D/SWOT_L2_HR_LakeSP_Prior_028_227_SA_20250211T155437_20250211T160323_PGD0_01.zip,13 exutorios dentro/intersectando a geometria do granulo.
734,LAKESP,028,158,SA,2025-02-09T04:52:11Z,2025-02-09T05:01:24Z,8.394896507263184,13,0.0,0.0,bounding_box,SWOT_L2_HR_LakeSP_Prior_028_158_SA_20250209T045211_20250209T050124_PGD0_01,https://archive.swot.podaac.earthdata.nasa.gov/podaac-swot-ops-cumulus-protected/SWOT_L2_HR_LakeSP_D/SWOT_L2_HR_LakeSP_Prior_028_158_SA_20250209T045211_20250209T050124_PGD0_01.zip,13 exutorios dentro/intersectando a geometria do granulo.
735,LAKESP,028,130,SA,2025-02-08T04:52:45Z,2025-02-08T05:00:12Z,9.912878036499023,13,0.0,0.0,bounding_box,SWOT_L2_HR_LakeSP_Prior_028_130_SA_20250208T045245_20250208T050012_PGD0_01,https://archive.swot.podaac.earthdata.nasa.gov/podaac-swot-ops-cumulus-protected/SWOT_L2_HR_LakeSP_D/SWOT_L2_HR_LakeSP_Prior_028_130_SA_20250208T045245_20250208T050012_PGD0_01.zip,13 exutorios dentro/intersectando a geometria do granulo.
736,LAKESP,028,130,SA,2025-02-08T04:52:45Z,2025-02-08T05:00:12Z,10.3665771484375,13,0.0,0.0,bounding_box,SWOT_L2_HR_LakeSP_Prior_028_130_SA_20250208T045245_20250208T050012_PGD0_02,https://archive.swot.podaac.earthdata.nasa.gov/podaac-swot-ops-cumulus-protected/SWOT_L2_HR_LakeSP_D/SWOT_L2_HR_LakeSP_Prior_028_130_SA_20250208T045245_20250208T050012_PGD0_02.zip,13 exutorios dentro/intersectando a geometria do granulo.
737,LAKESP,027,533,SA,2025-02-01T17:31:58Z,2025-02-01T17:41:14Z,12.226583480834961,13,0.0,0.0,bounding_box,SWOT_L2_HR_LakeSP_Prior_027_533_SA_20250201T173158_20250201T174114_PGD0_01,https://archive.swot.podaac.earthdata.nasa.gov/podaac-swot-ops-cumulus-protected/SWOT_L2_HR_LakeSP_D/SWOT_L2_HR_LakeSP_Prior_027_533_SA_20250201T173158_20250201T174114_PGD0_01.zip,13 exutorios dentro/intersectando a geometria do granulo.
738,LAKESP,027,505,SA,2025-01-31T17:32:32Z,2025-01-31T17:40:22Z,7.261618614196777,13,0.0,0.0,bounding_box,SWOT_L2_HR_LakeSP_Prior_027_505_SA_20250131T173232_20250131T174022_PGD0_01,https://archive.swot.podaac.earthdata.nasa.gov/podaac-swot-ops-cumulus-protected/SWOT_L2_HR_LakeSP_D/SWOT_L2_HR_LakeSP_Prior_027_505_SA_20250131T173232_20250131T174022_PGD0_01.zip,13 exutorios dentro/intersectando a geometria do granulo.
739,LAKESP,027,436,SA,2025-01-29T06:29:43Z,2025-01-29T06:38:09Z,9.235352516174316,13,0.0,0.0,bounding_box,SWOT_L2_HR_LakeSP_Prior_027_436_SA_20250129T062943_20250129T063809_PGD0_01,https://archive.swot.podaac.earthdata.nasa.gov/podaac-swot-ops-cumulus-protected/SWOT_L2_HR_LakeSP_D/SWOT_L2_HR_LakeSP_Prior_027_436_SA_20250129T062943_20250129T063809_PGD0_01.zip,13 exutorios dentro/intersectando a geometria do granulo.
740,LAKESP,027,408,SA,2025-01-28T06:30:29Z,2025-01-28T06:37:20Z,4.020160675048828,13,0.0,0.0,bounding_box,SWOT_L2_HR_LakeSP_Prior_027_408_SA_20250128T063029_20250128T063720_PGD0_01,https://archive.swot.podaac.earthdata.nasa.gov/podaac-swot-ops-cumulus-protected/SWOT_L2_HR_LakeSP_D/SWOT_L2_HR_LakeSP_Prior_027_408_SA_20250128T063029_20250128T063720_PGD0_01.zip,13 exutorios dentro/intersectando a geometria do granulo.
741,LAKESP,027,255,SA,2025-01-22T19:09:03Z,2025-01-22T19:19:10Z,13.188570022583008,13,0.0,0.0,bounding_box,SWOT_L2_HR_LakeSP_Prior_027_255_SA_20250122T190903_20250122T191910_PGD0_01,https://archive.swot.podaac.earthdata.nasa.gov/podaac-swot-ops-cumulus-protected/SWOT_L2_HR_LakeSP_D/SWOT_L2_HR_LakeSP_Prior_027_255_SA_20250122T190903_20250122T191910_PGD0_01.zip,13 exutorios dentro/intersectando a geometria do granulo.
742,LAKESP,027,227,SA,2025-01-21T19:09:33Z,2025-01-21T19:18:20Z,10.498263359069824,13,0.0,0.0,bounding_box,SWOT_L2_HR_LakeSP_Prior_027_227_SA_20250121T190933_20250121T191820_PGD0_01,https://archive.swot.podaac.earthdata.nasa.gov/podaac-swot-ops-cumulus-protected/SWOT_L2_HR_LakeSP_D/SWOT_L2_HR_LakeSP_Prior_027_227_SA_20250121T190933_20250121T191820_PGD0_01.zip,13 exutorios dentro/intersectando a geometria do granulo.
743,LAKESP,027,158,SA,2025-01-19T08:07:08Z,2025-01-19T08:16:21Z,6.964565277099609,13,0.0,0.0,bounding_box,SWOT_L2_HR_LakeSP_Prior_027_158_SA_20250119T080708_20250119T081621_PGD0_01,https://archive.swot.podaac.earthdata.nasa.gov/podaac-swot-ops-cumulus-protected/SWOT_L2_HR_LakeSP_D/SWOT_L2_HR_LakeSP_Prior_027_158_SA_20250119T080708_20250119T081621_PGD0_01.zip,13 exutorios dentro/intersectando a geometria do granulo.
744,LAKESP,027,130,SA,2025-01-18T08:07:43Z,2025-01-18T08:15:10Z,10.203900337219238,13,0.0,0.0,bounding_box,SWOT_L2_HR_LakeSP_Prior_027_130_SA_20250118T080743_20250118T081510_PGD0_01,https://archive.swot.podaac.earthdata.nasa.gov/podaac-swot-ops-cumulus-protected/SWOT_L2_HR_LakeSP_D/SWOT_L2_HR_LakeSP_Prior_027_130_SA_20250118T080743_20250118T081510_PGD0_01.zip,13 exutorios dentro/intersectando a geometria do granulo.
745,LAKESP,026,533,SA,2025-01-11T20:46:53Z,2025-01-11T20:56:08Z,12.046317100524902,13,0.0,0.0,bounding_box,SWOT_L2_HR_LakeSP_Prior_026_533_SA_20250111T204653_20250111T205608_PGD0_01,https://archive.swot.podaac.earthdata.nasa.gov/podaac-swot-ops-cumulus-protected/SWOT_L2_HR_LakeSP_D/SWOT_L2_HR_LakeSP_Prior_026_533_SA_20250111T204653_20250111T205608_PGD0_01.zip,13 exutorios dentro/intersectando a geometria do granulo.
746,LAKESP,026,505,SA,2025-01-10T20:47:27Z,2025-01-10T20:55:17Z,6.257445335388184,13,0.0,0.0,bounding_box,SWOT_L2_HR_LakeSP_Prior_026_505_SA_20250110T204727_20250110T205517_PGD0_01,https://archive.swot.podaac.earthdata.nasa.gov/podaac-swot-ops-cumulus-protected/SWOT_L2_HR_LakeSP_D/SWOT_L2_HR_LakeSP_Prior_026_505_SA_20250110T204727_20250110T205517_PGD0_01.zip,13 exutorios dentro/intersectando a geometria do granulo.
747,LAKESP,026,436,SA,2025-01-08T09:44:38Z,2025-01-08T09:53:04Z,8.578450202941895,13,0.0,0.0,bounding_box,SWOT_L2_HR_LakeSP_Prior_026_436_SA_20250108T094438_20250108T095304_PGD0_01,https://archive.swot.podaac.earthdata.nasa.gov/podaac-swot-ops-cumulus-protected/SWOT_L2_HR_LakeSP_D/SWOT_L2_HR_LakeSP_Prior_026_436_SA_20250108T094438_20250108T095304_PGD0_01.zip,13 exutorios dentro/intersectando a geometria do granulo.
748,LAKESP,026,408,SA,2025-01-07T09:45:24Z,2025-01-07T09:52:15Z,4.085576057434082,13,0.0,0.0,bounding_box,SWOT_L2_HR_LakeSP_Prior_026_408_SA_20250107T094524_20250107T095215_PGD0_01,https://archive.swot.podaac.earthdata.nasa.gov/podaac-swot-ops-cumulus-protected/SWOT_L2_HR_LakeSP_D/SWOT_L2_HR_LakeSP_Prior_026_408_SA_20250107T094524_20250107T095215_PGD0_01.zip,13 exutorios dentro/intersectando a geometria do granulo.
749,LAKESP,026,255,SA,2025-01-01T22:23:58Z,2025-01-01T22:34:06Z,12.787766456604004,13,0.0,0.0,bounding_box,SWOT_L2_HR_LakeSP_Prior_026_255_SA_20250101T222358_20250101T223406_PGD0_01,https://archive.swot.podaac.earthdata.nasa.gov/podaac-swot-ops-cumulus-protected/SWOT_L2_HR_LakeSP_D/SWOT_L2_HR_LakeSP_Prior_026_255_SA_20250101T222358_20250101T223406_PGD0_01.zip,13 exutorios dentro/intersectando a geometria do granulo.
750,LAKESP,026,227,SA,2024-12-31T22:24:29Z,2024-12-31T22:33:15Z,9.4912691116333,13,0.0,0.0,bounding_box,SWOT_L2_HR_LakeSP_Prior_026_227_SA_20241231T222429_20241231T223315_PGD0_01,https://archive.swot.podaac.earthdata.nasa.gov/podaac-swot-ops-cumulus-protected/SWOT_L2_HR_LakeSP_D/SWOT_L2_HR_LakeSP_Prior_026_227_SA_20241231T222429_20241231T223315_PGD0_01.zip,13 exutorios dentro/intersectando a geometria do granulo.
751,LAKESP,026,158,SA,2024-12-29T11:22:04Z,2024-12-29T11:31:17Z,8.1786470413208,13,0.0,0.0,bounding_box,SWOT_L2_HR_LakeSP_Prior_026_158_SA_20241229T112204_20241229T113117_PGD0_01,https://archive.swot.podaac.earthdata.nasa.gov/podaac-swot-ops-cumulus-protected/SWOT_L2_HR_LakeSP_D/SWOT_L2_HR_LakeSP_Prior_026_158_SA_20241229T112204_20241229T113117_PGD0_01.zip,13 exutorios dentro/intersectando a geometria do granulo.
752,LAKESP,026,130,SA,2024-12-28T11:22:39Z,2024-12-28T11:30:06Z,10.691676139831543,13,0.0,0.0,bounding_box,SWOT_L2_HR_LakeSP_Prior_026_130_SA_20241228T112239_20241228T113006_PGD0_01,https://archive.swot.podaac.earthdata.nasa.gov/podaac-swot-ops-cumulus-protected/SWOT_L2_HR_LakeSP_D/SWOT_L2_HR_LakeSP_Prior_026_130_SA_20241228T112239_20241228T113006_PGD0_01.zip,13 exutorios dentro/intersectando a geometria do granulo.
753,LAKESP,025,533,SA,2024-12-22T00:01:49Z,2024-12-22T00:11:05Z,11.061256408691406,13,0.0,0.0,bounding_box,SWOT_L2_HR_LakeSP_Prior_025_533_SA_20241222T000149_20241222T001105_PGD0_01,https://archive.swot.podaac.earthdata.nasa.gov/podaac-swot-ops-cumulus-protected/SWOT_L2_HR_LakeSP_D/SWOT_L2_HR_LakeSP_Prior_025_533_SA_20241222T000149_20241222T001105_PGD0_01.zip,13 exutorios dentro/intersectando a geometria do granulo.
754,LAKESP,025,505,SA,2024-12-21T00:02:35Z,2024-12-21T00:10:13Z,5.092574119567871,13,0.0,0.0,bounding_box,SWOT_L2_HR_LakeSP_Prior_025_505_SA_20241221T000235_20241221T001013_PGD0_01,https://archive.swot.podaac.earthdata.nasa.gov/podaac-swot-ops-cumulus-protected/SWOT_L2_HR_LakeSP_D/SWOT_L2_HR_LakeSP_Prior_025_505_SA_20241221T000235_20241221T001013_PGD0_01.zip,13 exutorios dentro/intersectando a geometria do granulo.
755,LAKESP,025,436,SA,2024-12-18T12:59:34Z,2024-12-18T13:08:00Z,10.458834648132324,13,0.0,0.0,bounding_box,SWOT_L2_HR_LakeSP_Prior_025_436_SA_20241218T125934_20241218T130800_PGD0_01,https://archive.swot.podaac.earthdata.nasa.gov/podaac-swot-ops-cumulus-protected/SWOT_L2_HR_LakeSP_D/SWOT_L2_HR_LakeSP_Prior_025_436_SA_20241218T125934_20241218T130800_PGD0_01.zip,13 exutorios dentro/intersectando a geometria do granulo.
756,LAKESP,025,408,SA,2024-12-17T13:00:20Z,2024-12-17T13:07:11Z,4.491941452026367,13,0.0,0.0,bounding_box,SWOT_L2_HR_LakeSP_Prior_025_408_SA_20241217T130020_20241217T130711_PGD0_01,https://archive.swot.podaac.earthdata.nasa.gov/podaac-swot-ops-cumulus-protected/SWOT_L2_HR_LakeSP_D/SWOT_L2_HR_LakeSP_Prior_025_408_SA_20241217T130020_20241217T130711_PGD0_01.zip,13 exutorios dentro/intersectando a geometria do granulo.
757,LAKESP,025,255,SA,2024-12-12T01:38:54Z,2024-12-12T01:49:01Z,12.493880271911621,13,0.0,0.0,bounding_box,SWOT_L2_HR_LakeSP_Prior_025_255_SA_20241212T013854_20241212T014901_PGD0_01,https://archive.swot.podaac.earthdata.nasa.gov/podaac-swot-ops-cumulus-protected/SWOT_L2_HR_LakeSP_D/SWOT_L2_HR_LakeSP_Prior_025_255_SA_20241212T013854_20241212T014901_PGD0_01.zip,13 exutorios dentro/intersectando a geometria do granulo.
758,LAKESP,025,227,SA,2024-12-11T01:39:24Z,2024-12-11T01:48:10Z,9.30875301361084,13,0.0,0.0,bounding_box,SWOT_L2_HR_LakeSP_Prior_025_227_SA_20241211T013924_20241211T014810_PGD0_01,https://archive.swot.podaac.earthdata.nasa.gov/podaac-swot-ops-cumulus-protected/SWOT_L2_HR_LakeSP_D/SWOT_L2_HR_LakeSP_Prior_025_227_SA_20241211T013924_20241211T014810_PGD0_01.zip,13 exutorios dentro/intersectando a geometria do granulo.
759,LAKESP,025,158,SA,2024-12-08T14:36:59Z,2024-12-08T14:46:12Z,8.100776672363281,13,0.0,0.0,bounding_box,SWOT_L2_HR_LakeSP_Prior_025_158_SA_20241208T143659_20241208T144612_PGD0_01,https://archive.swot.podaac.earthdata.nasa.gov/podaac-swot-ops-cumulus-protected/SWOT_L2_HR_LakeSP_D/SWOT_L2_HR_LakeSP_Prior_025_158_SA_20241208T143659_20241208T144612_PGD0_01.zip,13 exutorios dentro/intersectando a geometria do granulo.
760,LAKESP,025,130,SA,2024-12-07T14:37:34Z,2024-12-07T14:45:01Z,11.713321685791016,13,0.0,0.0,bounding_box,SWOT_L2_HR_LakeSP_Prior_025_130_SA_20241207T143734_20241207T144501_PGD0_01,https://archive.swot.podaac.earthdata.nasa.gov/podaac-swot-ops-cumulus-protected/SWOT_L2_HR_LakeSP_D/SWOT_L2_HR_LakeSP_Prior_025_130_SA_20241207T143734_20241207T144501_PGD0_01.zip,13 exutorios dentro/intersectando a geometria do granulo.
761,LAKESP,024,533,SA,2024-12-01T03:16:46Z,2024-12-01T03:26:01Z,10.972253799438477,13,0.0,0.0,bounding_box,SWOT_L2_HR_LakeSP_Prior_024_533_SA_20241201T031646_20241201T032601_PGD0_01,https://archive.swot.podaac.earthdata.nasa.gov/podaac-swot-ops-cumulus-protected/SWOT_L2_HR_LakeSP_D/SWOT_L2_HR_LakeSP_Prior_024_533_SA_20241201T031646_20241201T032601_PGD0_01.zip,13 exutorios dentro/intersectando a geometria do granulo.
762,LAKESP,024,505,SA,2024-11-30T03:17:20Z,2024-11-30T03:25:09Z,5.22286319732666,13,0.0,0.0,bounding_box,SWOT_L2_HR_LakeSP_Prior_024_505_SA_20241130T031720_20241130T032509_PGD0_01,https://archive.swot.podaac.earthdata.nasa.gov/podaac-swot-ops-cumulus-protected/SWOT_L2_HR_LakeSP_D/SWOT_L2_HR_LakeSP_Prior_024_505_SA_20241130T031720_20241130T032509_PGD0_01.zip,13 exutorios dentro/intersectando a geometria do granulo.
763,LAKESP,024,436,SA,2024-11-27T16:14:30Z,2024-11-27T16:22:56Z,10.495160102844238,13,0.0,0.0,bounding_box,SWOT_L2_HR_LakeSP_Prior_024_436_SA_20241127T161430_20241127T162256_PGD0_01,https://archive.swot.podaac.earthdata.nasa.gov/podaac-swot-ops-cumulus-protected/SWOT_L2_HR_LakeSP_D/SWOT_L2_HR_LakeSP_Prior_024_436_SA_20241127T161430_20241127T162256_PGD0_01.zip,13 exutorios dentro/intersectando a geometria do granulo.
764,LAKESP,024,408,SA,2024-11-26T16:15:17Z,2024-11-26T16:22:07Z,4.495429039001465,13,0.0,0.0,bounding_box,SWOT_L2_HR_LakeSP_Prior_024_408_SA_20241126T161517_20241126T162207_PGD0_01,https://archive.swot.podaac.earthdata.nasa.gov/podaac-swot-ops-cumulus-protected/SWOT_L2_HR_LakeSP_D/SWOT_L2_HR_LakeSP_Prior_024_408_SA_20241126T161517_20241126T162207_PGD0_01.zip,13 exutorios dentro/intersectando a geometria do granulo.
765,LAKESP,024,255,SA,2024-11-21T04:53:50Z,2024-11-21T05:03:57Z,12.94658088684082,13,0.0,0.0,bounding_box,SWOT_L2_HR_LakeSP_Prior_024_255_SA_20241121T045350_20241121T050357_PGD0_01,https://archive.swot.podaac.earthdata.nasa.gov/podaac-swot-ops-cumulus-protected/SWOT_L2_HR_LakeSP_D/SWOT_L2_HR_LakeSP_Prior_024_255_SA_20241121T045350_20241121T050357_PGD0_01.zip,13 exutorios dentro/intersectando a geometria do granulo.
766,LAKESP,024,227,SA,2024-11-20T04:54:20Z,2024-11-20T05:03:06Z,8.462165832519531,13,0.0,0.0,bounding_box,SWOT_L2_HR_LakeSP_Prior_024_227_SA_20241120T045420_20241120T050306_PGD0_01,https://archive.swot.podaac.earthdata.nasa.gov/podaac-swot-ops-cumulus-protected/SWOT_L2_HR_LakeSP_D/SWOT_L2_HR_LakeSP_Prior_024_227_SA_20241120T045420_20241120T050306_PGD0_01.zip,13 exutorios dentro/intersectando a geometria do granulo.
767,LAKESP,024,158,SA,2024-11-17T17:51:54Z,2024-11-17T18:01:08Z,8.055194854736328,13,0.0,0.0,bounding_box,SWOT_L2_HR_LakeSP_Prior_024_158_SA_20241117T175154_20241117T180108_PGD0_01,https://archive.swot.podaac.earthdata.nasa.gov/podaac-swot-ops-cumulus-protected/SWOT_L2_HR_LakeSP_D/SWOT_L2_HR_LakeSP_Prior_024_158_SA_20241117T175154_20241117T180108_PGD0_01.zip,13 exutorios dentro/intersectando a geometria do granulo.
768,LAKESP,024,130,SA,2024-11-16T17:52:29Z,2024-11-16T17:59:56Z,11.592851638793945,13,0.0,0.0,bounding_box,SWOT_L2_HR_LakeSP_Prior_024_130_SA_20241116T175229_20241116T175956_PGD0_01,https://archive.swot.podaac.earthdata.nasa.gov/podaac-swot-ops-cumulus-protected/SWOT_L2_HR_LakeSP_D/SWOT_L2_HR_LakeSP_Prior_024_130_SA_20241116T175229_20241116T175956_PGD0_01.zip,13 exutorios dentro/intersectando a geometria do granulo.
769,LAKESP,023,533,SA,2024-11-10T06:31:41Z,2024-11-10T06:40:57Z,11.13542652130127,13,0.0,0.0,bounding_box,SWOT_L2_HR_LakeSP_Prior_023_533_SA_20241110T063141_20241110T064057_PGD0_01,https://archive.swot.podaac.earthdata.nasa.gov/podaac-swot-ops-cumulus-protected/SWOT_L2_HR_LakeSP_D/SWOT_L2_HR_LakeSP_Prior_023_533_SA_20241110T063141_20241110T064057_PGD0_01.zip,13 exutorios dentro/intersectando a geometria do granulo.
770,LAKESP,023,505,SA,2024-11-09T06:32:15Z,2024-11-09T06:40:04Z,5.531028747558594,13,0.0,0.0,bounding_box,SWOT_L2_HR_LakeSP_Prior_023_505_SA_20241109T063215_20241109T064004_PGD0_01,https://archive.swot.podaac.earthdata.nasa.gov/podaac-swot-ops-cumulus-protected/SWOT_L2_HR_LakeSP_D/SWOT_L2_HR_LakeSP_Prior_023_505_SA_20241109T063215_20241109T064004_PGD0_01.zip,13 exutorios dentro/intersectando a geometria do granulo.
771,LAKESP,023,436,SA,2024-11-06T19:29:25Z,2024-11-06T19:37:51Z,9.836331367492676,13,0.0,0.0,bounding_box,SWOT_L2_HR_LakeSP_Prior_023_436_SA_20241106T192925_20241106T193751_PGD0_01,https://archive.swot.podaac.earthdata.nasa.gov/podaac-swot-ops-cumulus-protected/SWOT_L2_HR_LakeSP_D/SWOT_L2_HR_LakeSP_Prior_023_436_SA_20241106T192925_20241106T193751_PGD0_01.zip,13 exutorios dentro/intersectando a geometria do granulo.
772,LAKESP,023,436,SA,2024-11-06T19:29:25Z,2024-11-06T19:37:51Z,9.836346626281738,13,0.0,0.0,bounding_box,SWOT_L2_HR_LakeSP_Prior_023_436_SA_20241106T192925_20241106T193751_PGD0_02,https://archive.swot.podaac.earthdata.nasa.gov/podaac-swot-ops-cumulus-protected/SWOT_L2_HR_LakeSP_D/SWOT_L2_HR_LakeSP_Prior_023_436_SA_20241106T192925_20241106T193751_PGD0_02.zip,13 exutorios dentro/intersectando a geometria do granulo.
773,LAKESP,023,408,SA,2024-11-05T19:30:11Z,2024-11-05T19:37:02Z,4.257509231567383,13,0.0,0.0,bounding_box,SWOT_L2_HR_LakeSP_Prior_023_408_SA_20241105T193011_20241105T193702_PGD0_01,https://archive.swot.podaac.earthdata.nasa.gov/podaac-swot-ops-cumulus-protected/SWOT_L2_HR_LakeSP_D/SWOT_L2_HR_LakeSP_Prior_023_408_SA_20241105T193011_20241105T193702_PGD0_01.zip,13 exutorios dentro/intersectando a geometria do granulo.
774,LAKESP,023,255,SA,2024-10-31T08:08:44Z,2024-10-31T08:18:51Z,12.584221839904785,13,0.0,0.0,bounding_box,SWOT_L2_HR_LakeSP_Prior_023_255_SA_20241031T080844_20241031T081851_PGD0_01,https://archive.swot.podaac.earthdata.nasa.gov/podaac-swot-ops-cumulus-protected/SWOT_L2_HR_LakeSP_D/SWOT_L2_HR_LakeSP_Prior_023_255_SA_20241031T080844_20241031T081851_PGD0_01.zip,13 exutorios dentro/intersectando a geometria do granulo.
775,LAKESP,023,227,SA,2024-10-30T08:09:15Z,2024-10-30T08:18:01Z,7.033020973205566,13,0.0,0.0,bounding_box,SWOT_L2_HR_LakeSP_Prior_023_227_SA_20241030T080915_20241030T081801_PGD0_01,https://archive.swot.podaac.earthdata.nasa.gov/podaac-swot-ops-cumulus-protected/SWOT_L2_HR_LakeSP_D/SWOT_L2_HR_LakeSP_Prior_023_227_SA_20241030T080915_20241030T081801_PGD0_01.zip,13 exutorios dentro/intersectando a geometria do granulo.
776,LAKESP,023,158,SA,2024-10-27T21:06:50Z,2024-10-27T21:16:03Z,6.934965133666992,13,0.0,0.0,bounding_box,SWOT_L2_HR_LakeSP_Prior_023_158_SA_20241027T210650_20241027T211603_PGD0_01,https://archive.swot.podaac.earthdata.nasa.gov/podaac-swot-ops-cumulus-protected/SWOT_L2_HR_LakeSP_D/SWOT_L2_HR_LakeSP_Prior_023_158_SA_20241027T210650_20241027T211603_PGD0_01.zip,13 exutorios dentro/intersectando a geometria do granulo.
777,LAKESP,023,130,SA,2024-10-26T21:07:25Z,2024-10-26T21:14:52Z,10.76463508605957,13,0.0,0.0,bounding_box,SWOT_L2_HR_LakeSP_Prior_023_130_SA_20241026T210725_20241026T211452_PGD0_01,https://archive.swot.podaac.earthdata.nasa.gov/podaac-swot-ops-cumulus-protected/SWOT_L2_HR_LakeSP_D/SWOT_L2_HR_LakeSP_Prior_023_130_SA_20241026T210725_20241026T211452_PGD0_01.zip,13 exutorios dentro/intersectando a geometria do granulo.
778,LAKESP,022,533,SA,2024-10-20T09:46:37Z,2024-10-20T09:55:53Z,11.38497543334961,13,0.0,0.0,bounding_box,SWOT_L2_HR_LakeSP_Prior_022_533_SA_20241020T094637_20241020T095553_PGD0_01,https://archive.swot.podaac.earthdata.nasa.gov/podaac-swot-ops-cumulus-protected/SWOT_L2_HR_LakeSP_D/SWOT_L2_HR_LakeSP_Prior_022_533_SA_20241020T094637_20241020T095553_PGD0_01.zip,13 exutorios dentro/intersectando a geometria do granulo.
779,LAKESP,022,505,SA,2024-10-19T09:47:11Z,2024-10-19T09:55:00Z,5.3962554931640625,13,0.0,0.0,bounding_box,SWOT_L2_HR_LakeSP_Prior_022_505_SA_20241019T094711_20241019T095500_PGD0_01,https://archive.swot.podaac.earthdata.nasa.gov/podaac-swot-ops-cumulus-protected/SWOT_L2_HR_LakeSP_D/SWOT_L2_HR_LakeSP_Prior_022_505_SA_20241019T094711_20241019T095500_PGD0_01.zip,13 exutorios dentro/intersectando a geometria do granulo.
780,LAKESP,022,408,SA,2024-10-15T22:45:07Z,2024-10-15T22:51:57Z,3.8196630477905273,13,0.0,0.0,bounding_box,SWOT_L2_HR_LakeSP_Prior_022_408_SA_20241015T224507_20241015T225157_PGD0_01,https://archive.swot.podaac.earthdata.nasa.gov/podaac-swot-ops-cumulus-protected/SWOT_L2_HR_LakeSP_D/SWOT_L2_HR_LakeSP_Prior_022_408_SA_20241015T224507_20241015T225157_PGD0_01.zip,13 exutorios dentro/intersectando a geometria do granulo.
781,LAKESP,022,255,SA,2024-10-10T11:23:41Z,2024-10-10T11:33:48Z,13.61935043334961,13,0.0,0.0,bounding_box,SWOT_L2_HR_LakeSP_Prior_022_255_SA_20241010T112341_20241010T113348_PGD0_01,https://archive.swot.podaac.earthdata.nasa.gov/podaac-swot-ops-cumulus-protected/SWOT_L2_HR_LakeSP_D/SWOT_L2_HR_LakeSP_Prior_022_255_SA_20241010T112341_20241010T113348_PGD0_01.zip,13 exutorios dentro/intersectando a geometria do granulo.
782,LAKESP,022,227,SA,2024-10-09T11:24:11Z,2024-10-09T11:32:57Z,10.235116958618164,13,0.0,0.0,bounding_box,SWOT_L2_HR_LakeSP_Prior_022_227_SA_20241009T112411_20241009T113257_PGD0_01,https://archive.swot.podaac.earthdata.nasa.gov/podaac-swot-ops-cumulus-protected/SWOT_L2_HR_LakeSP_D/SWOT_L2_HR_LakeSP_Prior_022_227_SA_20241009T112411_20241009T113257_PGD0_01.zip,13 exutorios dentro/intersectando a geometria do granulo.
783,LAKESP,022,158,SA,2024-10-07T00:21:46Z,2024-10-07T00:31:00Z,6.852806091308594,13,0.0,0.0,bounding_box,SWOT_L2_HR_LakeSP_Prior_022_158_SA_20241007T002146_20241007T003100_PGD0_01,https://archive.swot.podaac.earthdata.nasa.gov/podaac-swot-ops-cumulus-protected/SWOT_L2_HR_LakeSP_D/SWOT_L2_HR_LakeSP_Prior_022_158_SA_20241007T002146_20241007T003100_PGD0_01.zip,13 exutorios dentro/intersectando a geometria do granulo.
784,LAKESP,022,130,SA,2024-10-06T00:22:21Z,2024-10-06T00:29:48Z,10.055657386779785,13,0.0,0.0,bounding_box,SWOT_L2_HR_LakeSP_Prior_022_130_SA_20241006T002221_20241006T002948_PGD0_01,https://archive.swot.podaac.earthdata.nasa.gov/podaac-swot-ops-cumulus-protected/SWOT_L2_HR_LakeSP_D/SWOT_L2_HR_LakeSP_Prior_022_130_SA_20241006T002221_20241006T002948_PGD0_01.zip,13 exutorios dentro/intersectando a geometria do granulo.
785,LAKESP,021,533,SA,2024-09-29T13:01:33Z,2024-09-29T13:10:49Z,13.032735824584961,13,0.0,0.0,bounding_box,SWOT_L2_HR_LakeSP_Prior_021_533_SA_20240929T130133_20240929T131049_PGD0_01,https://archive.swot.podaac.earthdata.nasa.gov/podaac-swot-ops-cumulus-protected/SWOT_L2_HR_LakeSP_D/SWOT_L2_HR_LakeSP_Prior_021_533_SA_20240929T130133_20240929T131049_PGD0_01.zip,13 exutorios dentro/intersectando a geometria do granulo.
786,LAKESP,021,505,SA,2024-09-28T13:02:07Z,2024-09-28T13:09:56Z,6.621298789978027,13,0.0,0.0,bounding_box,SWOT_L2_HR_LakeSP_Prior_021_505_SA_20240928T130207_20240928T130956_PGD0_01,https://archive.swot.podaac.earthdata.nasa.gov/podaac-swot-ops-cumulus-protected/SWOT_L2_HR_LakeSP_D/SWOT_L2_HR_LakeSP_Prior_021_505_SA_20240928T130207_20240928T130956_PGD0_01.zip,13 exutorios dentro/intersectando a geometria do granulo.
787,LAKESP,021,436,SA,2024-09-26T01:59:17Z,2024-09-26T02:07:43Z,8.618501663208008,13,0.0,0.0,bounding_box,SWOT_L2_HR_LakeSP_Prior_021_436_SA_20240926T015917_20240926T020743_PGD0_01,https://archive.swot.podaac.earthdata.nasa.gov/podaac-swot-ops-cumulus-protected/SWOT_L2_HR_LakeSP_D/SWOT_L2_HR_LakeSP_Prior_021_436_SA_20240926T015917_20240926T020743_PGD0_01.zip,13 exutorios dentro/intersectando a geometria do granulo.
788,LAKESP,021,408,SA,2024-09-25T02:00:03Z,2024-09-25T02:06:53Z,3.78464412689209,13,0.0,0.0,bounding_box,SWOT_L2_HR_LakeSP_Prior_021_408_SA_20240925T020003_20240925T020653_PGD0_01,https://archive.swot.podaac.earthdata.nasa.gov/podaac-swot-ops-cumulus-protected/SWOT_L2_HR_LakeSP_D/SWOT_L2_HR_LakeSP_Prior_021_408_SA_20240925T020003_20240925T020653_PGD0_01.zip,13 exutorios dentro/intersectando a geometria do granulo.
789,LAKESP,021,255,SA,2024-09-19T14:38:35Z,2024-09-19T14:48:42Z,15.151810646057129,13,0.0,0.0,bounding_box,SWOT_L2_HR_LakeSP_Prior_021_255_SA_20240919T143835_20240919T144842_PGD0_01,https://archive.swot.podaac.earthdata.nasa.gov/podaac-swot-ops-cumulus-protected/SWOT_L2_HR_LakeSP_D/SWOT_L2_HR_LakeSP_Prior_021_255_SA_20240919T143835_20240919T144842_PGD0_01.zip,13 exutorios dentro/intersectando a geometria do granulo.
790,LAKESP,021,227,SA,2024-09-18T14:39:05Z,2024-09-18T14:47:51Z,11.603708267211914,13,0.0,0.0,bounding_box,SWOT_L2_HR_LakeSP_Prior_021_227_SA_20240918T143905_20240918T144751_PGD0_01,https://archive.swot.podaac.earthdata.nasa.gov/podaac-swot-ops-cumulus-protected/SWOT_L2_HR_LakeSP_D/SWOT_L2_HR_LakeSP_Prior_021_227_SA_20240918T143905_20240918T144751_PGD0_01.zip,13 exutorios dentro/intersectando a geometria do granulo.
791,LAKESP,021,158,SA,2024-09-16T03:36:39Z,2024-09-16T03:45:52Z,6.306646347045898,13,0.0,0.0,bounding_box,SWOT_L2_HR_LakeSP_Prior_021_158_SA_20240916T033639_20240916T034552_PGD0_01,https://archive.swot.podaac.earthdata.nasa.gov/podaac-swot-ops-cumulus-protected/SWOT_L2_HR_LakeSP_D/SWOT_L2_HR_LakeSP_Prior_021_158_SA_20240916T033639_20240916T034552_PGD0_01.zip,13 exutorios dentro/intersectando a geometria do granulo.
792,LAKESP,021,130,SA,2024-09-15T03:37:13Z,2024-09-15T03:44:40Z,10.223901748657227,13,0.0,0.0,bounding_box,SWOT_L2_HR_LakeSP_Prior_021_130_SA_20240915T033713_20240915T034440_PGD0_01,https://archive.swot.podaac.earthdata.nasa.gov/podaac-swot-ops-cumulus-protected/SWOT_L2_HR_LakeSP_D/SWOT_L2_HR_LakeSP_Prior_021_130_SA_20240915T033713_20240915T034440_PGD0_01.zip,13 exutorios dentro/intersectando a geometria do granulo.
793,LAKESP,020,533,SA,2024-09-08T16:16:25Z,2024-09-08T16:25:41Z,12.940202713012695,13,0.0,0.0,bounding_box,SWOT_L2_HR_LakeSP_Prior_020_533_SA_20240908T161625_20240908T162541_PGD0_01,https://archive.swot.podaac.earthdata.nasa.gov/podaac-swot-ops-cumulus-protected/SWOT_L2_HR_LakeSP_D/SWOT_L2_HR_LakeSP_Prior_020_533_SA_20240908T161625_20240908T162541_PGD0_01.zip,13 exutorios dentro/intersectando a geometria do granulo.
794,LAKESP,020,505,SA,2024-09-07T16:16:59Z,2024-09-07T16:24:49Z,7.00931453704834,13,0.0,0.0,bounding_box,SWOT_L2_HR_LakeSP_Prior_020_505_SA_20240907T161659_20240907T162449_PGD0_01,https://archive.swot.podaac.earthdata.nasa.gov/podaac-swot-ops-cumulus-protected/SWOT_L2_HR_LakeSP_D/SWOT_L2_HR_LakeSP_Prior_020_505_SA_20240907T161659_20240907T162449_PGD0_01.zip,13 exutorios dentro/intersectando a geometria do granulo.
795,LAKESP,020,436,SA,2024-09-05T05:14:09Z,2024-09-05T05:22:35Z,8.588521003723145,13,0.0,0.0,bounding_box,SWOT_L2_HR_LakeSP_Prior_020_436_SA_20240905T051409_20240905T052235_PGD0_01,https://archive.swot.podaac.earthdata.nasa.gov/podaac-swot-ops-cumulus-protected/SWOT_L2_HR_LakeSP_D/SWOT_L2_HR_LakeSP_Prior_020_436_SA_20240905T051409_20240905T052235_PGD0_01.zip,13 exutorios dentro/intersectando a geometria do granulo.
796,LAKESP,020,408,SA,2024-09-04T05:14:56Z,2024-09-04T05:21:47Z,3.821348190307617,13,0.0,0.0,bounding_box,SWOT_L2_HR_LakeSP_Prior_020_408_SA_20240904T051456_20240904T052147_PGD0_01,https://archive.swot.podaac.earthdata.nasa.gov/podaac-swot-ops-cumulus-protected/SWOT_L2_HR_LakeSP_D/SWOT_L2_HR_LakeSP_Prior_020_408_SA_20240904T051456_20240904T052147_PGD0_01.zip,13 exutorios dentro/intersectando a geometria do granulo.
797,LAKESP,020,255,SA,2024-08-29T17:53:24Z,2024-08-29T18:03:36Z,14.267434120178223,13,0.0,0.0,bounding_box,SWOT_L2_HR_LakeSP_Prior_020_255_SA_20240829T175324_20240829T180336_PGD0_01,https://archive.swot.podaac.earthdata.nasa.gov/podaac-swot-ops-cumulus-protected/SWOT_L2_HR_LakeSP_D/SWOT_L2_HR_LakeSP_Prior_020_255_SA_20240829T175324_20240829T180336_PGD0_01.zip,13 exutorios dentro/intersectando a geometria do granulo.
798,LAKESP,020,227,SA,2024-08-28T17:53:53Z,2024-08-28T18:02:55Z,11.510590553283691,13,0.0,0.0,bounding_box,SWOT_L2_HR_LakeSP_Prior_020_227_SA_20240828T175353_20240828T180255_PGD0_01,https://archive.swot.podaac.earthdata.nasa.gov/podaac-swot-ops-cumulus-protected/SWOT_L2_HR_LakeSP_D/SWOT_L2_HR_LakeSP_Prior_020_227_SA_20240828T175353_20240828T180255_PGD0_01.zip,13 exutorios dentro/intersectando a geometria do granulo.
799,LAKESP,020,158,SA,2024-08-26T06:51:28Z,2024-08-26T07:00:50Z,7.543240547180176,13,0.0,0.0,bounding_box,SWOT_L2_HR_LakeSP_Prior_020_158_SA_20240826T065128_20240826T070050_PGD0_01,https://archive.swot.podaac.earthdata.nasa.gov/podaac-swot-ops-cumulus-protected/SWOT_L2_HR_LakeSP_D/SWOT_L2_HR_LakeSP_Prior_020_158_SA_20240826T065128_20240826T070050_PGD0_01.zip,13 exutorios dentro/intersectando a geometria do granulo.
800,LAKESP,020,130,SA,2024-08-25T06:51:57Z,2024-08-25T06:59:38Z,10.24414348602295,13,0.0,0.0,bounding_box,SWOT_L2_HR_LakeSP_Prior_020_130_SA_20240825T065156_20240825T065938_PGD0_01,https://archive.swot.podaac.earthdata.nasa.gov/podaac-swot-ops-cumulus-protected/SWOT_L2_HR_LakeSP_D/SWOT_L2_HR_LakeSP_Prior_020_130_SA_20240825T065156_20240825T065938_PGD0_01.zip,13 exutorios dentro/intersectando a geometria do granulo.
801,LAKESP,019,533,SA,2024-08-18T19:31:20Z,2024-08-18T19:40:35Z,12.86772632598877,13,0.0,0.0,bounding_box,SWOT_L2_HR_LakeSP_Prior_019_533_SA_20240818T193120_20240818T194035_PGD0_01,https://archive.swot.podaac.earthdata.nasa.gov/podaac-swot-ops-cumulus-protected/SWOT_L2_HR_LakeSP_D/SWOT_L2_HR_LakeSP_Prior_019_533_SA_20240818T193120_20240818T194035_PGD0_01.zip,13 exutorios dentro/intersectando a geometria do granulo.
802,LAKESP,019,505,SA,2024-08-17T19:31:53Z,2024-08-17T19:39:43Z,6.271821975708008,13,0.0,0.0,bounding_box,SWOT_L2_HR_LakeSP_Prior_019_505_SA_20240817T193153_20240817T193943_PGD0_01,https://archive.swot.podaac.earthdata.nasa.gov/podaac-swot-ops-cumulus-protected/SWOT_L2_HR_LakeSP_D/SWOT_L2_HR_LakeSP_Prior_019_505_SA_20240817T193153_20240817T193943_PGD0_01.zip,13 exutorios dentro/intersectando a geometria do granulo.
803,LAKESP,019,436,SA,2024-08-15T08:29:04Z,2024-08-15T08:37:30Z,8.40659236907959,13,0.0,0.0,bounding_box,SWOT_L2_HR_LakeSP_Prior_019_436_SA_20240815T082904_20240815T083730_PGD0_01,https://archive.swot.podaac.earthdata.nasa.gov/podaac-swot-ops-cumulus-protected/SWOT_L2_HR_LakeSP_D/SWOT_L2_HR_LakeSP_Prior_019_436_SA_20240815T082904_20240815T083730_PGD0_01.zip,13 exutorios dentro/intersectando a geometria do granulo.
804,LAKESP,019,408,SA,2024-08-14T08:29:51Z,2024-08-14T08:36:41Z,3.819155693054199,13,0.0,0.0,bounding_box,SWOT_L2_HR_LakeSP_Prior_019_408_SA_20240814T082951_20240814T083641_PGD0_01,https://archive.swot.podaac.earthdata.nasa.gov/podaac-swot-ops-cumulus-protected/SWOT_L2_HR_LakeSP_D/SWOT_L2_HR_LakeSP_Prior_019_408_SA_20240814T082951_20240814T083641_PGD0_01.zip,13 exutorios dentro/intersectando a geometria do granulo.
805,LAKESP,019,255,SA,2024-08-08T21:08:24Z,2024-08-08T21:18:31Z,13.080583572387695,13,0.0,0.0,bounding_box,SWOT_L2_HR_LakeSP_Prior_019_255_SA_20240808T210824_20240808T211831_PGD0_01,https://archive.swot.podaac.earthdata.nasa.gov/podaac-swot-ops-cumulus-protected/SWOT_L2_HR_LakeSP_D/SWOT_L2_HR_LakeSP_Prior_019_255_SA_20240808T210824_20240808T211831_PGD0_01.zip,13 exutorios dentro/intersectando a geometria do granulo.
806,LAKESP,019,227,SA,2024-08-07T21:08:54Z,2024-08-07T21:17:40Z,8.806256294250488,13,0.0,0.0,bounding_box,SWOT_L2_HR_LakeSP_Prior_019_227_SA_20240807T210854_20240807T211740_PGD0_01,https://archive.swot.podaac.earthdata.nasa.gov/podaac-swot-ops-cumulus-protected/SWOT_L2_HR_LakeSP_D/SWOT_L2_HR_LakeSP_Prior_019_227_SA_20240807T210854_20240807T211740_PGD0_01.zip,13 exutorios dentro/intersectando a geometria do granulo.
807,LAKESP,019,158,SA,2024-08-05T10:06:28Z,2024-08-05T10:15:42Z,6.409427642822266,13,0.0,0.0,bounding_box,SWOT_L2_HR_LakeSP_Prior_019_158_SA_20240805T100628_20240805T101542_PGD0_01,https://archive.swot.podaac.earthdata.nasa.gov/podaac-swot-ops-cumulus-protected/SWOT_L2_HR_LakeSP_D/SWOT_L2_HR_LakeSP_Prior_019_158_SA_20240805T100628_20240805T101542_PGD0_01.zip,13 exutorios dentro/intersectando a geometria do granulo.
808,LAKESP,019,130,SA,2024-08-04T10:07:03Z,2024-08-04T10:14:30Z,10.05699634552002,13,0.0,0.0,bounding_box,SWOT_L2_HR_LakeSP_Prior_019_130_SA_20240804T100703_20240804T101430_PGD0_01,https://archive.swot.podaac.earthdata.nasa.gov/podaac-swot-ops-cumulus-protected/SWOT_L2_HR_LakeSP_D/SWOT_L2_HR_LakeSP_Prior_019_130_SA_20240804T100703_20240804T101430_PGD0_01.zip,13 exutorios dentro/intersectando a geometria do granulo.
809,LAKESP,018,533,SA,2024-07-28T22:46:15Z,2024-07-28T22:55:30Z,11.058218002319336,13,0.0,0.0,bounding_box,SWOT_L2_HR_LakeSP_Prior_018_533_SA_20240728T224615_20240728T225530_PGD0_01,https://archive.swot.podaac.earthdata.nasa.gov/podaac-swot-ops-cumulus-protected/SWOT_L2_HR_LakeSP_D/SWOT_L2_HR_LakeSP_Prior_018_533_SA_20240728T224615_20240728T225530_PGD0_01.zip,13 exutorios dentro/intersectando a geometria do granulo.
810,LAKESP,018,505,SA,2024-07-27T22:46:49Z,2024-07-27T22:54:38Z,5.705265998840332,13,0.0,0.0,bounding_box,SWOT_L2_HR_LakeSP_Prior_018_505_SA_20240727T224649_20240727T225438_PGD0_01,https://archive.swot.podaac.earthdata.nasa.gov/podaac-swot-ops-cumulus-protected/SWOT_L2_HR_LakeSP_D/SWOT_L2_HR_LakeSP_Prior_018_505_SA_20240727T224649_20240727T225438_PGD0_01.zip,13 exutorios dentro/intersectando a geometria do granulo.
811,LAKESP,018,436,SA,2024-07-25T11:43:59Z,2024-07-25T11:52:25Z,7.845088005065918,13,0.0,0.0,bounding_box,SWOT_L2_HR_LakeSP_Prior_018_436_SA_20240725T114359_20240725T115225_PGD0_01,https://archive.swot.podaac.earthdata.nasa.gov/podaac-swot-ops-cumulus-protected/SWOT_L2_HR_LakeSP_D/SWOT_L2_HR_LakeSP_Prior_018_436_SA_20240725T114359_20240725T115225_PGD0_01.zip,13 exutorios dentro/intersectando a geometria do granulo.
812,LAKESP,018,408,SA,2024-07-24T11:44:46Z,2024-07-24T11:51:36Z,4.655099868774414,13,0.0,0.0,bounding_box,SWOT_L2_HR_LakeSP_Prior_018_408_SA_20240724T114446_20240724T115136_PGD0_01,https://archive.swot.podaac.earthdata.nasa.gov/podaac-swot-ops-cumulus-protected/SWOT_L2_HR_LakeSP_D/SWOT_L2_HR_LakeSP_Prior_018_408_SA_20240724T114446_20240724T115136_PGD0_01.zip,13 exutorios dentro/intersectando a geometria do granulo.
813,LAKESP,018,255,SA,2024-07-19T00:23:19Z,2024-07-19T00:33:26Z,12.16389274597168,13,0.0,0.0,bounding_box,SWOT_L2_HR_LakeSP_Prior_018_255_SA_20240719T002319_20240719T003326_PGD0_01,https://archive.swot.podaac.earthdata.nasa.gov/podaac-swot-ops-cumulus-protected/SWOT_L2_HR_LakeSP_D/SWOT_L2_HR_LakeSP_Prior_018_255_SA_20240719T002319_20240719T003326_PGD0_01.zip,13 exutorios dentro/intersectando a geometria do granulo.
814,LAKESP,018,227,SA,2024-07-18T00:23:49Z,2024-07-18T00:32:36Z,8.959877014160156,13,0.0,0.0,bounding_box,SWOT_L2_HR_LakeSP_Prior_018_227_SA_20240718T002349_20240718T003236_PGD0_01,https://archive.swot.podaac.earthdata.nasa.gov/podaac-swot-ops-cumulus-protected/SWOT_L2_HR_LakeSP_D/SWOT_L2_HR_LakeSP_Prior_018_227_SA_20240718T002349_20240718T003236_PGD0_01.zip,13 exutorios dentro/intersectando a geometria do granulo.
815,LAKESP,018,158,SA,2024-07-15T13:21:24Z,2024-07-15T13:30:37Z,8.333794593811035,13,0.0,0.0,bounding_box,SWOT_L2_HR_LakeSP_Prior_018_158_SA_20240715T132124_20240715T133037_PGD0_01,https://archive.swot.podaac.earthdata.nasa.gov/podaac-swot-ops-cumulus-protected/SWOT_L2_HR_LakeSP_D/SWOT_L2_HR_LakeSP_Prior_018_158_SA_20240715T132124_20240715T133037_PGD0_01.zip,13 exutorios dentro/intersectando a geometria do granulo.
816,LAKESP,018,130,SA,2024-07-14T13:21:59Z,2024-07-14T13:29:26Z,12.446529388427734,13,0.0,0.0,bounding_box,SWOT_L2_HR_LakeSP_Prior_018_130_SA_20240714T132159_20240714T132926_PGD0_01,https://archive.swot.podaac.earthdata.nasa.gov/podaac-swot-ops-cumulus-protected/SWOT_L2_HR_LakeSP_D/SWOT_L2_HR_LakeSP_Prior_018_130_SA_20240714T132159_20240714T132926_PGD0_01.zip,13 exutorios dentro/intersectando a geometria do granulo.
817,LAKESP,017,533,SA,2024-07-08T02:01:09Z,2024-07-08T02:10:25Z,11.118181228637695,13,0.0,0.0,bounding_box,SWOT_L2_HR_LakeSP_Prior_017_533_SA_20240708T020109_20240708T021025_PGD0_01,https://archive.swot.podaac.earthdata.nasa.gov/podaac-swot-ops-cumulus-protected/SWOT_L2_HR_LakeSP_D/SWOT_L2_HR_LakeSP_Prior_017_533_SA_20240708T020109_20240708T021025_PGD0_01.zip,13 exutorios dentro/intersectando a geometria do granulo.
818,LAKESP,017,505,SA,2024-07-07T02:01:43Z,2024-07-07T02:09:33Z,6.185961723327637,13,0.0,0.0,bounding_box,SWOT_L2_HR_LakeSP_Prior_017_505_SA_20240707T020143_20240707T020933_PGD0_01,https://archive.swot.podaac.earthdata.nasa.gov/podaac-swot-ops-cumulus-protected/SWOT_L2_HR_LakeSP_D/SWOT_L2_HR_LakeSP_Prior_017_505_SA_20240707T020143_20240707T020933_PGD0_01.zip,13 exutorios dentro/intersectando a geometria do granulo.
819,LAKESP,017,436,SA,2024-07-04T14:58:53Z,2024-07-04T15:07:19Z,10.46238899230957,13,0.0,0.0,bounding_box,SWOT_L2_HR_LakeSP_Prior_017_436_SA_20240704T145853_20240704T150719_PGD0_01,https://archive.swot.podaac.earthdata.nasa.gov/podaac-swot-ops-cumulus-protected/SWOT_L2_HR_LakeSP_D/SWOT_L2_HR_LakeSP_Prior_017_436_SA_20240704T145853_20240704T150719_PGD0_01.zip,13 exutorios dentro/intersectando a geometria do granulo.
820,LAKESP,017,408,SA,2024-07-03T14:59:40Z,2024-07-03T15:06:30Z,4.977622985839844,13,0.0,0.0,bounding_box,SWOT_L2_HR_LakeSP_Prior_017_408_SA_20240703T145940_20240703T150630_PGD0_01,https://archive.swot.podaac.earthdata.nasa.gov/podaac-swot-ops-cumulus-protected/SWOT_L2_HR_LakeSP_D/SWOT_L2_HR_LakeSP_Prior_017_408_SA_20240703T145940_20240703T150630_PGD0_01.zip,13 exutorios dentro/intersectando a geometria do granulo.
821,LAKESP,017,255,SA,2024-06-28T03:38:14Z,2024-06-28T03:48:22Z,12.665925025939941,13,0.0,0.0,bounding_box,SWOT_L2_HR_LakeSP_Prior_017_255_SA_20240628T033814_20240628T034822_PGD0_01,https://archive.swot.podaac.earthdata.nasa.gov/podaac-swot-ops-cumulus-protected/SWOT_L2_HR_LakeSP_D/SWOT_L2_HR_LakeSP_Prior_017_255_SA_20240628T033814_20240628T034822_PGD0_01.zip,13 exutorios dentro/intersectando a geometria do granulo.
822,LAKESP,017,227,SA,2024-06-27T03:38:45Z,2024-06-27T03:47:31Z,9.262825012207031,13,0.0,0.0,bounding_box,SWOT_L2_HR_LakeSP_Prior_017_227_SA_20240627T033845_20240627T034731_PGD0_01,https://archive.swot.podaac.earthdata.nasa.gov/podaac-swot-ops-cumulus-protected/SWOT_L2_HR_LakeSP_D/SWOT_L2_HR_LakeSP_Prior_017_227_SA_20240627T033845_20240627T034731_PGD0_01.zip,13 exutorios dentro/intersectando a geometria do granulo.
823,LAKESP,017,158,SA,2024-06-24T16:36:20Z,2024-06-24T16:45:33Z,8.169599533081055,13,0.0,0.0,bounding_box,SWOT_L2_HR_LakeSP_Prior_017_158_SA_20240624T163620_20240624T164533_PGD0_01,https://archive.swot.podaac.earthdata.nasa.gov/podaac-swot-ops-cumulus-protected/SWOT_L2_HR_LakeSP_D/SWOT_L2_HR_LakeSP_Prior_017_158_SA_20240624T163620_20240624T164533_PGD0_01.zip,13 exutorios dentro/intersectando a geometria do granulo.
824,LAKESP,017,130,SA,2024-06-23T16:36:55Z,2024-06-23T16:44:22Z,13.394218444824219,13,0.0,0.0,bounding_box,SWOT_L2_HR_LakeSP_Prior_017_130_SA_20240623T163655_20240623T164422_PGD0_01,https://archive.swot.podaac.earthdata.nasa.gov/podaac-swot-ops-cumulus-protected/SWOT_L2_HR_LakeSP_D/SWOT_L2_HR_LakeSP_Prior_017_130_SA_20240623T163655_20240623T164422_PGD0_01.zip,13 exutorios dentro/intersectando a geometria do granulo.
825,LAKESP,016,533,SA,2024-06-17T05:16:07Z,2024-06-17T05:25:22Z,11.21401596069336,13,0.0,0.0,bounding_box,SWOT_L2_HR_LakeSP_Prior_016_533_SA_20240617T051607_20240617T052522_PGD0_01,https://archive.swot.podaac.earthdata.nasa.gov/podaac-swot-ops-cumulus-protected/SWOT_L2_HR_LakeSP_D/SWOT_L2_HR_LakeSP_Prior_016_533_SA_20240617T051607_20240617T052522_PGD0_01.zip,13 exutorios dentro/intersectando a geometria do granulo.
826,LAKESP,016,505,SA,2024-06-16T05:16:41Z,2024-06-16T05:24:30Z,6.3650712966918945,13,0.0,0.0,bounding_box,SWOT_L2_HR_LakeSP_Prior_016_505_SA_20240616T051641_20240616T052430_PGD0_01,https://archive.swot.podaac.earthdata.nasa.gov/podaac-swot-ops-cumulus-protected/SWOT_L2_HR_LakeSP_D/SWOT_L2_HR_LakeSP_Prior_016_505_SA_20240616T051641_20240616T052430_PGD0_01.zip,13 exutorios dentro/intersectando a geometria do granulo.
827,LAKESP,016,436,SA,2024-06-13T18:13:51Z,2024-06-13T18:22:17Z,11.94343376159668,13,0.0,0.0,bounding_box,SWOT_L2_HR_LakeSP_Prior_016_436_SA_20240613T181351_20240613T182217_PGD0_01,https://archive.swot.podaac.earthdata.nasa.gov/podaac-swot-ops-cumulus-protected/SWOT_L2_HR_LakeSP_D/SWOT_L2_HR_LakeSP_Prior_016_436_SA_20240613T181351_20240613T182217_PGD0_01.zip,13 exutorios dentro/intersectando a geometria do granulo.
828,LAKESP,016,408,SA,2024-06-12T18:14:37Z,2024-06-12T18:21:28Z,4.778409004211426,13,0.0,0.0,bounding_box,SWOT_L2_HR_LakeSP_Prior_016_408_SA_20240612T181437_20240612T182128_PGD0_01,https://archive.swot.podaac.earthdata.nasa.gov/podaac-swot-ops-cumulus-protected/SWOT_L2_HR_LakeSP_D/SWOT_L2_HR_LakeSP_Prior_016_408_SA_20240612T181437_20240612T182128_PGD0_01.zip,13 exutorios dentro/intersectando a geometria do granulo.
829,LAKESP,016,255,SA,2024-06-07T06:53:12Z,2024-06-07T07:03:19Z,10.59018611907959,13,0.0,0.0,bounding_box,SWOT_L2_HR_LakeSP_Prior_016_255_SA_20240607T065312_20240607T070319_PGD0_01,https://archive.swot.podaac.earthdata.nasa.gov/podaac-swot-ops-cumulus-protected/SWOT_L2_HR_LakeSP_D/SWOT_L2_HR_LakeSP_Prior_016_255_SA_20240607T065312_20240607T070319_PGD0_01.zip,13 exutorios dentro/intersectando a geometria do granulo.
830,LAKESP,016,227,SA,2024-06-06T06:53:42Z,2024-06-06T07:02:28Z,8.477724075317383,13,0.0,0.0,bounding_box,SWOT_L2_HR_LakeSP_Prior_016_227_SA_20240606T065342_20240606T070228_PGD0_01,https://archive.swot.podaac.earthdata.nasa.gov/podaac-swot-ops-cumulus-protected/SWOT_L2_HR_LakeSP_D/SWOT_L2_HR_LakeSP_Prior_016_227_SA_20240606T065342_20240606T070228_PGD0_01.zip,13 exutorios dentro/intersectando a geometria do granulo.
831,LAKESP,016,158,SA,2024-06-03T19:51:16Z,2024-06-03T20:00:30Z,7.597196578979492,13,0.0,0.0,bounding_box,SWOT_L2_HR_LakeSP_Prior_016_158_SA_20240603T195116_20240603T200030_PGD0_01,https://archive.swot.podaac.earthdata.nasa.gov/podaac-swot-ops-cumulus-protected/SWOT_L2_HR_LakeSP_D/SWOT_L2_HR_LakeSP_Prior_016_158_SA_20240603T195116_20240603T200030_PGD0_01.zip,13 exutorios dentro/intersectando a geometria do granulo.
832,LAKESP,016,130,SA,2024-06-02T19:51:51Z,2024-06-02T19:59:18Z,11.88582706451416,13,0.0,0.0,bounding_box,SWOT_L2_HR_LakeSP_Prior_016_130_SA_20240602T195151_20240602T195918_PGD0_01,https://archive.swot.podaac.earthdata.nasa.gov/podaac-swot-ops-cumulus-protected/SWOT_L2_HR_LakeSP_D/SWOT_L2_HR_LakeSP_Prior_016_130_SA_20240602T195151_20240602T195918_PGD0_01.zip,13 exutorios dentro/intersectando a geometria do granulo.
833,LAKESP,015,533,SA,2024-05-27T08:31:01Z,2024-05-27T08:40:17Z,11.015363693237305,13,0.0,0.0,bounding_box,SWOT_L2_HR_LakeSP_Prior_015_533_SA_20240527T083101_20240527T084017_PGD0_01,https://archive.swot.podaac.earthdata.nasa.gov/podaac-swot-ops-cumulus-protected/SWOT_L2_HR_LakeSP_D/SWOT_L2_HR_LakeSP_Prior_015_533_SA_20240527T083101_20240527T084017_PGD0_01.zip,13 exutorios dentro/intersectando a geometria do granulo.
834,LAKESP,015,505,SA,2024-05-26T08:31:35Z,2024-05-26T08:39:24Z,5.937370300292969,13,0.0,0.0,bounding_box,SWOT_L2_HR_LakeSP_Prior_015_505_SA_20240526T083135_20240526T083924_PGD0_01,https://archive.swot.podaac.earthdata.nasa.gov/podaac-swot-ops-cumulus-protected/SWOT_L2_HR_LakeSP_D/SWOT_L2_HR_LakeSP_Prior_015_505_SA_20240526T083135_20240526T083924_PGD0_01.zip,13 exutorios dentro/intersectando a geometria do granulo.
835,LAKESP,015,436,SA,2024-05-23T21:28:45Z,2024-05-23T21:37:11Z,9.451519012451172,13,0.0,0.0,bounding_box,SWOT_L2_HR_LakeSP_Prior_015_436_SA_20240523T212845_20240523T213711_PGD0_01,https://archive.swot.podaac.earthdata.nasa.gov/podaac-swot-ops-cumulus-protected/SWOT_L2_HR_LakeSP_D/SWOT_L2_HR_LakeSP_Prior_015_436_SA_20240523T212845_20240523T213711_PGD0_01.zip,13 exutorios dentro/intersectando a geometria do granulo.
836,LAKESP,015,408,SA,2024-05-22T21:29:31Z,2024-05-22T21:36:22Z,4.095232009887695,13,0.0,0.0,bounding_box,SWOT_L2_HR_LakeSP_Prior_015_408_SA_20240522T212931_20240522T213622_PGD0_01,https://archive.swot.podaac.earthdata.nasa.gov/podaac-swot-ops-cumulus-protected/SWOT_L2_HR_LakeSP_D/SWOT_L2_HR_LakeSP_Prior_015_408_SA_20240522T212931_20240522T213622_PGD0_01.zip,13 exutorios dentro/intersectando a geometria do granulo.
837,LAKESP,015,255,SA,2024-05-17T10:08:06Z,2024-05-17T10:18:13Z,12.454019546508789,13,0.0,0.0,bounding_box,SWOT_L2_HR_LakeSP_Prior_015_255_SA_20240517T100806_20240517T101813_PGD0_01,https://archive.swot.podaac.earthdata.nasa.gov/podaac-swot-ops-cumulus-protected/SWOT_L2_HR_LakeSP_D/SWOT_L2_HR_LakeSP_Prior_015_255_SA_20240517T100806_20240517T101813_PGD0_01.zip,13 exutorios dentro/intersectando a geometria do granulo.
838,LAKESP,015,227,SA,2024-05-16T10:08:36Z,2024-05-16T10:17:22Z,8.710026741027832,13,0.0,0.0,bounding_box,SWOT_L2_HR_LakeSP_Prior_015_227_SA_20240516T100836_20240516T101722_PGD0_01,https://archive.swot.podaac.earthdata.nasa.gov/podaac-swot-ops-cumulus-protected/SWOT_L2_HR_LakeSP_D/SWOT_L2_HR_LakeSP_Prior_015_227_SA_20240516T100836_20240516T101722_PGD0_01.zip,13 exutorios dentro/intersectando a geometria do granulo.
839,LAKESP,015,158,SA,2024-05-13T23:06:11Z,2024-05-13T23:15:24Z,7.594236373901367,13,0.0,0.0,bounding_box,SWOT_L2_HR_LakeSP_Prior_015_158_SA_20240513T230611_20240513T231524_PGD0_01,https://archive.swot.podaac.earthdata.nasa.gov/podaac-swot-ops-cumulus-protected/SWOT_L2_HR_LakeSP_D/SWOT_L2_HR_LakeSP_Prior_015_158_SA_20240513T230611_20240513T231524_PGD0_01.zip,13 exutorios dentro/intersectando a geometria do granulo.
840,LAKESP,014,533,SA,2024-05-06T11:45:56Z,2024-05-06T11:55:12Z,12.251909255981445,13,0.0,0.0,bounding_box,SWOT_L2_HR_LakeSP_Prior_014_533_SA_20240506T114556_20240506T115512_PGD0_01,https://archive.swot.podaac.earthdata.nasa.gov/podaac-swot-ops-cumulus-protected/SWOT_L2_HR_LakeSP_D/SWOT_L2_HR_LakeSP_Prior_014_533_SA_20240506T114556_20240506T115512_PGD0_01.zip,13 exutorios dentro/intersectando a geometria do granulo.
841,LAKESP,014,505,SA,2024-05-05T11:46:30Z,2024-05-05T11:54:19Z,7.720677375793457,13,0.0,0.0,bounding_box,SWOT_L2_HR_LakeSP_Prior_014_505_SA_20240505T114630_20240505T115419_PGD0_01,https://archive.swot.podaac.earthdata.nasa.gov/podaac-swot-ops-cumulus-protected/SWOT_L2_HR_LakeSP_D/SWOT_L2_HR_LakeSP_Prior_014_505_SA_20240505T114630_20240505T115419_PGD0_01.zip,13 exutorios dentro/intersectando a geometria do granulo.
842,LAKESP,014,436,SA,2024-05-03T00:43:40Z,2024-05-03T00:52:06Z,10.199614524841309,13,0.0,0.0,bounding_box,SWOT_L2_HR_LakeSP_Prior_014_436_SA_20240503T004340_20240503T005206_PGD0_01,https://archive.swot.podaac.earthdata.nasa.gov/podaac-swot-ops-cumulus-protected/SWOT_L2_HR_LakeSP_D/SWOT_L2_HR_LakeSP_Prior_014_436_SA_20240503T004340_20240503T005206_PGD0_01.zip,13 exutorios dentro/intersectando a geometria do granulo.
843,LAKESP,014,408,SA,2024-05-02T00:44:26Z,2024-05-02T00:51:17Z,4.082038879394531,13,0.0,0.0,bounding_box,SWOT_L2_HR_LakeSP_Prior_014_408_SA_20240502T004426_20240502T005117_PGD0_01,https://archive.swot.podaac.earthdata.nasa.gov/podaac-swot-ops-cumulus-protected/SWOT_L2_HR_LakeSP_D/SWOT_L2_HR_LakeSP_Prior_014_408_SA_20240502T004426_20240502T005117_PGD0_01.zip,13 exutorios dentro/intersectando a geometria do granulo.
844,LAKESP,014,255,SA,2024-04-26T13:22:57Z,2024-04-26T13:33:09Z,13.630603790283203,13,0.0,0.0,bounding_box,SWOT_L2_HR_LakeSP_Prior_014_255_SA_20240426T132257_20240426T133309_PGD0_01,https://archive.swot.podaac.earthdata.nasa.gov/podaac-swot-ops-cumulus-protected/SWOT_L2_HR_LakeSP_D/SWOT_L2_HR_LakeSP_Prior_014_255_SA_20240426T132257_20240426T133309_PGD0_01.zip,13 exutorios dentro/intersectando a geometria do granulo.
845,LAKESP,014,227,SA,2024-04-25T13:23:27Z,2024-04-25T13:32:28Z,11.00864315032959,13,0.0,0.0,bounding_box,SWOT_L2_HR_LakeSP_Prior_014_227_SA_20240425T132326_20240425T133228_PGD0_01,https://archive.swot.podaac.earthdata.nasa.gov/podaac-swot-ops-cumulus-protected/SWOT_L2_HR_LakeSP_D/SWOT_L2_HR_LakeSP_Prior_014_227_SA_20240425T132326_20240425T133228_PGD0_01.zip,13 exutorios dentro/intersectando a geometria do granulo.
846,LAKESP,014,158,SA,2024-04-23T02:21:02Z,2024-04-23T02:30:24Z,7.765213966369629,13,0.0,0.0,bounding_box,SWOT_L2_HR_LakeSP_Prior_014_158_SA_20240423T022102_20240423T023024_PGD0_01,https://archive.swot.podaac.earthdata.nasa.gov/podaac-swot-ops-cumulus-protected/SWOT_L2_HR_LakeSP_D/SWOT_L2_HR_LakeSP_Prior_014_158_SA_20240423T022102_20240423T023024_PGD0_01.zip,13 exutorios dentro/intersectando a geometria do granulo.
847,LAKESP,014,130,SA,2024-04-22T02:21:31Z,2024-04-22T02:29:13Z,11.161375045776367,13,0.0,0.0,bounding_box,SWOT_L2_HR_LakeSP_Prior_014_130_SA_20240422T022131_20240422T022913_PGD0_01,https://archive.swot.podaac.earthdata.nasa.gov/podaac-swot-ops-cumulus-protected/SWOT_L2_HR_LakeSP_D/SWOT_L2_HR_LakeSP_Prior_014_130_SA_20240422T022131_20240422T022913_PGD0_01.zip,13 exutorios dentro/intersectando a geometria do granulo.
848,LAKESP,013,533,SA,2024-04-15T15:00:50Z,2024-04-15T15:10:11Z,14.058089256286621,13,0.0,0.0,bounding_box,SWOT_L2_HR_LakeSP_Prior_013_533_SA_20240415T150049_20240415T151011_PGD0_01,https://archive.swot.podaac.earthdata.nasa.gov/podaac-swot-ops-cumulus-protected/SWOT_L2_HR_LakeSP_D/SWOT_L2_HR_LakeSP_Prior_013_533_SA_20240415T150049_20240415T151011_PGD0_01.zip,13 exutorios dentro/intersectando a geometria do granulo.
849,LAKESP,013,505,SA,2024-04-14T15:01:19Z,2024-04-14T15:09:20Z,7.924505233764648,13,0.0,0.0,bounding_box,SWOT_L2_HR_LakeSP_Prior_013_505_SA_20240414T150118_20240414T150920_PGD0_01,https://archive.swot.podaac.earthdata.nasa.gov/podaac-swot-ops-cumulus-protected/SWOT_L2_HR_LakeSP_D/SWOT_L2_HR_LakeSP_Prior_013_505_SA_20240414T150118_20240414T150920_PGD0_01.zip,13 exutorios dentro/intersectando a geometria do granulo.
850,LAKESP,013,464,SA,2024-04-13T03:58:35Z,2024-04-13T04:08:46Z,7.945982933044434,13,0.0,0.0,bounding_box,SWOT_L2_HR_LakeSP_Prior_013_464_SA_20240413T035835_20240413T040846_PGD0_01,https://archive.swot.podaac.earthdata.nasa.gov/podaac-swot-ops-cumulus-protected/SWOT_L2_HR_LakeSP_D/SWOT_L2_HR_LakeSP_Prior_013_464_SA_20240413T035835_20240413T040846_PGD0_01.zip,13 exutorios dentro/intersectando a geometria do granulo.
851,LAKESP,013,436,SA,2024-04-12T03:58:34Z,2024-04-12T04:07:05Z,9.109905242919922,13,0.0,0.0,bounding_box,SWOT_L2_HR_LakeSP_Prior_013_436_SA_20240412T035833_20240412T040705_PGD0_01,https://archive.swot.podaac.earthdata.nasa.gov/podaac-swot-ops-cumulus-protected/SWOT_L2_HR_LakeSP_D/SWOT_L2_HR_LakeSP_Prior_013_436_SA_20240412T035833_20240412T040705_PGD0_01.zip,13 exutorios dentro/intersectando a geometria do granulo.
852,LAKESP,013,408,SA,2024-04-11T03:59:22Z,2024-04-11T04:06:14Z,4.099151611328125,13,0.0,0.0,bounding_box,SWOT_L2_HR_LakeSP_Prior_013_408_SA_20240411T035922_20240411T040614_PGD0_01,https://archive.swot.podaac.earthdata.nasa.gov/podaac-swot-ops-cumulus-protected/SWOT_L2_HR_LakeSP_D/SWOT_L2_HR_LakeSP_Prior_013_408_SA_20240411T035922_20240411T040614_PGD0_01.zip,13 exutorios dentro/intersectando a geometria do granulo.
853,LAKESP,013,255,SA,2024-04-05T16:37:51Z,2024-04-05T16:48:02Z,13.31499195098877,13,0.0,0.0,bounding_box,SWOT_L2_HR_LakeSP_Prior_013_255_SA_20240405T163751_20240405T164802_PGD0_01,https://archive.swot.podaac.earthdata.nasa.gov/podaac-swot-ops-cumulus-protected/SWOT_L2_HR_LakeSP_D/SWOT_L2_HR_LakeSP_Prior_013_255_SA_20240405T163751_20240405T164802_PGD0_01.zip,13 exutorios dentro/intersectando a geometria do granulo.
854,LAKESP,013,227,SA,2024-04-04T16:38:20Z,2024-04-04T16:47:21Z,10.60387134552002,13,0.0,0.0,bounding_box,SWOT_L2_HR_LakeSP_Prior_013_227_SA_20240404T163820_20240404T164721_PGD0_01,https://archive.swot.podaac.earthdata.nasa.gov/podaac-swot-ops-cumulus-protected/SWOT_L2_HR_LakeSP_D/SWOT_L2_HR_LakeSP_Prior_013_227_SA_20240404T163820_20240404T164721_PGD0_01.zip,13 exutorios dentro/intersectando a geometria do granulo.
855,LAKESP,013,158,SA,2024-04-02T05:35:56Z,2024-04-02T05:45:17Z,6.461199760437012,13,0.0,0.0,bounding_box,SWOT_L2_HR_LakeSP_Prior_013_158_SA_20240402T053556_20240402T054517_PGD0_01,https://archive.swot.podaac.earthdata.nasa.gov/podaac-swot-ops-cumulus-protected/SWOT_L2_HR_LakeSP_D/SWOT_L2_HR_LakeSP_Prior_013_158_SA_20240402T053556_20240402T054517_PGD0_01.zip,13 exutorios dentro/intersectando a geometria do granulo.
856,LAKESP,013,130,SA,2024-04-01T05:36:25Z,2024-04-01T05:44:07Z,10.843744277954102,13,0.0,0.0,bounding_box,SWOT_L2_HR_LakeSP_Prior_013_130_SA_20240401T053625_20240401T054407_PGD0_01,https://archive.swot.podaac.earthdata.nasa.gov/podaac-swot-ops-cumulus-protected/SWOT_L2_HR_LakeSP_D/SWOT_L2_HR_LakeSP_Prior_013_130_SA_20240401T053625_20240401T054407_PGD0_01.zip,13 exutorios dentro/intersectando a geometria do granulo.
857,LAKESP,012,533,SA,2024-03-25T18:15:44Z,2024-03-25T18:25:06Z,12.324930191040039,13,0.0,0.0,bounding_box,SWOT_L2_HR_LakeSP_Prior_012_533_SA_20240325T181544_20240325T182506_PGD0_01,https://archive.swot.podaac.earthdata.nasa.gov/podaac-swot-ops-cumulus-protected/SWOT_L2_HR_LakeSP_D/SWOT_L2_HR_LakeSP_Prior_012_533_SA_20240325T181544_20240325T182506_PGD0_01.zip,13 exutorios dentro/intersectando a geometria do granulo.
858,LAKESP,012,505,SA,2024-03-24T18:16:13Z,2024-03-24T18:24:15Z,7.841769218444824,13,0.0,0.0,bounding_box,SWOT_L2_HR_LakeSP_Prior_012_505_SA_20240324T181613_20240324T182415_PGD0_01,https://archive.swot.podaac.earthdata.nasa.gov/podaac-swot-ops-cumulus-protected/SWOT_L2_HR_LakeSP_D/SWOT_L2_HR_LakeSP_Prior_012_505_SA_20240324T181613_20240324T182415_PGD0_01.zip,13 exutorios dentro/intersectando a geometria do granulo.
859,LAKESP,012,464,SA,2024-03-23T07:13:30Z,2024-03-23T07:23:41Z,7.898792266845703,13,0.0,0.0,bounding_box,SWOT_L2_HR_LakeSP_Prior_012_464_SA_20240323T071330_20240323T072341_PGD0_01,https://archive.swot.podaac.earthdata.nasa.gov/podaac-swot-ops-cumulus-protected/SWOT_L2_HR_LakeSP_D/SWOT_L2_HR_LakeSP_Prior_012_464_SA_20240323T071330_20240323T072341_PGD0_01.zip,13 exutorios dentro/intersectando a geometria do granulo.
860,LAKESP,012,436,SA,2024-03-22T07:13:29Z,2024-03-22T07:22:00Z,9.565213203430176,13,0.0,0.0,bounding_box,SWOT_L2_HR_LakeSP_Prior_012_436_SA_20240322T071328_20240322T072200_PGD0_01,https://archive.swot.podaac.earthdata.nasa.gov/podaac-swot-ops-cumulus-protected/SWOT_L2_HR_LakeSP_D/SWOT_L2_HR_LakeSP_Prior_012_436_SA_20240322T071328_20240322T072200_PGD0_01.zip,13 exutorios dentro/intersectando a geometria do granulo.
861,LAKESP,012,255,SA,2024-03-15T19:52:50Z,2024-03-15T20:02:38Z,11.980953216552734,13,0.0,0.0,bounding_box,SWOT_L2_HR_LakeSP_Prior_012_255_SA_20240315T195250_20240315T200238_PGD0_01,https://archive.swot.podaac.earthdata.nasa.gov/podaac-swot-ops-cumulus-protected/SWOT_L2_HR_LakeSP_D/SWOT_L2_HR_LakeSP_Prior_012_255_SA_20240315T195250_20240315T200238_PGD0_01.zip,13 exutorios dentro/intersectando a geometria do granulo.
862,LAKESP,012,227,SA,2024-03-14T19:53:21Z,2024-03-14T20:02:07Z,9.705092430114746,13,0.0,0.0,bounding_box,SWOT_L2_HR_LakeSP_Prior_012_227_SA_20240314T195321_20240314T200207_PGD0_01,https://archive.swot.podaac.earthdata.nasa.gov/podaac-swot-ops-cumulus-protected/SWOT_L2_HR_LakeSP_D/SWOT_L2_HR_LakeSP_Prior_012_227_SA_20240314T195321_20240314T200207_PGD0_01.zip,13 exutorios dentro/intersectando a geometria do granulo.
863,LAKESP,012,158,SA,2024-03-12T08:50:56Z,2024-03-12T09:00:09Z,8.250123023986816,13,0.0,0.0,bounding_box,SWOT_L2_HR_LakeSP_Prior_012_158_SA_20240312T085056_20240312T090009_PGD0_01,https://archive.swot.podaac.earthdata.nasa.gov/podaac-swot-ops-cumulus-protected/SWOT_L2_HR_LakeSP_D/SWOT_L2_HR_LakeSP_Prior_012_158_SA_20240312T085056_20240312T090009_PGD0_01.zip,13 exutorios dentro/intersectando a geometria do granulo.
864,LAKESP,012,130,SA,2024-03-11T08:51:31Z,2024-03-11T08:58:58Z,10.498238563537598,13,0.0,0.0,bounding_box,SWOT_L2_HR_LakeSP_Prior_012_130_SA_20240311T085131_20240311T085858_PGD0_01,https://archive.swot.podaac.earthdata.nasa.gov/podaac-swot-ops-cumulus-protected/SWOT_L2_HR_LakeSP_D/SWOT_L2_HR_LakeSP_Prior_012_130_SA_20240311T085131_20240311T085858_PGD0_01.zip,13 exutorios dentro/intersectando a geometria do granulo.
865,LAKESP,011,533,SA,2024-03-04T21:30:44Z,2024-03-04T21:39:59Z,10.785120964050293,13,0.0,0.0,bounding_box,SWOT_L2_HR_LakeSP_Prior_011_533_SA_20240304T213044_20240304T213959_PGD0_01,https://archive.swot.podaac.earthdata.nasa.gov/podaac-swot-ops-cumulus-protected/SWOT_L2_HR_LakeSP_D/SWOT_L2_HR_LakeSP_Prior_011_533_SA_20240304T213044_20240304T213959_PGD0_01.zip,13 exutorios dentro/intersectando a geometria do granulo.
866,LAKESP,011,505,SA,2024-03-03T21:31:18Z,2024-03-03T21:39:07Z,7.045168876647949,13,0.0,0.0,bounding_box,SWOT_L2_HR_LakeSP_Prior_011_505_SA_20240303T213118_20240303T213907_PGD0_01,https://archive.swot.podaac.earthdata.nasa.gov/podaac-swot-ops-cumulus-protected/SWOT_L2_HR_LakeSP_D/SWOT_L2_HR_LakeSP_Prior_011_505_SA_20240303T213118_20240303T213907_PGD0_01.zip,13 exutorios dentro/intersectando a geometria do granulo.
867,LAKESP,011,436,SA,2024-03-01T10:28:28Z,2024-03-01T10:36:54Z,9.281022071838379,13,0.0,0.0,bounding_box,SWOT_L2_HR_LakeSP_Prior_011_436_SA_20240301T102828_20240301T103654_PGD0_01,https://archive.swot.podaac.earthdata.nasa.gov/podaac-swot-ops-cumulus-protected/SWOT_L2_HR_LakeSP_D/SWOT_L2_HR_LakeSP_Prior_011_436_SA_20240301T102828_20240301T103654_PGD0_01.zip,13 exutorios dentro/intersectando a geometria do granulo.
868,LAKESP,011,408,SA,2024-02-29T10:29:15Z,2024-02-29T10:36:05Z,4.112615585327148,13,0.0,0.0,bounding_box,SWOT_L2_HR_LakeSP_Prior_011_408_SA_20240229T102915_20240229T103605_PGD0_01,https://archive.swot.podaac.earthdata.nasa.gov/podaac-swot-ops-cumulus-protected/SWOT_L2_HR_LakeSP_D/SWOT_L2_HR_LakeSP_Prior_011_408_SA_20240229T102915_20240229T103605_PGD0_01.zip,13 exutorios dentro/intersectando a geometria do granulo.
869,LAKESP,011,255,SA,2024-02-23T23:07:48Z,2024-02-23T23:17:55Z,11.47315502166748,13,0.0,0.0,bounding_box,SWOT_L2_HR_LakeSP_Prior_011_255_SA_20240223T230748_20240223T231755_PGD0_01,https://archive.swot.podaac.earthdata.nasa.gov/podaac-swot-ops-cumulus-protected/SWOT_L2_HR_LakeSP_D/SWOT_L2_HR_LakeSP_Prior_011_255_SA_20240223T230748_20240223T231755_PGD0_01.zip,13 exutorios dentro/intersectando a geometria do granulo.
870,LAKESP,011,227,SA,2024-02-22T23:08:19Z,2024-02-22T23:17:05Z,9.276588439941406,13,0.0,0.0,bounding_box,SWOT_L2_HR_LakeSP_Prior_011_227_SA_20240222T230819_20240222T231705_PGD0_01,https://archive.swot.podaac.earthdata.nasa.gov/podaac-swot-ops-cumulus-protected/SWOT_L2_HR_LakeSP_D/SWOT_L2_HR_LakeSP_Prior_011_227_SA_20240222T230819_20240222T231705_PGD0_01.zip,13 exutorios dentro/intersectando a geometria do granulo.
871,LAKESP,011,158,SA,2024-02-20T12:05:53Z,2024-02-20T12:15:07Z,9.608794212341309,13,0.0,0.0,bounding_box,SWOT_L2_HR_LakeSP_Prior_011_158_SA_20240220T120553_20240220T121507_PGD0_01,https://archive.swot.podaac.earthdata.nasa.gov/podaac-swot-ops-cumulus-protected/SWOT_L2_HR_LakeSP_D/SWOT_L2_HR_LakeSP_Prior_011_158_SA_20240220T120553_20240220T121507_PGD0_01.zip,13 exutorios dentro/intersectando a geometria do granulo.
872,LAKESP,011,130,SA,2024-02-19T12:06:28Z,2024-02-19T12:13:55Z,11.815367698669434,13,0.0,0.0,bounding_box,SWOT_L2_HR_LakeSP_Prior_011_130_SA_20240219T120628_20240219T121355_PGD0_01,https://archive.swot.podaac.earthdata.nasa.gov/podaac-swot-ops-cumulus-protected/SWOT_L2_HR_LakeSP_D/SWOT_L2_HR_LakeSP_Prior_011_130_SA_20240219T120628_20240219T121355_PGD0_01.zip,13 exutorios dentro/intersectando a geometria do granulo.
873,LAKESP,010,533,SA,2024-02-13T00:45:39Z,2024-02-13T00:54:55Z,10.227456092834473,13,0.0,0.0,bounding_box,SWOT_L2_HR_LakeSP_Prior_010_533_SA_20240213T004539_20240213T005455_PGD0_01,https://archive.swot.podaac.earthdata.nasa.gov/podaac-swot-ops-cumulus-protected/SWOT_L2_HR_LakeSP_D/SWOT_L2_HR_LakeSP_Prior_010_533_SA_20240213T004539_20240213T005455_PGD0_01.zip,13 exutorios dentro/intersectando a geometria do granulo.
874,LAKESP,010,505,SA,2024-02-12T00:46:13Z,2024-02-12T00:54:02Z,6.073184967041016,13,0.0,0.0,bounding_box,SWOT_L2_HR_LakeSP_Prior_010_505_SA_20240212T004613_20240212T005402_PGD0_01,https://archive.swot.podaac.earthdata.nasa.gov/podaac-swot-ops-cumulus-protected/SWOT_L2_HR_LakeSP_D/SWOT_L2_HR_LakeSP_Prior_010_505_SA_20240212T004613_20240212T005402_PGD0_01.zip,13 exutorios dentro/intersectando a geometria do granulo.
875,LAKESP,010,436,SA,2024-02-09T13:43:23Z,2024-02-09T13:51:49Z,11.920614242553711,13,0.0,0.0,bounding_box,SWOT_L2_HR_LakeSP_Prior_010_436_SA_20240209T134323_20240209T135149_PGD0_01,https://archive.swot.podaac.earthdata.nasa.gov/podaac-swot-ops-cumulus-protected/SWOT_L2_HR_LakeSP_D/SWOT_L2_HR_LakeSP_Prior_010_436_SA_20240209T134323_20240209T135149_PGD0_01.zip,13 exutorios dentro/intersectando a geometria do granulo.
876,LAKESP,010,436,SA,2024-02-09T13:43:23Z,2024-02-09T13:51:49Z,11.920624732971191,13,0.0,0.0,bounding_box,SWOT_L2_HR_LakeSP_Prior_010_436_SA_20240209T134323_20240209T135149_PGD0_02,https://archive.swot.podaac.earthdata.nasa.gov/podaac-swot-ops-cumulus-protected/SWOT_L2_HR_LakeSP_D/SWOT_L2_HR_LakeSP_Prior_010_436_SA_20240209T134323_20240209T135149_PGD0_02.zip,13 exutorios dentro/intersectando a geometria do granulo.
877,LAKESP,010,408,SA,2024-02-08T13:44:09Z,2024-02-08T13:51:00Z,5.09245491027832,13,0.0,0.0,bounding_box,SWOT_L2_HR_LakeSP_Prior_010_408_SA_20240208T134409_20240208T135100_PGD0_01,https://archive.swot.podaac.earthdata.nasa.gov/podaac-swot-ops-cumulus-protected/SWOT_L2_HR_LakeSP_D/SWOT_L2_HR_LakeSP_Prior_010_408_SA_20240208T134409_20240208T135100_PGD0_01.zip,13 exutorios dentro/intersectando a geometria do granulo.
878,LAKESP,010,255,SA,2024-02-03T02:22:43Z,2024-02-03T02:32:50Z,11.83757495880127,13,0.0,0.0,bounding_box,SWOT_L2_HR_LakeSP_Prior_010_255_SA_20240203T022243_20240203T023250_PGD0_01,https://archive.swot.podaac.earthdata.nasa.gov/podaac-swot-ops-cumulus-protected/SWOT_L2_HR_LakeSP_D/SWOT_L2_HR_LakeSP_Prior_010_255_SA_20240203T022243_20240203T023250_PGD0_01.zip,13 exutorios dentro/intersectando a geometria do granulo.
879,LAKESP,010,227,SA,2024-02-02T02:23:13Z,2024-02-02T02:32:00Z,9.1688814163208,13,0.0,0.0,bounding_box,SWOT_L2_HR_LakeSP_Prior_010_227_SA_20240202T022313_20240202T023200_PGD0_01,https://archive.swot.podaac.earthdata.nasa.gov/podaac-swot-ops-cumulus-protected/SWOT_L2_HR_LakeSP_D/SWOT_L2_HR_LakeSP_Prior_010_227_SA_20240202T022313_20240202T023200_PGD0_01.zip,13 exutorios dentro/intersectando a geometria do granulo.
880,LAKESP,010,158,SA,2024-01-30T15:20:48Z,2024-01-30T15:30:02Z,8.080900192260742,13,0.0,0.0,bounding_box,SWOT_L2_HR_LakeSP_Prior_010_158_SA_20240130T152048_20240130T153002_PGD0_01,https://archive.swot.podaac.earthdata.nasa.gov/podaac-swot-ops-cumulus-protected/SWOT_L2_HR_LakeSP_D/SWOT_L2_HR_LakeSP_Prior_010_158_SA_20240130T152048_20240130T153002_PGD0_01.zip,13 exutorios dentro/intersectando a geometria do granulo.
881,LAKESP,010,130,SA,2024-01-29T15:21:24Z,2024-01-29T15:28:50Z,11.893081665039062,13,0.0,0.0,bounding_box,SWOT_L2_HR_LakeSP_Prior_010_130_SA_20240129T152124_20240129T152850_PGD0_01,https://archive.swot.podaac.earthdata.nasa.gov/podaac-swot-ops-cumulus-protected/SWOT_L2_HR_LakeSP_D/SWOT_L2_HR_LakeSP_Prior_010_130_SA_20240129T152124_20240129T152850_PGD0_01.zip,13 exutorios dentro/intersectando a geometria do granulo.
882,LAKESP,009,533,SA,2024-01-23T04:00:35Z,2024-01-23T04:09:50Z,11.21088981628418,13,0.0,0.0,bounding_box,SWOT_L2_HR_LakeSP_Prior_009_533_SA_20240123T040035_20240123T040950_PGD0_01,https://archive.swot.podaac.earthdata.nasa.gov/podaac-swot-ops-cumulus-protected/SWOT_L2_HR_LakeSP_D/SWOT_L2_HR_LakeSP_Prior_009_533_SA_20240123T040035_20240123T040950_PGD0_01.zip,13 exutorios dentro/intersectando a geometria do granulo.
883,LAKESP,009,505,SA,2024-01-22T04:01:08Z,2024-01-22T04:08:58Z,5.858123779296875,13,0.0,0.0,bounding_box,SWOT_L2_HR_LakeSP_Prior_009_505_SA_20240122T040108_20240122T040858_PGD0_01,https://archive.swot.podaac.earthdata.nasa.gov/podaac-swot-ops-cumulus-protected/SWOT_L2_HR_LakeSP_D/SWOT_L2_HR_LakeSP_Prior_009_505_SA_20240122T040108_20240122T040858_PGD0_01.zip,13 exutorios dentro/intersectando a geometria do granulo.
884,LAKESP,009,436,SA,2024-01-19T16:58:18Z,2024-01-19T17:06:44Z,11.35021686553955,13,0.0,0.0,bounding_box,SWOT_L2_HR_LakeSP_Prior_009_436_SA_20240119T165818_20240119T170644_PGD0_01,https://archive.swot.podaac.earthdata.nasa.gov/podaac-swot-ops-cumulus-protected/SWOT_L2_HR_LakeSP_D/SWOT_L2_HR_LakeSP_Prior_009_436_SA_20240119T165818_20240119T170644_PGD0_01.zip,13 exutorios dentro/intersectando a geometria do granulo.
885,LAKESP,009,436,SA,2024-01-19T16:58:18Z,2024-01-19T17:06:44Z,11.350268363952637,13,0.0,0.0,bounding_box,SWOT_L2_HR_LakeSP_Prior_009_436_SA_20240119T165818_20240119T170644_PGD0_02,https://archive.swot.podaac.earthdata.nasa.gov/podaac-swot-ops-cumulus-protected/SWOT_L2_HR_LakeSP_D/SWOT_L2_HR_LakeSP_Prior_009_436_SA_20240119T165818_20240119T170644_PGD0_02.zip,13 exutorios dentro/intersectando a geometria do granulo.
886,LAKESP,009,408,SA,2024-01-18T16:59:05Z,2024-01-18T17:05:55Z,5.054966926574707,13,0.0,0.0,bounding_box,SWOT_L2_HR_LakeSP_Prior_009_408_SA_20240118T165905_20240118T170555_PGD0_01,https://archive.swot.podaac.earthdata.nasa.gov/podaac-swot-ops-cumulus-protected/SWOT_L2_HR_LakeSP_D/SWOT_L2_HR_LakeSP_Prior_009_408_SA_20240118T165905_20240118T170555_PGD0_01.zip,13 exutorios dentro/intersectando a geometria do granulo.
887,LAKESP,009,255,SA,2024-01-13T05:37:37Z,2024-01-13T05:47:44Z,11.523468017578125,13,0.0,0.0,bounding_box,SWOT_L2_HR_LakeSP_Prior_009_255_SA_20240113T053737_20240113T054744_PGD0_01,https://archive.swot.podaac.earthdata.nasa.gov/podaac-swot-ops-cumulus-protected/SWOT_L2_HR_LakeSP_D/SWOT_L2_HR_LakeSP_Prior_009_255_SA_20240113T053737_20240113T054744_PGD0_01.zip,13 exutorios dentro/intersectando a geometria do granulo.
888,LAKESP,009,227,SA,2024-01-12T05:38:07Z,2024-01-12T05:46:54Z,8.585227966308594,13,0.0,0.0,bounding_box,SWOT_L2_HR_LakeSP_Prior_009_227_SA_20240112T053807_20240112T054654_PGD0_01,https://archive.swot.podaac.earthdata.nasa.gov/podaac-swot-ops-cumulus-protected/SWOT_L2_HR_LakeSP_D/SWOT_L2_HR_LakeSP_Prior_009_227_SA_20240112T053807_20240112T054654_PGD0_01.zip,13 exutorios dentro/intersectando a geometria do granulo.
889,LAKESP,009,158,SA,2024-01-09T18:35:42Z,2024-01-09T18:44:56Z,7.882204055786133,13,0.0,0.0,bounding_box,SWOT_L2_HR_LakeSP_Prior_009_158_SA_20240109T183542_20240109T184456_PGD0_01,https://archive.swot.podaac.earthdata.nasa.gov/podaac-swot-ops-cumulus-protected/SWOT_L2_HR_LakeSP_D/SWOT_L2_HR_LakeSP_Prior_009_158_SA_20240109T183542_20240109T184456_PGD0_01.zip,13 exutorios dentro/intersectando a geometria do granulo.
890,LAKESP,008,533,SA,2024-01-02T07:15:29Z,2024-01-02T07:24:45Z,10.862421035766602,13,0.0,0.0,bounding_box,SWOT_L2_HR_LakeSP_Prior_008_533_SA_20240102T071529_20240102T072445_PGD0_01,https://archive.swot.podaac.earthdata.nasa.gov/podaac-swot-ops-cumulus-protected/SWOT_L2_HR_LakeSP_D/SWOT_L2_HR_LakeSP_Prior_008_533_SA_20240102T071529_20240102T072445_PGD0_01.zip,13 exutorios dentro/intersectando a geometria do granulo.
891,LAKESP,008,505,SA,2024-01-01T07:16:03Z,2024-01-01T07:23:53Z,5.402108192443848,13,0.0,0.0,bounding_box,SWOT_L2_HR_LakeSP_Prior_008_505_SA_20240101T071603_20240101T072353_PGD0_01,https://archive.swot.podaac.earthdata.nasa.gov/podaac-swot-ops-cumulus-protected/SWOT_L2_HR_LakeSP_D/SWOT_L2_HR_LakeSP_Prior_008_505_SA_20240101T071603_20240101T072353_PGD0_01.zip,13 exutorios dentro/intersectando a geometria do granulo.
892,LAKESP,008,436,SA,2023-12-29T20:13:13Z,2023-12-29T20:21:39Z,9.6488676071167,13,0.0,0.0,bounding_box,SWOT_L2_HR_LakeSP_Prior_008_436_SA_20231229T201313_20231229T202139_PGD0_01,https://archive.swot.podaac.earthdata.nasa.gov/podaac-swot-ops-cumulus-protected/SWOT_L2_HR_LakeSP_D/SWOT_L2_HR_LakeSP_Prior_008_436_SA_20231229T201313_20231229T202139_PGD0_01.zip,13 exutorios dentro/intersectando a geometria do granulo.
893,LAKESP,008,436,SA,2023-12-29T20:13:13Z,2023-12-29T20:21:39Z,9.648874282836914,13,0.0,0.0,bounding_box,SWOT_L2_HR_LakeSP_Prior_008_436_SA_20231229T201313_20231229T202139_PGD0_02,https://archive.swot.podaac.earthdata.nasa.gov/podaac-swot-ops-cumulus-protected/SWOT_L2_HR_LakeSP_D/SWOT_L2_HR_LakeSP_Prior_008_436_SA_20231229T201313_20231229T202139_PGD0_02.zip,13 exutorios dentro/intersectando a geometria do granulo.
894,LAKESP,008,408,SA,2023-12-28T20:13:59Z,2023-12-28T20:20:50Z,4.1943159103393555,13,0.0,0.0,bounding_box,SWOT_L2_HR_LakeSP_Prior_008_408_SA_20231228T201359_20231228T202050_PGD0_01,https://archive.swot.podaac.earthdata.nasa.gov/podaac-swot-ops-cumulus-protected/SWOT_L2_HR_LakeSP_D/SWOT_L2_HR_LakeSP_Prior_008_408_SA_20231228T201359_20231228T202050_PGD0_01.zip,13 exutorios dentro/intersectando a geometria do granulo.
895,LAKESP,008,255,SA,2023-12-23T08:52:32Z,2023-12-23T09:02:39Z,0.5771093368530273,13,0.0,0.0,bounding_box,SWOT_L2_HR_LakeSP_Prior_008_255_SA_20231223T085232_20231223T090239_PGD0_01,https://archive.swot.podaac.earthdata.nasa.gov/podaac-swot-ops-cumulus-protected/SWOT_L2_HR_LakeSP_D/SWOT_L2_HR_LakeSP_Prior_008_255_SA_20231223T085232_20231223T090239_PGD0_01.zip,13 exutorios dentro/intersectando a geometria do granulo.
896,LAKESP,008,227,SA,2023-12-22T08:53:02Z,2023-12-22T09:01:48Z,8.355545043945312,13,0.0,0.0,bounding_box,SWOT_L2_HR_LakeSP_Prior_008_227_SA_20231222T085302_20231222T090148_PGD0_01,https://archive.swot.podaac.earthdata.nasa.gov/podaac-swot-ops-cumulus-protected/SWOT_L2_HR_LakeSP_D/SWOT_L2_HR_LakeSP_Prior_008_227_SA_20231222T085302_20231222T090148_PGD0_01.zip,13 exutorios dentro/intersectando a geometria do granulo.
897,LAKESP,008,158,SA,2023-12-19T21:50:36Z,2023-12-19T21:59:50Z,6.989933013916016,13,0.0,0.0,bounding_box,SWOT_L2_HR_LakeSP_Prior_008_158_SA_20231219T215036_20231219T215950_PGD0_01,https://archive.swot.podaac.earthdata.nasa.gov/podaac-swot-ops-cumulus-protected/SWOT_L2_HR_LakeSP_D/SWOT_L2_HR_LakeSP_Prior_008_158_SA_20231219T215036_20231219T215950_PGD0_01.zip,13 exutorios dentro/intersectando a geometria do granulo.
898,LAKESP,008,130,SA,2023-12-18T21:51:11Z,2023-12-18T21:58:38Z,10.458740234375,13,0.0,0.0,bounding_box,SWOT_L2_HR_LakeSP_Prior_008_130_SA_20231218T215111_20231218T215838_PGD0_01,https://archive.swot.podaac.earthdata.nasa.gov/podaac-swot-ops-cumulus-protected/SWOT_L2_HR_LakeSP_D/SWOT_L2_HR_LakeSP_Prior_008_130_SA_20231218T215111_20231218T215838_PGD0_01.zip,13 exutorios dentro/intersectando a geometria do granulo.
899,LAKESP,007,533,SA,2023-12-12T10:30:23Z,2023-12-12T10:39:38Z,11.648022651672363,13,0.0,0.0,bounding_box,SWOT_L2_HR_LakeSP_Prior_007_533_SA_20231212T103023_20231212T103938_PGD0_01,https://archive.swot.podaac.earthdata.nasa.gov/podaac-swot-ops-cumulus-protected/SWOT_L2_HR_LakeSP_D/SWOT_L2_HR_LakeSP_Prior_007_533_SA_20231212T103023_20231212T103938_PGD0_01.zip,13 exutorios dentro/intersectando a geometria do granulo.
900,LAKESP,007,505,SA,2023-12-11T10:30:57Z,2023-12-11T10:38:46Z,5.602228164672852,13,0.0,0.0,bounding_box,SWOT_L2_HR_LakeSP_Prior_007_505_SA_20231211T103057_20231211T103846_PGD0_01,https://archive.swot.podaac.earthdata.nasa.gov/podaac-swot-ops-cumulus-protected/SWOT_L2_HR_LakeSP_D/SWOT_L2_HR_LakeSP_Prior_007_505_SA_20231211T103057_20231211T103846_PGD0_01.zip,13 exutorios dentro/intersectando a geometria do granulo.
901,LAKESP,007,436,SA,2023-12-08T23:28:07Z,2023-12-08T23:36:33Z,9.018256187438965,13,0.0,0.0,bounding_box,SWOT_L2_HR_LakeSP_Prior_007_436_SA_20231208T232807_20231208T233633_PGD0_01,https://archive.swot.podaac.earthdata.nasa.gov/podaac-swot-ops-cumulus-protected/SWOT_L2_HR_LakeSP_D/SWOT_L2_HR_LakeSP_Prior_007_436_SA_20231208T232807_20231208T233633_PGD0_01.zip,13 exutorios dentro/intersectando a geometria do granulo.
902,LAKESP,007,408,SA,2023-12-07T23:28:54Z,2023-12-07T23:35:44Z,3.966949462890625,13,0.0,0.0,bounding_box,SWOT_L2_HR_LakeSP_Prior_007_408_SA_20231207T232854_20231207T233544_PGD0_01,https://archive.swot.podaac.earthdata.nasa.gov/podaac-swot-ops-cumulus-protected/SWOT_L2_HR_LakeSP_D/SWOT_L2_HR_LakeSP_Prior_007_408_SA_20231207T232854_20231207T233544_PGD0_01.zip,13 exutorios dentro/intersectando a geometria do granulo.
903,LAKESP,007,255,SA,2023-12-02T12:07:28Z,2023-12-02T12:17:35Z,12.910236358642578,13,0.0,0.0,bounding_box,SWOT_L2_HR_LakeSP_Prior_007_255_SA_20231202T120728_20231202T121735_PGD0_01,https://archive.swot.podaac.earthdata.nasa.gov/podaac-swot-ops-cumulus-protected/SWOT_L2_HR_LakeSP_D/SWOT_L2_HR_LakeSP_Prior_007_255_SA_20231202T120728_20231202T121735_PGD0_01.zip,13 exutorios dentro/intersectando a geometria do granulo.
904,LAKESP,007,227,SA,2023-12-01T12:07:58Z,2023-12-01T12:16:44Z,10.732671737670898,13,0.0,0.0,bounding_box,SWOT_L2_HR_LakeSP_Prior_007_227_SA_20231201T120758_20231201T121644_PGD0_01,https://archive.swot.podaac.earthdata.nasa.gov/podaac-swot-ops-cumulus-protected/SWOT_L2_HR_LakeSP_D/SWOT_L2_HR_LakeSP_Prior_007_227_SA_20231201T120758_20231201T121644_PGD0_01.zip,13 exutorios dentro/intersectando a geometria do granulo.
905,LAKESP,007,158,SA,2023-11-29T01:05:33Z,2023-11-29T01:14:46Z,5.885649681091309,13,0.0,0.0,bounding_box,SWOT_L2_HR_LakeSP_Prior_007_158_SA_20231129T010533_20231129T011446_PGD0_01,https://archive.swot.podaac.earthdata.nasa.gov/podaac-swot-ops-cumulus-protected/SWOT_L2_HR_LakeSP_D/SWOT_L2_HR_LakeSP_Prior_007_158_SA_20231129T010533_20231129T011446_PGD0_01.zip,13 exutorios dentro/intersectando a geometria do granulo.
906,LAKESP,007,130,SA,2023-11-28T01:06:08Z,2023-11-28T01:13:34Z,9.804285049438477,13,0.0,0.0,bounding_box,SWOT_L2_HR_LakeSP_Prior_007_130_SA_20231128T010608_20231128T011334_PGD0_01,https://archive.swot.podaac.earthdata.nasa.gov/podaac-swot-ops-cumulus-protected/SWOT_L2_HR_LakeSP_D/SWOT_L2_HR_LakeSP_Prior_007_130_SA_20231128T010608_20231128T011334_PGD0_01.zip,13 exutorios dentro/intersectando a geometria do granulo.
907,LAKESP,006,533,SA,2023-11-21T13:45:18Z,2023-11-21T13:54:34Z,12.845056533813477,13,0.0,0.0,bounding_box,SWOT_L2_HR_LakeSP_Prior_006_533_SA_20231121T134518_20231121T135434_PGD0_01,https://archive.swot.podaac.earthdata.nasa.gov/podaac-swot-ops-cumulus-protected/SWOT_L2_HR_LakeSP_D/SWOT_L2_HR_LakeSP_Prior_006_533_SA_20231121T134518_20231121T135434_PGD0_01.zip,13 exutorios dentro/intersectando a geometria do granulo.
908,LAKESP,006,505,SA,2023-11-20T13:45:52Z,2023-11-20T13:53:42Z,6.5741472244262695,13,0.0,0.0,bounding_box,SWOT_L2_HR_LakeSP_Prior_006_505_SA_20231120T134552_20231120T135342_PGD0_01,https://archive.swot.podaac.earthdata.nasa.gov/podaac-swot-ops-cumulus-protected/SWOT_L2_HR_LakeSP_D/SWOT_L2_HR_LakeSP_Prior_006_505_SA_20231120T134552_20231120T135342_PGD0_01.zip,13 exutorios dentro/intersectando a geometria do granulo.
909,LAKESP,006,436,SA,2023-11-18T02:44:09Z,2023-11-18T02:51:28Z,8.330658912658691,13,0.0,0.0,bounding_box,SWOT_L2_HR_LakeSP_Prior_006_436_SA_20231118T024409_20231118T025128_PGD0_01,https://archive.swot.podaac.earthdata.nasa.gov/podaac-swot-ops-cumulus-protected/SWOT_L2_HR_LakeSP_D/SWOT_L2_HR_LakeSP_Prior_006_436_SA_20231118T024409_20231118T025128_PGD0_01.zip,13 exutorios dentro/intersectando a geometria do granulo.
910,LAKESP,006,408,SA,2023-11-17T02:43:48Z,2023-11-17T02:50:38Z,3.812981605529785,13,0.0,0.0,bounding_box,SWOT_L2_HR_LakeSP_Prior_006_408_SA_20231117T024348_20231117T025038_PGD0_01,https://archive.swot.podaac.earthdata.nasa.gov/podaac-swot-ops-cumulus-protected/SWOT_L2_HR_LakeSP_D/SWOT_L2_HR_LakeSP_Prior_006_408_SA_20231117T024348_20231117T025038_PGD0_01.zip,13 exutorios dentro/intersectando a geometria do granulo.
911,LAKESP,006,255,SA,2023-11-11T15:22:22Z,2023-11-11T15:32:29Z,17.317333221435547,13,0.0,0.0,bounding_box,SWOT_L2_HR_LakeSP_Prior_006_255_SA_20231111T152222_20231111T153229_PGD0_01,https://archive.swot.podaac.earthdata.nasa.gov/podaac-swot-ops-cumulus-protected/SWOT_L2_HR_LakeSP_D/SWOT_L2_HR_LakeSP_Prior_006_255_SA_20231111T152222_20231111T153229_PGD0_01.zip,13 exutorios dentro/intersectando a geometria do granulo.
912,LAKESP,006,227,SA,2023-11-10T15:22:52Z,2023-11-10T15:31:39Z,11.45555305480957,13,0.0,0.0,bounding_box,SWOT_L2_HR_LakeSP_Prior_006_227_SA_20231110T152252_20231110T153139_PGD0_01,https://archive.swot.podaac.earthdata.nasa.gov/podaac-swot-ops-cumulus-protected/SWOT_L2_HR_LakeSP_D/SWOT_L2_HR_LakeSP_Prior_006_227_SA_20231110T152252_20231110T153139_PGD0_01.zip,13 exutorios dentro/intersectando a geometria do granulo.
913,LAKESP,006,158,SA,2023-11-08T04:20:27Z,2023-11-08T04:29:41Z,6.145483016967773,13,0.0,0.0,bounding_box,SWOT_L2_HR_LakeSP_Prior_006_158_SA_20231108T042027_20231108T042941_PGD0_01,https://archive.swot.podaac.earthdata.nasa.gov/podaac-swot-ops-cumulus-protected/SWOT_L2_HR_LakeSP_D/SWOT_L2_HR_LakeSP_Prior_006_158_SA_20231108T042027_20231108T042941_PGD0_01.zip,13 exutorios dentro/intersectando a geometria do granulo.
914,LAKESP,006,130,SA,2023-11-07T04:21:02Z,2023-11-07T04:28:29Z,10.269899368286133,13,0.0,0.0,bounding_box,SWOT_L2_HR_LakeSP_Prior_006_130_SA_20231107T042102_20231107T042829_PGD0_01,https://archive.swot.podaac.earthdata.nasa.gov/podaac-swot-ops-cumulus-protected/SWOT_L2_HR_LakeSP_D/SWOT_L2_HR_LakeSP_Prior_006_130_SA_20231107T042102_20231107T042829_PGD0_01.zip,13 exutorios dentro/intersectando a geometria do granulo.
915,LAKESP,005,533,SA,2023-10-31T17:00:13Z,2023-10-31T17:09:29Z,13.516899108886719,13,0.0,0.0,bounding_box,SWOT_L2_HR_LakeSP_Prior_005_533_SA_20231031T170013_20231031T170929_PGD0_01,https://archive.swot.podaac.earthdata.nasa.gov/podaac-swot-ops-cumulus-protected/SWOT_L2_HR_LakeSP_D/SWOT_L2_HR_LakeSP_Prior_005_533_SA_20231031T170013_20231031T170929_PGD0_01.zip,13 exutorios dentro/intersectando a geometria do granulo.
916,LAKESP,005,505,SA,2023-10-30T17:00:47Z,2023-10-30T17:08:37Z,6.533387184143066,13,0.0,0.0,bounding_box,SWOT_L2_HR_LakeSP_Prior_005_505_SA_20231030T170047_20231030T170837_PGD0_01,https://archive.swot.podaac.earthdata.nasa.gov/podaac-swot-ops-cumulus-protected/SWOT_L2_HR_LakeSP_D/SWOT_L2_HR_LakeSP_Prior_005_505_SA_20231030T170047_20231030T170837_PGD0_01.zip,13 exutorios dentro/intersectando a geometria do granulo.
917,LAKESP,005,436,SA,2023-10-28T05:57:57Z,2023-10-28T06:06:23Z,8.102483749389648,13,0.0,0.0,bounding_box,SWOT_L2_HR_LakeSP_Prior_005_436_SA_20231028T055757_20231028T060623_PGD0_01,https://archive.swot.podaac.earthdata.nasa.gov/podaac-swot-ops-cumulus-protected/SWOT_L2_HR_LakeSP_D/SWOT_L2_HR_LakeSP_Prior_005_436_SA_20231028T055757_20231028T060623_PGD0_01.zip,13 exutorios dentro/intersectando a geometria do granulo.
918,LAKESP,005,408,SA,2023-10-27T05:58:43Z,2023-10-27T06:05:33Z,3.736424446105957,13,0.0,0.0,bounding_box,SWOT_L2_HR_LakeSP_Prior_005_408_SA_20231027T055843_20231027T060533_PGD0_01,https://archive.swot.podaac.earthdata.nasa.gov/podaac-swot-ops-cumulus-protected/SWOT_L2_HR_LakeSP_D/SWOT_L2_HR_LakeSP_Prior_005_408_SA_20231027T055843_20231027T060533_PGD0_01.zip,13 exutorios dentro/intersectando a geometria do granulo.
919,LAKESP,005,255,SA,2023-10-21T18:37:17Z,2023-10-21T18:47:24Z,13.733072280883789,13,0.0,0.0,bounding_box,SWOT_L2_HR_LakeSP_Prior_005_255_SA_20231021T183717_20231021T184724_PGD0_01,https://archive.swot.podaac.earthdata.nasa.gov/podaac-swot-ops-cumulus-protected/SWOT_L2_HR_LakeSP_D/SWOT_L2_HR_LakeSP_Prior_005_255_SA_20231021T183717_20231021T184724_PGD0_01.zip,13 exutorios dentro/intersectando a geometria do granulo.
920,LAKESP,005,227,SA,2023-10-20T18:37:47Z,2023-10-20T18:46:34Z,11.227910041809082,13,0.0,0.0,bounding_box,SWOT_L2_HR_LakeSP_Prior_005_227_SA_20231020T183747_20231020T184634_PGD0_01,https://archive.swot.podaac.earthdata.nasa.gov/podaac-swot-ops-cumulus-protected/SWOT_L2_HR_LakeSP_D/SWOT_L2_HR_LakeSP_Prior_005_227_SA_20231020T183747_20231020T184634_PGD0_01.zip,13 exutorios dentro/intersectando a geometria do granulo.
921,LAKESP,005,158,SA,2023-10-18T07:35:22Z,2023-10-18T07:44:35Z,6.423558235168457,13,0.0,0.0,bounding_box,SWOT_L2_HR_LakeSP_Prior_005_158_SA_20231018T073522_20231018T074435_PGD0_01,https://archive.swot.podaac.earthdata.nasa.gov/podaac-swot-ops-cumulus-protected/SWOT_L2_HR_LakeSP_D/SWOT_L2_HR_LakeSP_Prior_005_158_SA_20231018T073522_20231018T074435_PGD0_01.zip,13 exutorios dentro/intersectando a geometria do granulo.
922,LAKESP,005,130,SA,2023-10-17T07:35:57Z,2023-10-17T07:43:24Z,10.34298038482666,13,0.0,0.0,bounding_box,SWOT_L2_HR_LakeSP_Prior_005_130_SA_20231017T073557_20231017T074324_PGD0_01,https://archive.swot.podaac.earthdata.nasa.gov/podaac-swot-ops-cumulus-protected/SWOT_L2_HR_LakeSP_D/SWOT_L2_HR_LakeSP_Prior_005_130_SA_20231017T073557_20231017T074324_PGD0_01.zip,13 exutorios dentro/intersectando a geometria do granulo.
923,LAKESP,004,533,SA,2023-10-10T20:15:08Z,2023-10-10T20:24:23Z,12.920743942260742,13,0.0,0.0,bounding_box,SWOT_L2_HR_LakeSP_Prior_004_533_SA_20231010T201508_20231010T202423_PGD0_01,https://archive.swot.podaac.earthdata.nasa.gov/podaac-swot-ops-cumulus-protected/SWOT_L2_HR_LakeSP_D/SWOT_L2_HR_LakeSP_Prior_004_533_SA_20231010T201508_20231010T202423_PGD0_01.zip,13 exutorios dentro/intersectando a geometria do granulo.
924,LAKESP,004,505,SA,2023-10-09T20:15:42Z,2023-10-09T20:23:31Z,6.393276214599609,13,0.0,0.0,bounding_box,SWOT_L2_HR_LakeSP_Prior_004_505_SA_20231009T201541_20231009T202331_PGD0_01,https://archive.swot.podaac.earthdata.nasa.gov/podaac-swot-ops-cumulus-protected/SWOT_L2_HR_LakeSP_D/SWOT_L2_HR_LakeSP_Prior_004_505_SA_20231009T201541_20231009T202331_PGD0_01.zip,13 exutorios dentro/intersectando a geometria do granulo.
925,LAKESP,004,436,SA,2023-10-07T09:12:51Z,2023-10-07T09:21:17Z,8.370241165161133,13,0.0,0.0,bounding_box,SWOT_L2_HR_LakeSP_Prior_004_436_SA_20231007T091251_20231007T092117_PGD0_01,https://archive.swot.podaac.earthdata.nasa.gov/podaac-swot-ops-cumulus-protected/SWOT_L2_HR_LakeSP_D/SWOT_L2_HR_LakeSP_Prior_004_436_SA_20231007T091251_20231007T092117_PGD0_01.zip,13 exutorios dentro/intersectando a geometria do granulo.
926,LAKESP,004,408,SA,2023-10-06T09:13:38Z,2023-10-06T09:20:28Z,3.901272773742676,13,0.0,0.0,bounding_box,SWOT_L2_HR_LakeSP_Prior_004_408_SA_20231006T091338_20231006T092028_PGD0_01,https://archive.swot.podaac.earthdata.nasa.gov/podaac-swot-ops-cumulus-protected/SWOT_L2_HR_LakeSP_D/SWOT_L2_HR_LakeSP_Prior_004_408_SA_20231006T091338_20231006T092028_PGD0_01.zip,13 exutorios dentro/intersectando a geometria do granulo.
927,LAKESP,004,255,SA,2023-09-30T21:52:13Z,2023-09-30T22:02:20Z,12.586418151855469,13,0.0,0.0,bounding_box,SWOT_L2_HR_LakeSP_Prior_004_255_SA_20230930T215213_20230930T220220_PGD0_01,https://archive.swot.podaac.earthdata.nasa.gov/podaac-swot-ops-cumulus-protected/SWOT_L2_HR_LakeSP_D/SWOT_L2_HR_LakeSP_Prior_004_255_SA_20230930T215213_20230930T220220_PGD0_01.zip,13 exutorios dentro/intersectando a geometria do granulo.
928,LAKESP,004,227,SA,2023-09-29T21:52:43Z,2023-09-29T22:01:30Z,10.27371883392334,13,0.0,0.0,bounding_box,SWOT_L2_HR_LakeSP_Prior_004_227_SA_20230929T215243_20230929T220130_PGD0_01,https://archive.swot.podaac.earthdata.nasa.gov/podaac-swot-ops-cumulus-protected/SWOT_L2_HR_LakeSP_D/SWOT_L2_HR_LakeSP_Prior_004_227_SA_20230929T215243_20230929T220130_PGD0_01.zip,13 exutorios dentro/intersectando a geometria do granulo.
929,LAKESP,003,533,SA,2023-09-19T23:30:06Z,2023-09-19T23:39:21Z,11.933964729309082,13,0.0,0.0,bounding_box,SWOT_L2_HR_LakeSP_Prior_003_533_SA_20230919T233006_20230919T233921_PGD0_01,https://archive.swot.podaac.earthdata.nasa.gov/podaac-swot-ops-cumulus-protected/SWOT_L2_HR_LakeSP_D/SWOT_L2_HR_LakeSP_Prior_003_533_SA_20230919T233006_20230919T233921_PGD0_01.zip,13 exutorios dentro/intersectando a geometria do granulo.
930,LAKESP,003,505,SA,2023-09-18T23:30:40Z,2023-09-18T23:38:29Z,5.612327575683594,13,0.0,0.0,bounding_box,SWOT_L2_HR_LakeSP_Prior_003_505_SA_20230918T233040_20230918T233829_PGD0_01,https://archive.swot.podaac.earthdata.nasa.gov/podaac-swot-ops-cumulus-protected/SWOT_L2_HR_LakeSP_D/SWOT_L2_HR_LakeSP_Prior_003_505_SA_20230918T233040_20230918T233829_PGD0_01.zip,13 exutorios dentro/intersectando a geometria do granulo.
931,LAKESP,003,436,SA,2023-09-16T12:27:50Z,2023-09-16T12:36:16Z,11.484579086303711,13,0.0,0.0,bounding_box,SWOT_L2_HR_LakeSP_Prior_003_436_SA_20230916T122750_20230916T123616_PGD0_01,https://archive.swot.podaac.earthdata.nasa.gov/podaac-swot-ops-cumulus-protected/SWOT_L2_HR_LakeSP_D/SWOT_L2_HR_LakeSP_Prior_003_436_SA_20230916T122750_20230916T123616_PGD0_01.zip,13 exutorios dentro/intersectando a geometria do granulo.
932,LAKESP,003,408,SA,2023-09-15T12:28:36Z,2023-09-15T12:35:27Z,4.9517927169799805,13,0.0,0.0,bounding_box,SWOT_L2_HR_LakeSP_Prior_003_408_SA_20230915T122836_20230915T123527_PGD0_01,https://archive.swot.podaac.earthdata.nasa.gov/podaac-swot-ops-cumulus-protected/SWOT_L2_HR_LakeSP_D/SWOT_L2_HR_LakeSP_Prior_003_408_SA_20230915T122836_20230915T123527_PGD0_01.zip,13 exutorios dentro/intersectando a geometria do granulo.
933,LAKESP,003,255,SA,2023-09-10T01:12:20Z,2023-09-10T01:17:06Z,2.156275749206543,13,0.0,0.0,bounding_box,SWOT_L2_HR_LakeSP_Prior_003_255_SA_20230910T011220_20230910T011706_PGD0_01,https://archive.swot.podaac.earthdata.nasa.gov/podaac-swot-ops-cumulus-protected/SWOT_L2_HR_LakeSP_D/SWOT_L2_HR_LakeSP_Prior_003_255_SA_20230910T011220_20230910T011706_PGD0_01.zip,13 exutorios dentro/intersectando a geometria do granulo.
934,LAKESP,003,227,SA,2023-09-09T01:12:11Z,2023-09-09T01:14:48Z,0.7576408386230469,13,0.0,0.0,bounding_box,SWOT_L2_HR_LakeSP_Prior_003_227_SA_20230909T011211_20230909T011448_PGD0_01,https://archive.swot.podaac.earthdata.nasa.gov/podaac-swot-ops-cumulus-protected/SWOT_L2_HR_LakeSP_D/SWOT_L2_HR_LakeSP_Prior_003_227_SA_20230909T011211_20230909T011448_PGD0_01.zip,13 exutorios dentro/intersectando a geometria do granulo.
935,LAKESP,003,130,SA,2023-09-05T14:05:48Z,2023-09-05T14:10:52Z,6.919713020324707,13,0.0,0.0,bounding_box,SWOT_L2_HR_LakeSP_Prior_003_130_SA_20230905T140548_20230905T141052_PGD0_01,https://archive.swot.podaac.earthdata.nasa.gov/podaac-swot-ops-cumulus-protected/SWOT_L2_HR_LakeSP_D/SWOT_L2_HR_LakeSP_Prior_003_130_SA_20230905T140548_20230905T141052_PGD0_01.zip,13 exutorios dentro/intersectando a geometria do granulo.
936,LAKESP,002,533,SA,2023-08-30T02:49:43Z,2023-08-30T02:54:02Z,4.1431074142456055,13,0.0,0.0,bounding_box,SWOT_L2_HR_LakeSP_Prior_002_533_SA_20230830T024943_20230830T025402_PGD0_01,https://archive.swot.podaac.earthdata.nasa.gov/podaac-swot-ops-cumulus-protected/SWOT_L2_HR_LakeSP_D/SWOT_L2_HR_LakeSP_Prior_002_533_SA_20230830T024943_20230830T025402_PGD0_01.zip,13 exutorios dentro/intersectando a geometria do granulo.
937,LAKESP,002,436,SA,2023-08-26T15:42:45Z,2023-08-26T15:48:38Z,6.515497207641602,13,0.0,0.0,bounding_box,SWOT_L2_HR_LakeSP_Prior_002_436_SA_20230826T154245_20230826T154838_PGD0_01,https://archive.swot.podaac.earthdata.nasa.gov/podaac-swot-ops-cumulus-protected/SWOT_L2_HR_LakeSP_D/SWOT_L2_HR_LakeSP_Prior_002_436_SA_20230826T154245_20230826T154838_PGD0_01.zip,13 exutorios dentro/intersectando a geometria do granulo.
938,LAKESP,001,533,SA,2023-08-09T06:00:02Z,2023-08-09T06:09:04Z,11.155585289001465,13,0.0,0.0,bounding_box,SWOT_L2_HR_LakeSP_Prior_001_533_SA_20230809T060002_20230809T060904_PGD0_01,https://archive.swot.podaac.earthdata.nasa.gov/podaac-swot-ops-cumulus-protected/SWOT_L2_HR_LakeSP_D/SWOT_L2_HR_LakeSP_Prior_001_533_SA_20230809T060002_20230809T060904_PGD0_01.zip,13 exutorios dentro/intersectando a geometria do granulo.
939,LAKESP,001,533,SA,2023-08-09T05:59:55Z,2023-08-09T06:09:11Z,11.586865425109863,13,0.0,0.0,bounding_box,SWOT_L2_HR_LakeSP_Prior_001_533_SA_20230809T055955_20230809T060911_PGD0_02,https://archive.swot.podaac.earthdata.nasa.gov/podaac-swot-ops-cumulus-protected/SWOT_L2_HR_LakeSP_D/SWOT_L2_HR_LakeSP_Prior_001_533_SA_20230809T055955_20230809T060911_PGD0_02.zip,13 exutorios dentro/intersectando a geometria do granulo.
940,LAKESP,001,505,SA,2023-08-08T06:00:31Z,2023-08-08T06:08:12Z,6.369179725646973,13,0.0,0.0,bounding_box,SWOT_L2_HR_LakeSP_Prior_001_505_SA_20230808T060031_20230808T060812_PGD0_01,https://archive.swot.podaac.earthdata.nasa.gov/podaac-swot-ops-cumulus-protected/SWOT_L2_HR_LakeSP_D/SWOT_L2_HR_LakeSP_Prior_001_505_SA_20230808T060031_20230808T060812_PGD0_01.zip,13 exutorios dentro/intersectando a geometria do granulo.
941,LAKESP,001,505,SA,2023-08-08T06:00:29Z,2023-08-08T06:08:19Z,6.398587226867676,13,0.0,0.0,bounding_box,SWOT_L2_HR_LakeSP_Prior_001_505_SA_20230808T060029_20230808T060819_PGD0_02,https://archive.swot.podaac.earthdata.nasa.gov/podaac-swot-ops-cumulus-protected/SWOT_L2_HR_LakeSP_D/SWOT_L2_HR_LakeSP_Prior_001_505_SA_20230808T060029_20230808T060819_PGD0_02.zip,13 exutorios dentro/intersectando a geometria do granulo.
942,LAKESP,001,436,SA,2023-08-05T18:57:46Z,2023-08-05T19:05:58Z,10.507368087768555,13,0.0,0.0,bounding_box,SWOT_L2_HR_LakeSP_Prior_001_436_SA_20230805T185746_20230805T190558_PGD0_01,https://archive.swot.podaac.earthdata.nasa.gov/podaac-swot-ops-cumulus-protected/SWOT_L2_HR_LakeSP_D/SWOT_L2_HR_LakeSP_Prior_001_436_SA_20230805T185746_20230805T190558_PGD0_01.zip,13 exutorios dentro/intersectando a geometria do granulo.
943,LAKESP,001,436,SA,2023-08-05T18:57:39Z,2023-08-05T19:06:05Z,10.55349349975586,13,0.0,0.0,bounding_box,SWOT_L2_HR_LakeSP_Prior_001_436_SA_20230805T185739_20230805T190605_PGD0_02,https://archive.swot.podaac.earthdata.nasa.gov/podaac-swot-ops-cumulus-protected/SWOT_L2_HR_LakeSP_D/SWOT_L2_HR_LakeSP_Prior_001_436_SA_20230805T185739_20230805T190605_PGD0_02.zip,13 exutorios dentro/intersectando a geometria do granulo.
944,LAKESP,001,408,SA,2023-08-04T18:58:25Z,2023-08-04T19:05:16Z,4.87257194519043,13,0.0,0.0,bounding_box,SWOT_L2_HR_LakeSP_Prior_001_408_SA_20230804T185825_20230804T190516_PGD0_01,https://archive.swot.podaac.earthdata.nasa.gov/podaac-swot-ops-cumulus-protected/SWOT_L2_HR_LakeSP_D/SWOT_L2_HR_LakeSP_Prior_001_408_SA_20230804T185825_20230804T190516_PGD0_01.zip,13 exutorios dentro/intersectando a geometria do granulo.
945,LAKESP,001,408,SA,2023-08-04T18:58:25Z,2023-08-04T19:05:16Z,4.872576713562012,13,0.0,0.0,bounding_box,SWOT_L2_HR_LakeSP_Prior_001_408_SA_20230804T185825_20230804T190516_PGD0_02,https://archive.swot.podaac.earthdata.nasa.gov/podaac-swot-ops-cumulus-protected/SWOT_L2_HR_LakeSP_D/SWOT_L2_HR_LakeSP_Prior_001_408_SA_20230804T185825_20230804T190516_PGD0_02.zip,13 exutorios dentro/intersectando a geometria do granulo.
946,LAKESP,001,255,SA,2023-07-30T07:37:04Z,2023-07-30T07:47:05Z,7.513251304626465,13,0.0,0.0,bounding_box,SWOT_L2_HR_LakeSP_Prior_001_255_SA_20230730T073704_20230730T074705_PGD0_01,https://archive.swot.podaac.earthdata.nasa.gov/podaac-swot-ops-cumulus-protected/SWOT_L2_HR_LakeSP_D/SWOT_L2_HR_LakeSP_Prior_001_255_SA_20230730T073704_20230730T074705_PGD0_01.zip,13 exutorios dentro/intersectando a geometria do granulo.
947,LAKESP,001,227,SA,2023-07-29T07:37:33Z,2023-07-29T07:46:15Z,9.21799373626709,13,0.0,0.0,bounding_box,SWOT_L2_HR_LakeSP_Prior_001_227_SA_20230729T073733_20230729T074615_PGD0_01,https://archive.swot.podaac.earthdata.nasa.gov/podaac-swot-ops-cumulus-protected/SWOT_L2_HR_LakeSP_D/SWOT_L2_HR_LakeSP_Prior_001_227_SA_20230729T073733_20230729T074615_PGD0_01.zip,13 exutorios dentro/intersectando a geometria do granulo.
948,LAKESP,001,227,SA,2023-07-29T07:37:28Z,2023-07-29T07:46:15Z,9.263519287109375,13,0.0,0.0,bounding_box,SWOT_L2_HR_LakeSP_Prior_001_227_SA_20230729T073728_20230729T074615_PGD0_02,https://archive.swot.podaac.earthdata.nasa.gov/podaac-swot-ops-cumulus-protected/SWOT_L2_HR_LakeSP_D/SWOT_L2_HR_LakeSP_Prior_001_227_SA_20230729T073728_20230729T074615_PGD0_02.zip,13 exutorios dentro/intersectando a geometria do granulo.
949,LAKESP,001,158,SA,2023-07-26T20:35:03Z,2023-07-26T20:44:16Z,7.578032493591309,13,0.0,0.0,bounding_box,SWOT_L2_HR_LakeSP_Prior_001_158_SA_20230726T203503_20230726T204416_PGD0_01,https://archive.swot.podaac.earthdata.nasa.gov/podaac-swot-ops-cumulus-protected/SWOT_L2_HR_LakeSP_D/SWOT_L2_HR_LakeSP_Prior_001_158_SA_20230726T203503_20230726T204416_PGD0_01.zip,13 exutorios dentro/intersectando a geometria do granulo.
950,PIXC,055,227,127L,2026-08-29T00:16:10Z,2026-08-29T00:16:21Z,311.3316822052002,13,0.0,0.0,bounding_box,SWOT_L2_HR_PIXC_055_227_127L_20260829T001610_20260829T001621_PID0_01,https://archive.swot.podaac.earthdata.nasa.gov/podaac-swot-ops-cumulus-protected/SWOT_L2_HR_PIXC_D/SWOT_L2_HR_PIXC_055_227_127L_20260829T001610_20260829T001621_PID0_01.nc,13 exutorios dentro/intersectando a geometria do granulo.
951,PIXC,055,130,182R,2026-08-25T13:14:54Z,2026-08-25T13:15:05Z,399.4929618835449,13,0.0,0.0,bounding_box,SWOT_L2_HR_PIXC_055_130_182R_20260825T131454_20260825T131505_PID0_01,https://archive.swot.podaac.earthdata.nasa.gov/podaac-swot-ops-cumulus-protected/SWOT_L2_HR_PIXC_D/SWOT_L2_HR_PIXC_055_130_182R_20260825T131454_20260825T131505_PID0_01.nc,13 exutorios dentro/intersectando a geometria do granulo.
952,PIXC,055,130,181R,2026-08-25T13:14:44Z,2026-08-25T13:14:55Z,224.705002784729,13,0.0,0.0,bounding_box,SWOT_L2_HR_PIXC_055_130_181R_20260825T131444_20260825T131455_PID0_01,https://archive.swot.podaac.earthdata.nasa.gov/podaac-swot-ops-cumulus-protected/SWOT_L2_HR_PIXC_D/SWOT_L2_HR_PIXC_055_130_181R_20260825T131444_20260825T131455_PID0_01.nc,13 exutorios dentro/intersectando a geometria do granulo.
953,PIXC,054,436,182L,2026-08-15T14:52:37Z,2026-08-15T14:52:48Z,388.74597358703613,13,0.0,0.0,bounding_box,SWOT_L2_HR_PIXC_054_436_182L_20260815T145237_20260815T145248_PID0_01,https://archive.swot.podaac.earthdata.nasa.gov/podaac-swot-ops-cumulus-protected/SWOT_L2_HR_PIXC_D/SWOT_L2_HR_PIXC_054_436_182L_20260815T145237_20260815T145248_PID0_01.nc,13 exutorios dentro/intersectando a geometria do granulo.
954,PIXC,054,227,127L,2026-08-08T03:31:05Z,2026-08-08T03:31:16Z,340.8657236099243,13,0.0,0.0,bounding_box,SWOT_L2_HR_PIXC_054_227_127L_20260808T033105_20260808T033116_PID0_01,https://archive.swot.podaac.earthdata.nasa.gov/podaac-swot-ops-cumulus-protected/SWOT_L2_HR_PIXC_D/SWOT_L2_HR_PIXC_054_227_127L_20260808T033105_20260808T033116_PID0_01.nc,13 exutorios dentro/intersectando a geometria do granulo.
955,PIXC,054,130,182R,2026-08-04T16:29:49Z,2026-08-04T16:30:00Z,390.70135402679443,13,0.0,0.0,bounding_box,SWOT_L2_HR_PIXC_054_130_182R_20260804T162949_20260804T163000_PID0_01,https://archive.swot.podaac.earthdata.nasa.gov/podaac-swot-ops-cumulus-protected/SWOT_L2_HR_PIXC_D/SWOT_L2_HR_PIXC_054_130_182R_20260804T162949_20260804T163000_PID0_01.nc,13 exutorios dentro/intersectando a geometria do granulo.
956,PIXC,054,130,181R,2026-08-04T16:29:39Z,2026-08-04T16:29:50Z,209.09959888458252,13,0.0,0.0,bounding_box,SWOT_L2_HR_PIXC_054_130_181R_20260804T162939_20260804T162950_PID0_01,https://archive.swot.podaac.earthdata.nasa.gov/podaac-swot-ops-cumulus-protected/SWOT_L2_HR_PIXC_D/SWOT_L2_HR_PIXC_054_130_181R_20260804T162939_20260804T162950_PID0_01.nc,13 exutorios dentro/intersectando a geometria do granulo.
957,PIXC,053,436,182L,2026-07-25T18:07:31Z,2026-07-25T18:07:42Z,393.1437587738037,13,0.0,0.0,bounding_box,SWOT_L2_HR_PIXC_053_436_182L_20260725T180731_20260725T180742_PID0_01,https://archive.swot.podaac.earthdata.nasa.gov/podaac-swot-ops-cumulus-protected/SWOT_L2_HR_PIXC_D/SWOT_L2_HR_PIXC_053_436_182L_20260725T180731_20260725T180742_PID0_01.nc,13 exutorios dentro/intersectando a geometria do granulo.
958,PIXC,053,227,127L,2026-07-18T06:46:00Z,2026-07-18T06:46:11Z,341.203311920166,13,0.0,0.0,bounding_box,SWOT_L2_HR_PIXC_053_227_127L_20260718T064600_20260718T064611_PID0_01,https://archive.swot.podaac.earthdata.nasa.gov/podaac-swot-ops-cumulus-protected/SWOT_L2_HR_PIXC_D/SWOT_L2_HR_PIXC_053_227_127L_20260718T064600_20260718T064611_PID0_01.nc,13 exutorios dentro/intersectando a geometria do granulo.
959,PIXC,053,130,182R,2026-07-14T19:44:44Z,2026-07-14T19:44:55Z,387.43353366851807,13,0.0,0.0,bounding_box,SWOT_L2_HR_PIXC_053_130_182R_20260714T194444_20260714T194455_PID0_01,https://archive.swot.podaac.earthdata.nasa.gov/podaac-swot-ops-cumulus-protected/SWOT_L2_HR_PIXC_D/SWOT_L2_HR_PIXC_053_130_182R_20260714T194444_20260714T194455_PID0_01.nc,13 exutorios dentro/intersectando a geometria do granulo.
960,PIXC,053,130,181R,2026-07-14T19:44:34Z,2026-07-14T19:44:45Z,192.90622806549072,13,0.0,0.0,bounding_box,SWOT_L2_HR_PIXC_053_130_181R_20260714T194434_20260714T194445_PID0_01,https://archive.swot.podaac.earthdata.nasa.gov/podaac-swot-ops-cumulus-protected/SWOT_L2_HR_PIXC_D/SWOT_L2_HR_PIXC_053_130_181R_20260714T194434_20260714T194445_PID0_01.nc,13 exutorios dentro/intersectando a geometria do granulo.
961,PIXC,052,436,182L,2026-07-04T21:22:28Z,2026-07-04T21:22:39Z,402.87508964538574,13,0.0,0.0,bounding_box,SWOT_L2_HR_PIXC_052_436_182L_20260704T212228_20260704T212239_PID0_01,https://archive.swot.podaac.earthdata.nasa.gov/podaac-swot-ops-cumulus-protected/SWOT_L2_HR_PIXC_D/SWOT_L2_HR_PIXC_052_436_182L_20260704T212228_20260704T212239_PID0_01.nc,13 exutorios dentro/intersectando a geometria do granulo.
962,PIXC,052,227,127L,2026-06-27T10:00:57Z,2026-06-27T10:01:08Z,347.90717029571533,13,0.0,0.0,bounding_box,SWOT_L2_HR_PIXC_052_227_127L_20260627T100057_20260627T100108_PID0_01,https://archive.swot.podaac.earthdata.nasa.gov/podaac-swot-ops-cumulus-protected/SWOT_L2_HR_PIXC_D/SWOT_L2_HR_PIXC_052_227_127L_20260627T100057_20260627T100108_PID0_01.nc,13 exutorios dentro/intersectando a geometria do granulo.
963,PIXC,052,130,182R,2026-06-23T22:59:41Z,2026-06-23T22:59:52Z,384.27001094818115,13,0.0,0.0,bounding_box,SWOT_L2_HR_PIXC_052_130_182R_20260623T225941_20260623T225952_PID0_01,https://archive.swot.podaac.earthdata.nasa.gov/podaac-swot-ops-cumulus-protected/SWOT_L2_HR_PIXC_D/SWOT_L2_HR_PIXC_052_130_182R_20260623T225941_20260623T225952_PID0_01.nc,13 exutorios dentro/intersectando a geometria do granulo.
964,PIXC,052,130,181R,2026-06-23T22:59:31Z,2026-06-23T22:59:42Z,197.41408348083496,13,0.0,0.0,bounding_box,SWOT_L2_HR_PIXC_052_130_181R_20260623T225931_20260623T225942_PID0_01,https://archive.swot.podaac.earthdata.nasa.gov/podaac-swot-ops-cumulus-protected/SWOT_L2_HR_PIXC_D/SWOT_L2_HR_PIXC_052_130_181R_20260623T225931_20260623T225942_PID0_01.nc,13 exutorios dentro/intersectando a geometria do granulo.
965,PIXC,051,436,182L,2026-06-14T00:37:23Z,2026-06-14T00:37:35Z,391.48292350769043,13,0.0,0.0,bounding_box,SWOT_L2_HR_PIXC_051_436_182L_20260614T003723_20260614T003735_PID0_01,https://archive.swot.podaac.earthdata.nasa.gov/podaac-swot-ops-cumulus-protected/SWOT_L2_HR_PIXC_D/SWOT_L2_HR_PIXC_051_436_182L_20260614T003723_20260614T003735_PID0_01.nc,13 exutorios dentro/intersectando a geometria do granulo.
966,PIXC,051,227,127L,2026-06-06T13:15:51Z,2026-06-06T13:16:02Z,352.42368030548096,13,0.0,0.0,bounding_box,SWOT_L2_HR_PIXC_051_227_127L_20260606T131551_20260606T131602_PID0_01,https://archive.swot.podaac.earthdata.nasa.gov/podaac-swot-ops-cumulus-protected/SWOT_L2_HR_PIXC_D/SWOT_L2_HR_PIXC_051_227_127L_20260606T131551_20260606T131602_PID0_01.nc,13 exutorios dentro/intersectando a geometria do granulo.
967,PIXC,051,130,182R,2026-06-03T02:14:35Z,2026-06-03T02:14:46Z,381.1762008666992,13,0.0,0.0,bounding_box,SWOT_L2_HR_PIXC_051_130_182R_20260603T021435_20260603T021446_PID0_01,https://archive.swot.podaac.earthdata.nasa.gov/podaac-swot-ops-cumulus-protected/SWOT_L2_HR_PIXC_D/SWOT_L2_HR_PIXC_051_130_182R_20260603T021435_20260603T021446_PID0_01.nc,13 exutorios dentro/intersectando a geometria do granulo.
968,PIXC,051,130,181R,2026-06-03T02:14:25Z,2026-06-03T02:14:36Z,198.39312362670898,13,0.0,0.0,bounding_box,SWOT_L2_HR_PIXC_051_130_181R_20260603T021425_20260603T021436_PID0_01,https://archive.swot.podaac.earthdata.nasa.gov/podaac-swot-ops-cumulus-protected/SWOT_L2_HR_PIXC_D/SWOT_L2_HR_PIXC_051_130_181R_20260603T021425_20260603T021436_PID0_01.nc,13 exutorios dentro/intersectando a geometria do granulo.
969,PIXC,050,436,182L,2026-05-24T03:52:19Z,2026-05-24T03:52:30Z,366.8040590286255,13,0.0,0.0,bounding_box,SWOT_L2_HR_PIXC_050_436_182L_20260524T035219_20260524T035230_PID0_01,https://archive.swot.podaac.earthdata.nasa.gov/podaac-swot-ops-cumulus-protected/SWOT_L2_HR_PIXC_D/SWOT_L2_HR_PIXC_050_436_182L_20260524T035219_20260524T035230_PID0_01.nc,13 exutorios dentro/intersectando a geometria do granulo.
970,PIXC,050,227,127L,2026-05-16T16:30:47Z,2026-05-16T16:30:58Z,317.05752086639404,13,0.0,0.0,bounding_box,SWOT_L2_HR_PIXC_050_227_127L_20260516T163047_20260516T163058_PID0_01,https://archive.swot.podaac.earthdata.nasa.gov/podaac-swot-ops-cumulus-protected/SWOT_L2_HR_PIXC_D/SWOT_L2_HR_PIXC_050_227_127L_20260516T163047_20260516T163058_PID0_01.nc,13 exutorios dentro/intersectando a geometria do granulo.
971,PIXC,050,130,182R,2026-05-13T05:29:31Z,2026-05-13T05:29:42Z,393.9098205566406,13,0.0,0.0,bounding_box,SWOT_L2_HR_PIXC_050_130_182R_20260513T052931_20260513T052942_PID0_01,https://archive.swot.podaac.earthdata.nasa.gov/podaac-swot-ops-cumulus-protected/SWOT_L2_HR_PIXC_D/SWOT_L2_HR_PIXC_050_130_182R_20260513T052931_20260513T052942_PID0_01.nc,13 exutorios dentro/intersectando a geometria do granulo.
972,PIXC,050,130,181R,2026-05-13T05:29:21Z,2026-05-13T05:29:32Z,215.4142837524414,13,0.0,0.0,bounding_box,SWOT_L2_HR_PIXC_050_130_181R_20260513T052921_20260513T052932_PID0_01,https://archive.swot.podaac.earthdata.nasa.gov/podaac-swot-ops-cumulus-protected/SWOT_L2_HR_PIXC_D/SWOT_L2_HR_PIXC_050_130_181R_20260513T052921_20260513T052932_PID0_01.nc,13 exutorios dentro/intersectando a geometria do granulo.
973,PIXC,049,436,182L,2026-05-03T07:07:15Z,2026-05-03T07:07:26Z,386.09395027160645,13,0.0,0.0,bounding_box,SWOT_L2_HR_PIXC_049_436_182L_20260503T070715_20260503T070726_PID0_01,https://archive.swot.podaac.earthdata.nasa.gov/podaac-swot-ops-cumulus-protected/SWOT_L2_HR_PIXC_D/SWOT_L2_HR_PIXC_049_436_182L_20260503T070715_20260503T070726_PID0_01.nc,13 exutorios dentro/intersectando a geometria do granulo.
974,PIXC,049,227,127L,2026-04-25T19:45:43Z,2026-04-25T19:45:54Z,329.51057624816895,13,0.0,0.0,bounding_box,SWOT_L2_HR_PIXC_049_227_127L_20260425T194543_20260425T194554_PID0_01,https://archive.swot.podaac.earthdata.nasa.gov/podaac-swot-ops-cumulus-protected/SWOT_L2_HR_PIXC_D/SWOT_L2_HR_PIXC_049_227_127L_20260425T194543_20260425T194554_PID0_01.nc,13 exutorios dentro/intersectando a geometria do granulo.
975,PIXC,049,130,182R,2026-04-22T08:44:27Z,2026-04-22T08:44:39Z,407.12132835388184,13,0.0,0.0,bounding_box,SWOT_L2_HR_PIXC_049_130_182R_20260422T084427_20260422T084439_PID0_01,https://archive.swot.podaac.earthdata.nasa.gov/podaac-swot-ops-cumulus-protected/SWOT_L2_HR_PIXC_D/SWOT_L2_HR_PIXC_049_130_182R_20260422T084427_20260422T084439_PID0_01.nc,13 exutorios dentro/intersectando a geometria do granulo.
976,PIXC,049,130,181R,2026-04-22T08:44:17Z,2026-04-22T08:44:29Z,237.77101516723633,13,0.0,0.0,bounding_box,SWOT_L2_HR_PIXC_049_130_181R_20260422T084417_20260422T084429_PID0_01,https://archive.swot.podaac.earthdata.nasa.gov/podaac-swot-ops-cumulus-protected/SWOT_L2_HR_PIXC_D/SWOT_L2_HR_PIXC_049_130_181R_20260422T084417_20260422T084429_PID0_01.nc,13 exutorios dentro/intersectando a geometria do granulo.
977,PIXC,048,436,182L,2026-04-12T10:22:10Z,2026-04-12T10:22:21Z,425.4411725997925,13,0.0,0.0,bounding_box,SWOT_L2_HR_PIXC_048_436_182L_20260412T102210_20260412T102221_PID0_01,https://archive.swot.podaac.earthdata.nasa.gov/podaac-swot-ops-cumulus-protected/SWOT_L2_HR_PIXC_D/SWOT_L2_HR_PIXC_048_436_182L_20260412T102210_20260412T102221_PID0_01.nc,13 exutorios dentro/intersectando a geometria do granulo.
978,PIXC,048,227,127L,2026-04-04T23:00:37Z,2026-04-04T23:00:48Z,371.7339849472046,13,0.0,0.0,bounding_box,SWOT_L2_HR_PIXC_048_227_127L_20260404T230037_20260404T230048_PID0_01,https://archive.swot.podaac.earthdata.nasa.gov/podaac-swot-ops-cumulus-protected/SWOT_L2_HR_PIXC_D/SWOT_L2_HR_PIXC_048_227_127L_20260404T230037_20260404T230048_PID0_01.nc,13 exutorios dentro/intersectando a geometria do granulo.
979,PIXC,048,130,182R,2026-04-01T11:59:21Z,2026-04-01T11:59:32Z,446.88773250579834,13,0.0,0.0,bounding_box,SWOT_L2_HR_PIXC_048_130_182R_20260401T115921_20260401T115932_PID0_01,https://archive.swot.podaac.earthdata.nasa.gov/podaac-swot-ops-cumulus-protected/SWOT_L2_HR_PIXC_D/SWOT_L2_HR_PIXC_048_130_182R_20260401T115921_20260401T115932_PID0_01.nc,13 exutorios dentro/intersectando a geometria do granulo.
980,PIXC,048,130,181R,2026-04-01T11:59:11Z,2026-04-01T11:59:22Z,276.70283126831055,13,0.0,0.0,bounding_box,SWOT_L2_HR_PIXC_048_130_181R_20260401T115911_20260401T115922_PID0_01,https://archive.swot.podaac.earthdata.nasa.gov/podaac-swot-ops-cumulus-protected/SWOT_L2_HR_PIXC_D/SWOT_L2_HR_PIXC_048_130_181R_20260401T115911_20260401T115922_PID0_01.nc,13 exutorios dentro/intersectando a geometria do granulo.
981,PIXC,047,436,182L,2026-03-22T13:37:06Z,2026-03-22T13:37:17Z,445.3887424468994,13,0.0,0.0,bounding_box,SWOT_L2_HR_PIXC_047_436_182L_20260322T133706_20260322T133717_PID0_01,https://archive.swot.podaac.earthdata.nasa.gov/podaac-swot-ops-cumulus-protected/SWOT_L2_HR_PIXC_D/SWOT_L2_HR_PIXC_047_436_182L_20260322T133706_20260322T133717_PID0_01.nc,13 exutorios dentro/intersectando a geometria do granulo.
982,PIXC,047,227,127L,2026-03-15T02:15:33Z,2026-03-15T02:15:45Z,377.0677537918091,13,0.0,0.0,bounding_box,SWOT_L2_HR_PIXC_047_227_127L_20260315T021533_20260315T021545_PID0_01,https://archive.swot.podaac.earthdata.nasa.gov/podaac-swot-ops-cumulus-protected/SWOT_L2_HR_PIXC_D/SWOT_L2_HR_PIXC_047_227_127L_20260315T021533_20260315T021545_PID0_01.nc,13 exutorios dentro/intersectando a geometria do granulo.
983,PIXC,047,130,182R,2026-03-11T15:14:18Z,2026-03-11T15:14:29Z,431.2836751937866,13,0.0,0.0,bounding_box,SWOT_L2_HR_PIXC_047_130_182R_20260311T151418_20260311T151429_PID0_01,https://archive.swot.podaac.earthdata.nasa.gov/podaac-swot-ops-cumulus-protected/SWOT_L2_HR_PIXC_D/SWOT_L2_HR_PIXC_047_130_182R_20260311T151418_20260311T151429_PID0_01.nc,13 exutorios dentro/intersectando a geometria do granulo.
984,PIXC,047,130,181R,2026-03-11T15:14:08Z,2026-03-11T15:14:19Z,263.85617542266846,13,0.0,0.0,bounding_box,SWOT_L2_HR_PIXC_047_130_181R_20260311T151408_20260311T151419_PID0_01,https://archive.swot.podaac.earthdata.nasa.gov/podaac-swot-ops-cumulus-protected/SWOT_L2_HR_PIXC_D/SWOT_L2_HR_PIXC_047_130_181R_20260311T151408_20260311T151419_PID0_01.nc,13 exutorios dentro/intersectando a geometria do granulo.
985,PIXC,046,436,182L,2026-03-01T16:52:00Z,2026-03-01T16:52:11Z,510.90300846099854,13,0.0,0.0,bounding_box,SWOT_L2_HR_PIXC_046_436_182L_20260301T165200_20260301T165211_PID0_01,https://archive.swot.podaac.earthdata.nasa.gov/podaac-swot-ops-cumulus-protected/SWOT_L2_HR_PIXC_D/SWOT_L2_HR_PIXC_046_436_182L_20260301T165200_20260301T165211_PID0_01.nc,13 exutorios dentro/intersectando a geometria do granulo.
986,PIXC,046,227,127L,2026-02-22T05:30:26Z,2026-02-22T05:30:38Z,399.83957958221436,13,0.0,0.0,bounding_box,SWOT_L2_HR_PIXC_046_227_127L_20260222T053026_20260222T053038_PID0_01,https://archive.swot.podaac.earthdata.nasa.gov/podaac-swot-ops-cumulus-protected/SWOT_L2_HR_PIXC_D/SWOT_L2_HR_PIXC_046_227_127L_20260222T053026_20260222T053038_PID0_01.nc,13 exutorios dentro/intersectando a geometria do granulo.
987,PIXC,046,130,182R,2026-02-18T18:29:10Z,2026-02-18T18:29:21Z,369.68797302246094,13,0.0,0.0,bounding_box,SWOT_L2_HR_PIXC_046_130_182R_20260218T182910_20260218T182921_PID0_01,https://archive.swot.podaac.earthdata.nasa.gov/podaac-swot-ops-cumulus-protected/SWOT_L2_HR_PIXC_D/SWOT_L2_HR_PIXC_046_130_182R_20260218T182910_20260218T182921_PID0_01.nc,13 exutorios dentro/intersectando a geometria do granulo.
988,PIXC,046,130,181R,2026-02-18T18:29:00Z,2026-02-18T18:29:11Z,217.26478481292725,13,0.0,0.0,bounding_box,SWOT_L2_HR_PIXC_046_130_181R_20260218T182900_20260218T182911_PID0_01,https://archive.swot.podaac.earthdata.nasa.gov/podaac-swot-ops-cumulus-protected/SWOT_L2_HR_PIXC_D/SWOT_L2_HR_PIXC_046_130_181R_20260218T182900_20260218T182911_PID0_01.nc,13 exutorios dentro/intersectando a geometria do granulo.
989,PIXC,045,436,182L,2026-02-08T20:06:53Z,2026-02-08T20:07:04Z,472.7335214614868,13,0.0,0.0,bounding_box,SWOT_L2_HR_PIXC_045_436_182L_20260208T200653_20260208T200704_PID0_01,https://archive.swot.podaac.earthdata.nasa.gov/podaac-swot-ops-cumulus-protected/SWOT_L2_HR_PIXC_D/SWOT_L2_HR_PIXC_045_436_182L_20260208T200653_20260208T200704_PID0_01.nc,13 exutorios dentro/intersectando a geometria do granulo.
990,PIXC,045,227,127L,2026-02-01T08:45:21Z,2026-02-01T08:45:33Z,421.9671974182129,13,0.0,0.0,bounding_box,SWOT_L2_HR_PIXC_045_227_127L_20260201T084521_20260201T084533_PID0_01,https://archive.swot.podaac.earthdata.nasa.gov/podaac-swot-ops-cumulus-protected/SWOT_L2_HR_PIXC_D/SWOT_L2_HR_PIXC_045_227_127L_20260201T084521_20260201T084533_PID0_01.nc,13 exutorios dentro/intersectando a geometria do granulo.
991,PIXC,045,130,182R,2026-01-28T21:44:06Z,2026-01-28T21:44:17Z,432.06425857543945,13,0.0,0.0,bounding_box,SWOT_L2_HR_PIXC_045_130_182R_20260128T214406_20260128T214417_PID0_01,https://archive.swot.podaac.earthdata.nasa.gov/podaac-swot-ops-cumulus-protected/SWOT_L2_HR_PIXC_D/SWOT_L2_HR_PIXC_045_130_182R_20260128T214406_20260128T214417_PID0_01.nc,13 exutorios dentro/intersectando a geometria do granulo.
992,PIXC,045,130,181R,2026-01-28T21:43:56Z,2026-01-28T21:44:07Z,243.8718032836914,13,0.0,0.0,bounding_box,SWOT_L2_HR_PIXC_045_130_181R_20260128T214356_20260128T214407_PID0_01,https://archive.swot.podaac.earthdata.nasa.gov/podaac-swot-ops-cumulus-protected/SWOT_L2_HR_PIXC_D/SWOT_L2_HR_PIXC_045_130_181R_20260128T214356_20260128T214407_PID0_01.nc,13 exutorios dentro/intersectando a geometria do granulo.
993,PIXC,044,436,182L,2026-01-18T23:21:49Z,2026-01-18T23:22:00Z,420.07965183258057,13,0.0,0.0,bounding_box,SWOT_L2_HR_PIXC_044_436_182L_20260118T232149_20260118T232200_PID0_01,https://archive.swot.podaac.earthdata.nasa.gov/podaac-swot-ops-cumulus-protected/SWOT_L2_HR_PIXC_D/SWOT_L2_HR_PIXC_044_436_182L_20260118T232149_20260118T232200_PID0_01.nc,13 exutorios dentro/intersectando a geometria do granulo.
994,PIXC,044,227,127L,2026-01-11T12:00:17Z,2026-01-11T12:00:28Z,396.9170036315918,13,0.0,0.0,bounding_box,SWOT_L2_HR_PIXC_044_227_127L_20260111T120017_20260111T120028_PID0_01,https://archive.swot.podaac.earthdata.nasa.gov/podaac-swot-ops-cumulus-protected/SWOT_L2_HR_PIXC_D/SWOT_L2_HR_PIXC_044_227_127L_20260111T120017_20260111T120028_PID0_01.nc,13 exutorios dentro/intersectando a geometria do granulo.
995,PIXC,044,130,182R,2026-01-08T00:59:01Z,2026-01-08T00:59:13Z,503.17291927337646,13,0.0,0.0,bounding_box,SWOT_L2_HR_PIXC_044_130_182R_20260108T005901_20260108T005913_PID0_01,https://archive.swot.podaac.earthdata.nasa.gov/podaac-swot-ops-cumulus-protected/SWOT_L2_HR_PIXC_D/SWOT_L2_HR_PIXC_044_130_182R_20260108T005901_20260108T005913_PID0_01.nc,13 exutorios dentro/intersectando a geometria do granulo.
996,PIXC,044,130,181R,2026-01-08T00:58:51Z,2026-01-08T00:59:03Z,322.4685707092285,13,0.0,0.0,bounding_box,SWOT_L2_HR_PIXC_044_130_181R_20260108T005851_20260108T005903_PID0_01,https://archive.swot.podaac.earthdata.nasa.gov/podaac-swot-ops-cumulus-protected/SWOT_L2_HR_PIXC_D/SWOT_L2_HR_PIXC_044_130_181R_20260108T005851_20260108T005903_PID0_01.nc,13 exutorios dentro/intersectando a geometria do granulo.
997,PIXC,043,436,182L,2025-12-29T02:36:45Z,2025-12-29T02:36:56Z,437.37421894073486,13,0.0,0.0,bounding_box,SWOT_L2_HR_PIXC_043_436_182L_20251229T023645_20251229T023656_PID0_01,https://archive.swot.podaac.earthdata.nasa.gov/podaac-swot-ops-cumulus-protected/SWOT_L2_HR_PIXC_D/SWOT_L2_HR_PIXC_043_436_182L_20251229T023645_20251229T023656_PID0_01.nc,13 exutorios dentro/intersectando a geometria do granulo.
998,PIXC,043,227,127L,2025-12-21T15:15:12Z,2025-12-21T15:15:23Z,434.00539779663086,13,0.0,0.0,bounding_box,SWOT_L2_HR_PIXC_043_227_127L_20251221T151512_20251221T151523_PID0_01,https://archive.swot.podaac.earthdata.nasa.gov/podaac-swot-ops-cumulus-protected/SWOT_L2_HR_PIXC_D/SWOT_L2_HR_PIXC_043_227_127L_20251221T151512_20251221T151523_PID0_01.nc,13 exutorios dentro/intersectando a geometria do granulo.
999,PIXC,043,130,182R,2025-12-18T04:13:55Z,2025-12-18T04:14:07Z,507.5103569030762,13,0.0,0.0,bounding_box,SWOT_L2_HR_PIXC_043_130_182R_20251218T041355_20251218T041407_PID0_01,https://archive.swot.podaac.earthdata.nasa.gov/podaac-swot-ops-cumulus-protected/SWOT_L2_HR_PIXC_D/SWOT_L2_HR_PIXC_043_130_182R_20251218T041355_20251218T041407_PID0_01.nc,13 exutorios dentro/intersectando a geometria do granulo.
1000,PIXC,043,130,181R,2025-12-18T04:13:45Z,2025-12-18T04:13:57Z,368.17097187042236,13,0.0,0.0,bounding_box,SWOT_L2_HR_PIXC_043_130_181R_20251218T041345_20251218T041357_PID0_01,https://archive.swot.podaac.earthdata.nasa.gov/podaac-swot-ops-cumulus-protected/SWOT_L2_HR_PIXC_D/SWOT_L2_HR_PIXC_043_130_181R_20251218T041345_20251218T041357_PID0_01.nc,13 exutorios dentro/intersectando a geometria do granulo.
1001,PIXC,042,436,182L,2025-12-08T05:51:39Z,2025-12-08T05:51:50Z,494.13585472106934,13,0.0,0.0,bounding_box,SWOT_L2_HR_PIXC_042_436_182L_20251208T055139_20251208T055150_PID0_01,https://archive.swot.podaac.earthdata.nasa.gov/podaac-swot-ops-cumulus-protected/SWOT_L2_HR_PIXC_D/SWOT_L2_HR_PIXC_042_436_182L_20251208T055139_20251208T055150_PID0_01.nc,13 exutorios dentro/intersectando a geometria do granulo.
1002,PIXC,042,227,127L,2025-11-30T18:30:08Z,2025-11-30T18:30:19Z,385.9976501464844,13,0.0,0.0,bounding_box,SWOT_L2_HR_PIXC_042_227_127L_20251130T183008_20251130T183019_PID0_01,https://archive.swot.podaac.earthdata.nasa.gov/podaac-swot-ops-cumulus-protected/SWOT_L2_HR_PIXC_D/SWOT_L2_HR_PIXC_042_227_127L_20251130T183008_20251130T183019_PID0_01.nc,13 exutorios dentro/intersectando a geometria do granulo.
1003,PIXC,042,130,182R,2025-11-27T07:28:52Z,2025-11-27T07:29:03Z,519.3998975753784,13,0.0,0.0,bounding_box,SWOT_L2_HR_PIXC_042_130_182R_20251127T072852_20251127T072903_PID0_01,https://archive.swot.podaac.earthdata.nasa.gov/podaac-swot-ops-cumulus-protected/SWOT_L2_HR_PIXC_D/SWOT_L2_HR_PIXC_042_130_182R_20251127T072852_20251127T072903_PID0_01.nc,13 exutorios dentro/intersectando a geometria do granulo.
1004,PIXC,042,130,181R,2025-11-27T07:28:42Z,2025-11-27T07:28:53Z,291.3252782821655,13,0.0,0.0,bounding_box,SWOT_L2_HR_PIXC_042_130_181R_20251127T072842_20251127T072853_PID0_01,https://archive.swot.podaac.earthdata.nasa.gov/podaac-swot-ops-cumulus-protected/SWOT_L2_HR_PIXC_D/SWOT_L2_HR_PIXC_042_130_181R_20251127T072842_20251127T072853_PID0_01.nc,13 exutorios dentro/intersectando a geometria do granulo.
1005,PIXC,041,436,182L,2025-11-17T09:06:35Z,2025-11-17T09:06:46Z,382.1542615890503,13,0.0,0.0,bounding_box,SWOT_L2_HR_PIXC_041_436_182L_20251117T090635_20251117T090646_PID0_01,https://archive.swot.podaac.earthdata.nasa.gov/podaac-swot-ops-cumulus-protected/SWOT_L2_HR_PIXC_D/SWOT_L2_HR_PIXC_041_436_182L_20251117T090635_20251117T090646_PID0_01.nc,13 exutorios dentro/intersectando a geometria do granulo.
1006,PIXC,041,227,127L,2025-11-09T21:45:04Z,2025-11-09T21:45:15Z,415.040735244751,13,0.0,0.0,bounding_box,SWOT_L2_HR_PIXC_041_227_127L_20251109T214504_20251109T214515_PID0_01,https://archive.swot.podaac.earthdata.nasa.gov/podaac-swot-ops-cumulus-protected/SWOT_L2_HR_PIXC_D/SWOT_L2_HR_PIXC_041_227_127L_20251109T214504_20251109T214515_PID0_01.nc,13 exutorios dentro/intersectando a geometria do granulo.
1007,PIXC,041,130,182R,2025-11-06T10:43:49Z,2025-11-06T10:44:00Z,482.32370376586914,13,0.0,0.0,bounding_box,SWOT_L2_HR_PIXC_041_130_182R_20251106T104349_20251106T104400_PID0_01,https://archive.swot.podaac.earthdata.nasa.gov/podaac-swot-ops-cumulus-protected/SWOT_L2_HR_PIXC_D/SWOT_L2_HR_PIXC_041_130_182R_20251106T104349_20251106T104400_PID0_01.nc,13 exutorios dentro/intersectando a geometria do granulo.
1008,PIXC,041,130,181R,2025-11-06T10:43:39Z,2025-11-06T10:43:50Z,294.5873966217041,13,0.0,0.0,bounding_box,SWOT_L2_HR_PIXC_041_130_181R_20251106T104339_20251106T104350_PID0_01,https://archive.swot.podaac.earthdata.nasa.gov/podaac-swot-ops-cumulus-protected/SWOT_L2_HR_PIXC_D/SWOT_L2_HR_PIXC_041_130_181R_20251106T104339_20251106T104350_PID0_01.nc,13 exutorios dentro/intersectando a geometria do granulo.
1009,PIXC,040,436,182L,2025-10-27T12:21:32Z,2025-10-27T12:21:43Z,387.3642683029175,13,0.0,0.0,bounding_box,SWOT_L2_HR_PIXC_040_436_182L_20251027T122132_20251027T122143_PID0_01,https://archive.swot.podaac.earthdata.nasa.gov/podaac-swot-ops-cumulus-protected/SWOT_L2_HR_PIXC_D/SWOT_L2_HR_PIXC_040_436_182L_20251027T122132_20251027T122143_PID0_01.nc,13 exutorios dentro/intersectando a geometria do granulo.
1010,PIXC,040,227,127L,2025-10-20T01:00:00Z,2025-10-20T01:00:11Z,351.64922523498535,13,0.0,0.0,bounding_box,SWOT_L2_HR_PIXC_040_227_127L_20251020T010000_20251020T010011_PID0_01,https://archive.swot.podaac.earthdata.nasa.gov/podaac-swot-ops-cumulus-protected/SWOT_L2_HR_PIXC_D/SWOT_L2_HR_PIXC_040_227_127L_20251020T010000_20251020T010011_PID0_01.nc,13 exutorios dentro/intersectando a geometria do granulo.
1011,PIXC,040,130,182R,2025-10-16T13:58:44Z,2025-10-16T13:58:55Z,422.42777824401855,13,0.0,0.0,bounding_box,SWOT_L2_HR_PIXC_040_130_182R_20251016T135844_20251016T135855_PID0_01,https://archive.swot.podaac.earthdata.nasa.gov/podaac-swot-ops-cumulus-protected/SWOT_L2_HR_PIXC_D/SWOT_L2_HR_PIXC_040_130_182R_20251016T135844_20251016T135855_PID0_01.nc,13 exutorios dentro/intersectando a geometria do granulo.
1012,PIXC,040,130,181R,2025-10-16T13:58:34Z,2025-10-16T13:58:45Z,243.71605777740479,13,0.0,0.0,bounding_box,SWOT_L2_HR_PIXC_040_130_181R_20251016T135834_20251016T135845_PID0_01,https://archive.swot.podaac.earthdata.nasa.gov/podaac-swot-ops-cumulus-protected/SWOT_L2_HR_PIXC_D/SWOT_L2_HR_PIXC_040_130_181R_20251016T135834_20251016T135845_PID0_01.nc,13 exutorios dentro/intersectando a geometria do granulo.
1013,PIXC,039,436,182L,2025-10-06T15:36:26Z,2025-10-06T15:36:37Z,402.64214420318604,13,0.0,0.0,bounding_box,SWOT_L2_HR_PIXC_039_436_182L_20251006T153626_20251006T153637_PID0_01,https://archive.swot.podaac.earthdata.nasa.gov/podaac-swot-ops-cumulus-protected/SWOT_L2_HR_PIXC_D/SWOT_L2_HR_PIXC_039_436_182L_20251006T153626_20251006T153637_PID0_01.nc,13 exutorios dentro/intersectando a geometria do granulo.
1014,PIXC,039,227,127L,2025-09-29T04:14:54Z,2025-09-29T04:15:05Z,347.89131450653076,13,0.0,0.0,bounding_box,SWOT_L2_HR_PIXC_039_227_127L_20250929T041454_20250929T041505_PID0_01,https://archive.swot.podaac.earthdata.nasa.gov/podaac-swot-ops-cumulus-protected/SWOT_L2_HR_PIXC_D/SWOT_L2_HR_PIXC_039_227_127L_20250929T041454_20250929T041505_PID0_01.nc,13 exutorios dentro/intersectando a geometria do granulo.
1015,PIXC,039,130,182R,2025-09-25T17:13:38Z,2025-09-25T17:13:49Z,396.8487596511841,13,0.0,0.0,bounding_box,SWOT_L2_HR_PIXC_039_130_182R_20250925T171338_20250925T171349_PID0_01,https://archive.swot.podaac.earthdata.nasa.gov/podaac-swot-ops-cumulus-protected/SWOT_L2_HR_PIXC_D/SWOT_L2_HR_PIXC_039_130_182R_20250925T171338_20250925T171349_PID0_01.nc,13 exutorios dentro/intersectando a geometria do granulo.
1016,PIXC,039,130,181R,2025-09-25T17:13:28Z,2025-09-25T17:13:39Z,210.60476398468018,13,0.0,0.0,bounding_box,SWOT_L2_HR_PIXC_039_130_181R_20250925T171328_20250925T171339_PID0_01,https://archive.swot.podaac.earthdata.nasa.gov/podaac-swot-ops-cumulus-protected/SWOT_L2_HR_PIXC_D/SWOT_L2_HR_PIXC_039_130_181R_20250925T171328_20250925T171339_PID0_01.nc,13 exutorios dentro/intersectando a geometria do granulo.
1017,PIXC,038,436,182L,2025-09-15T18:51:21Z,2025-09-15T18:51:32Z,384.2262439727783,13,0.0,0.0,bounding_box,SWOT_L2_HR_PIXC_038_436_182L_20250915T185121_20250915T185132_PID0_01,https://archive.swot.podaac.earthdata.nasa.gov/podaac-swot-ops-cumulus-protected/SWOT_L2_HR_PIXC_D/SWOT_L2_HR_PIXC_038_436_182L_20250915T185121_20250915T185132_PID0_01.nc,13 exutorios dentro/intersectando a geometria do granulo.
1018,PIXC,038,227,127L,2025-09-08T07:29:50Z,2025-09-08T07:30:01Z,354.0520668029785,13,0.0,0.0,bounding_box,SWOT_L2_HR_PIXC_038_227_127L_20250908T072950_20250908T073001_PID0_01,https://archive.swot.podaac.earthdata.nasa.gov/podaac-swot-ops-cumulus-protected/SWOT_L2_HR_PIXC_D/SWOT_L2_HR_PIXC_038_227_127L_20250908T072950_20250908T073001_PID0_01.nc,13 exutorios dentro/intersectando a geometria do granulo.
1019,PIXC,038,130,182R,2025-09-04T20:28:35Z,2025-09-04T20:28:46Z,403.5594787597656,13,0.0,0.0,bounding_box,SWOT_L2_HR_PIXC_038_130_182R_20250904T202835_20250904T202846_PID0_01,https://archive.swot.podaac.earthdata.nasa.gov/podaac-swot-ops-cumulus-protected/SWOT_L2_HR_PIXC_D/SWOT_L2_HR_PIXC_038_130_182R_20250904T202835_20250904T202846_PID0_01.nc,13 exutorios dentro/intersectando a geometria do granulo.
1020,PIXC,038,130,181R,2025-09-04T20:28:25Z,2025-09-04T20:28:36Z,200.1823787689209,13,0.0,0.0,bounding_box,SWOT_L2_HR_PIXC_038_130_181R_20250904T202825_20250904T202836_PID0_01,https://archive.swot.podaac.earthdata.nasa.gov/podaac-swot-ops-cumulus-protected/SWOT_L2_HR_PIXC_D/SWOT_L2_HR_PIXC_038_130_181R_20250904T202825_20250904T202836_PID0_01.nc,13 exutorios dentro/intersectando a geometria do granulo.
1021,PIXC,037,227,127L,2025-08-18T10:44:46Z,2025-08-18T10:44:58Z,336.20169162750244,13,0.0,0.0,bounding_box,SWOT_L2_HR_PIXC_037_227_127L_20250818T104446_20250818T104458_PID0_01,https://archive.swot.podaac.earthdata.nasa.gov/podaac-swot-ops-cumulus-protected/SWOT_L2_HR_PIXC_D/SWOT_L2_HR_PIXC_037_227_127L_20250818T104446_20250818T104458_PID0_01.nc,13 exutorios dentro/intersectando a geometria do granulo.
1022,PIXC,037,130,182R,2025-08-14T23:43:30Z,2025-08-14T23:43:41Z,378.0903959274292,13,0.0,0.0,bounding_box,SWOT_L2_HR_PIXC_037_130_182R_20250814T234330_20250814T234341_PID0_01,https://archive.swot.podaac.earthdata.nasa.gov/podaac-swot-ops-cumulus-protected/SWOT_L2_HR_PIXC_D/SWOT_L2_HR_PIXC_037_130_182R_20250814T234330_20250814T234341_PID0_01.nc,13 exutorios dentro/intersectando a geometria do granulo.
1023,PIXC,037,130,182R,2025-08-14T23:43:30Z,2025-08-14T23:43:41Z,378.09237003326416,13,0.0,0.0,bounding_box,SWOT_L2_HR_PIXC_037_130_182R_20250814T234330_20250814T234341_PID0_02,https://archive.swot.podaac.earthdata.nasa.gov/podaac-swot-ops-cumulus-protected/SWOT_L2_HR_PIXC_D/SWOT_L2_HR_PIXC_037_130_182R_20250814T234330_20250814T234341_PID0_02.nc,13 exutorios dentro/intersectando a geometria do granulo.
1024,PIXC,037,130,181R,2025-08-14T23:43:20Z,2025-08-14T23:43:31Z,205.03233909606934,13,0.0,0.0,bounding_box,SWOT_L2_HR_PIXC_037_130_181R_20250814T234320_20250814T234331_PID0_01,https://archive.swot.podaac.earthdata.nasa.gov/podaac-swot-ops-cumulus-protected/SWOT_L2_HR_PIXC_D/SWOT_L2_HR_PIXC_037_130_181R_20250814T234320_20250814T234331_PID0_01.nc,13 exutorios dentro/intersectando a geometria do granulo.
1025,PIXC,037,130,181R,2025-08-14T23:43:20Z,2025-08-14T23:43:31Z,205.03610134124756,13,0.0,0.0,bounding_box,SWOT_L2_HR_PIXC_037_130_181R_20250814T234320_20250814T234331_PID0_02,https://archive.swot.podaac.earthdata.nasa.gov/podaac-swot-ops-cumulus-protected/SWOT_L2_HR_PIXC_D/SWOT_L2_HR_PIXC_037_130_181R_20250814T234320_20250814T234331_PID0_02.nc,13 exutorios dentro/intersectando a geometria do granulo.
1026,PIXC,036,436,182L,2025-08-05T01:21:13Z,2025-08-05T01:21:24Z,396.46970653533936,13,0.0,0.0,bounding_box,SWOT_L2_HR_PIXC_036_436_182L_20250805T012113_20250805T012124_PID0_01,https://archive.swot.podaac.earthdata.nasa.gov/podaac-swot-ops-cumulus-protected/SWOT_L2_HR_PIXC_D/SWOT_L2_HR_PIXC_036_436_182L_20250805T012113_20250805T012124_PID0_01.nc,13 exutorios dentro/intersectando a geometria do granulo.
1027,PIXC,036,227,127L,2025-07-28T13:59:42Z,2025-07-28T13:59:53Z,351.9053726196289,13,0.0,0.0,bounding_box,SWOT_L2_HR_PIXC_036_227_127L_20250728T135942_20250728T135953_PID0_01,https://archive.swot.podaac.earthdata.nasa.gov/podaac-swot-ops-cumulus-protected/SWOT_L2_HR_PIXC_D/SWOT_L2_HR_PIXC_036_227_127L_20250728T135942_20250728T135953_PID0_01.nc,13 exutorios dentro/intersectando a geometria do granulo.
1028,PIXC,036,227,127L,2025-07-28T13:59:42Z,2025-07-28T13:59:53Z,351.9056158065796,13,0.0,0.0,bounding_box,SWOT_L2_HR_PIXC_036_227_127L_20250728T135942_20250728T135953_PID0_02,https://archive.swot.podaac.earthdata.nasa.gov/podaac-swot-ops-cumulus-protected/SWOT_L2_HR_PIXC_D/SWOT_L2_HR_PIXC_036_227_127L_20250728T135942_20250728T135953_PID0_02.nc,13 exutorios dentro/intersectando a geometria do granulo.
1029,PIXC,036,130,182R,2025-07-25T02:58:26Z,2025-07-25T02:58:38Z,378.93966007232666,13,0.0,0.0,bounding_box,SWOT_L2_HR_PIXC_036_130_182R_20250725T025826_20250725T025838_PID0_01,https://archive.swot.podaac.earthdata.nasa.gov/podaac-swot-ops-cumulus-protected/SWOT_L2_HR_PIXC_D/SWOT_L2_HR_PIXC_036_130_182R_20250725T025826_20250725T025838_PID0_01.nc,13 exutorios dentro/intersectando a geometria do granulo.
1030,PIXC,036,130,181R,2025-07-25T02:58:16Z,2025-07-25T02:58:28Z,206.66039276123047,13,0.0,0.0,bounding_box,SWOT_L2_HR_PIXC_036_130_181R_20250725T025816_20250725T025828_PID0_01,https://archive.swot.podaac.earthdata.nasa.gov/podaac-swot-ops-cumulus-protected/SWOT_L2_HR_PIXC_D/SWOT_L2_HR_PIXC_036_130_181R_20250725T025816_20250725T025828_PID0_01.nc,13 exutorios dentro/intersectando a geometria do granulo.
1031,PIXC,035,436,182L,2025-07-15T04:36:10Z,2025-07-15T04:36:21Z,365.03156566619873,13,0.0,0.0,bounding_box,SWOT_L2_HR_PIXC_035_436_182L_20250715T043610_20250715T043621_PID0_01,https://archive.swot.podaac.earthdata.nasa.gov/podaac-swot-ops-cumulus-protected/SWOT_L2_HR_PIXC_D/SWOT_L2_HR_PIXC_035_436_182L_20250715T043610_20250715T043621_PID0_01.nc,13 exutorios dentro/intersectando a geometria do granulo.
1032,PIXC,035,227,127L,2025-07-07T17:14:37Z,2025-07-07T17:14:48Z,317.94668197631836,13,0.0,0.0,bounding_box,SWOT_L2_HR_PIXC_035_227_127L_20250707T171437_20250707T171448_PID0_01,https://archive.swot.podaac.earthdata.nasa.gov/podaac-swot-ops-cumulus-protected/SWOT_L2_HR_PIXC_D/SWOT_L2_HR_PIXC_035_227_127L_20250707T171437_20250707T171448_PID0_01.nc,13 exutorios dentro/intersectando a geometria do granulo.
1033,PIXC,035,130,182R,2025-07-04T06:13:21Z,2025-07-04T06:13:32Z,396.46135997772217,13,0.0,0.0,bounding_box,SWOT_L2_HR_PIXC_035_130_182R_20250704T061321_20250704T061332_PID0_01,https://archive.swot.podaac.earthdata.nasa.gov/podaac-swot-ops-cumulus-protected/SWOT_L2_HR_PIXC_D/SWOT_L2_HR_PIXC_035_130_182R_20250704T061321_20250704T061332_PID0_01.nc,13 exutorios dentro/intersectando a geometria do granulo.
1034,PIXC,035,130,181R,2025-07-04T06:13:11Z,2025-07-04T06:13:22Z,209.54880046844482,13,0.0,0.0,bounding_box,SWOT_L2_HR_PIXC_035_130_181R_20250704T061311_20250704T061322_PID0_01,https://archive.swot.podaac.earthdata.nasa.gov/podaac-swot-ops-cumulus-protected/SWOT_L2_HR_PIXC_D/SWOT_L2_HR_PIXC_035_130_181R_20250704T061311_20250704T061322_PID0_01.nc,13 exutorios dentro/intersectando a geometria do granulo.
1035,PIXC,034,436,182L,2025-06-24T07:51:03Z,2025-06-24T07:51:14Z,363.79230213165283,13,0.0,0.0,bounding_box,SWOT_L2_HR_PIXC_034_436_182L_20250624T075103_20250624T075114_PID0_01,https://archive.swot.podaac.earthdata.nasa.gov/podaac-swot-ops-cumulus-protected/SWOT_L2_HR_PIXC_D/SWOT_L2_HR_PIXC_034_436_182L_20250624T075103_20250624T075114_PID0_01.nc,13 exutorios dentro/intersectando a geometria do granulo.
1036,PIXC,034,227,127L,2025-06-16T20:29:30Z,2025-06-16T20:29:41Z,323.37096405029297,13,0.0,0.0,bounding_box,SWOT_L2_HR_PIXC_034_227_127L_20250616T202930_20250616T202941_PID0_01,https://archive.swot.podaac.earthdata.nasa.gov/podaac-swot-ops-cumulus-protected/SWOT_L2_HR_PIXC_D/SWOT_L2_HR_PIXC_034_227_127L_20250616T202930_20250616T202941_PID0_01.nc,13 exutorios dentro/intersectando a geometria do granulo.
1037,PIXC,034,130,182R,2025-06-13T09:28:15Z,2025-06-13T09:28:26Z,393.47099018096924,13,0.0,0.0,bounding_box,SWOT_L2_HR_PIXC_034_130_182R_20250613T092815_20250613T092826_PID0_01,https://archive.swot.podaac.earthdata.nasa.gov/podaac-swot-ops-cumulus-protected/SWOT_L2_HR_PIXC_D/SWOT_L2_HR_PIXC_034_130_182R_20250613T092815_20250613T092826_PID0_01.nc,13 exutorios dentro/intersectando a geometria do granulo.
1038,PIXC,034,130,181R,2025-06-13T09:28:05Z,2025-06-13T09:28:16Z,207.85302734375,13,0.0,0.0,bounding_box,SWOT_L2_HR_PIXC_034_130_181R_20250613T092805_20250613T092816_PID0_01,https://archive.swot.podaac.earthdata.nasa.gov/podaac-swot-ops-cumulus-protected/SWOT_L2_HR_PIXC_D/SWOT_L2_HR_PIXC_034_130_181R_20250613T092805_20250613T092816_PID0_01.nc,13 exutorios dentro/intersectando a geometria do granulo.
1039,PIXC,033,436,182L,2025-06-03T11:05:59Z,2025-06-03T11:06:10Z,374.1971769332886,13,0.0,0.0,bounding_box,SWOT_L2_HR_PIXC_033_436_182L_20250603T110559_20250603T110610_PID0_01,https://archive.swot.podaac.earthdata.nasa.gov/podaac-swot-ops-cumulus-protected/SWOT_L2_HR_PIXC_D/SWOT_L2_HR_PIXC_033_436_182L_20250603T110559_20250603T110610_PID0_01.nc,13 exutorios dentro/intersectando a geometria do granulo.
1040,PIXC,033,227,127L,2025-05-26T23:44:26Z,2025-05-26T23:44:37Z,315.4814033508301,13,0.0,0.0,bounding_box,SWOT_L2_HR_PIXC_033_227_127L_20250526T234426_20250526T234437_PID0_01,https://archive.swot.podaac.earthdata.nasa.gov/podaac-swot-ops-cumulus-protected/SWOT_L2_HR_PIXC_D/SWOT_L2_HR_PIXC_033_227_127L_20250526T234426_20250526T234437_PID0_01.nc,13 exutorios dentro/intersectando a geometria do granulo.
1041,PIXC,033,130,182R,2025-05-23T12:43:11Z,2025-05-23T12:43:22Z,401.4323148727417,13,0.0,0.0,bounding_box,SWOT_L2_HR_PIXC_033_130_182R_20250523T124311_20250523T124322_PID0_01,https://archive.swot.podaac.earthdata.nasa.gov/podaac-swot-ops-cumulus-protected/SWOT_L2_HR_PIXC_D/SWOT_L2_HR_PIXC_033_130_182R_20250523T124311_20250523T124322_PID0_01.nc,13 exutorios dentro/intersectando a geometria do granulo.
1042,PIXC,033,130,181R,2025-05-23T12:43:01Z,2025-05-23T12:43:12Z,221.19200992584229,13,0.0,0.0,bounding_box,SWOT_L2_HR_PIXC_033_130_181R_20250523T124301_20250523T124312_PID0_01,https://archive.swot.podaac.earthdata.nasa.gov/podaac-swot-ops-cumulus-protected/SWOT_L2_HR_PIXC_D/SWOT_L2_HR_PIXC_033_130_181R_20250523T124301_20250523T124312_PID0_01.nc,13 exutorios dentro/intersectando a geometria do granulo.
1043,PIXC,032,436,182L,2025-05-13T14:20:52Z,2025-05-13T14:21:03Z,390.71391105651855,13,0.0,0.0,bounding_box,SWOT_L2_HR_PIXC_032_436_182L_20250513T142052_20250513T142103_PID0_01,https://archive.swot.podaac.earthdata.nasa.gov/podaac-swot-ops-cumulus-protected/SWOT_L2_HR_PIXC_D/SWOT_L2_HR_PIXC_032_436_182L_20250513T142052_20250513T142103_PID0_01.nc,13 exutorios dentro/intersectando a geometria do granulo.
1044,PIXC,032,436,182L,2025-05-13T14:20:52Z,2025-05-13T14:21:03Z,390.6714496612549,13,0.0,0.0,bounding_box,SWOT_L2_HR_PIXC_032_436_182L_20250513T142052_20250513T142103_PGD0_01,https://archive.swot.podaac.earthdata.nasa.gov/podaac-swot-ops-cumulus-protected/SWOT_L2_HR_PIXC_D/SWOT_L2_HR_PIXC_032_436_182L_20250513T142052_20250513T142103_PGD0_01.nc,13 exutorios dentro/intersectando a geometria do granulo.
1045,PIXC,032,227,127L,2025-05-06T02:59:20Z,2025-05-06T02:59:31Z,330.911337852478,13,0.0,0.0,bounding_box,SWOT_L2_HR_PIXC_032_227_127L_20250506T025920_20250506T025931_PID0_02,https://archive.swot.podaac.earthdata.nasa.gov/podaac-swot-ops-cumulus-protected/SWOT_L2_HR_PIXC_D/SWOT_L2_HR_PIXC_032_227_127L_20250506T025920_20250506T025931_PID0_02.nc,13 exutorios dentro/intersectando a geometria do granulo.
1046,PIXC,032,227,127L,2025-05-06T02:59:20Z,2025-05-06T02:59:31Z,330.8934841156006,13,0.0,0.0,bounding_box,SWOT_L2_HR_PIXC_032_227_127L_20250506T025920_20250506T025931_PGD0_01,https://archive.swot.podaac.earthdata.nasa.gov/podaac-swot-ops-cumulus-protected/SWOT_L2_HR_PIXC_D/SWOT_L2_HR_PIXC_032_227_127L_20250506T025920_20250506T025931_PGD0_01.nc,13 exutorios dentro/intersectando a geometria do granulo.
1047,PIXC,032,130,182R,2025-05-02T15:58:05Z,2025-05-02T15:58:16Z,453.8976182937622,13,0.0,0.0,bounding_box,SWOT_L2_HR_PIXC_032_130_182R_20250502T155805_20250502T155816_PGD0_01,https://archive.swot.podaac.earthdata.nasa.gov/podaac-swot-ops-cumulus-protected/SWOT_L2_HR_PIXC_D/SWOT_L2_HR_PIXC_032_130_182R_20250502T155805_20250502T155816_PGD0_01.nc,13 exutorios dentro/intersectando a geometria do granulo.
1048,PIXC,032,130,181R,2025-05-02T15:57:55Z,2025-05-02T15:58:06Z,263.7304286956787,13,0.0,0.0,bounding_box,SWOT_L2_HR_PIXC_032_130_181R_20250502T155755_20250502T155806_PGD0_01,https://archive.swot.podaac.earthdata.nasa.gov/podaac-swot-ops-cumulus-protected/SWOT_L2_HR_PIXC_D/SWOT_L2_HR_PIXC_032_130_181R_20250502T155755_20250502T155806_PGD0_01.nc,13 exutorios dentro/intersectando a geometria do granulo.
1049,PIXC,031,436,182L,2025-04-22T17:35:49Z,2025-04-22T17:36:00Z,412.9726219177246,13,0.0,0.0,bounding_box,SWOT_L2_HR_PIXC_031_436_182L_20250422T173549_20250422T173600_PGD0_01,https://archive.swot.podaac.earthdata.nasa.gov/podaac-swot-ops-cumulus-protected/SWOT_L2_HR_PIXC_D/SWOT_L2_HR_PIXC_031_436_182L_20250422T173549_20250422T173600_PGD0_01.nc,13 exutorios dentro/intersectando a geometria do granulo.
1050,PIXC,031,436,182L,2025-04-22T17:35:49Z,2025-04-22T17:36:00Z,412.9726219177246,13,0.0,0.0,bounding_box,SWOT_L2_HR_PIXC_031_436_182L_20250422T173549_20250422T173600_PGD0_02,https://archive.swot.podaac.earthdata.nasa.gov/podaac-swot-ops-cumulus-protected/SWOT_L2_HR_PIXC_D/SWOT_L2_HR_PIXC_031_436_182L_20250422T173549_20250422T173600_PGD0_02.nc,13 exutorios dentro/intersectando a geometria do granulo.
1051,PIXC,031,227,127L,2025-04-15T06:14:17Z,2025-04-15T06:14:28Z,385.90474796295166,13,0.0,0.0,bounding_box,SWOT_L2_HR_PIXC_031_227_127L_20250415T061417_20250415T061428_PGD0_01,https://archive.swot.podaac.earthdata.nasa.gov/podaac-swot-ops-cumulus-protected/SWOT_L2_HR_PIXC_D/SWOT_L2_HR_PIXC_031_227_127L_20250415T061417_20250415T061428_PGD0_01.nc,13 exutorios dentro/intersectando a geometria do granulo.
1052,PIXC,031,227,127L,2025-04-15T06:14:17Z,2025-04-15T06:14:28Z,385.9027729034424,13,0.0,0.0,bounding_box,SWOT_L2_HR_PIXC_031_227_127L_20250415T061417_20250415T061428_PGD0_02,https://archive.swot.podaac.earthdata.nasa.gov/podaac-swot-ops-cumulus-protected/SWOT_L2_HR_PIXC_D/SWOT_L2_HR_PIXC_031_227_127L_20250415T061417_20250415T061428_PGD0_02.nc,13 exutorios dentro/intersectando a geometria do granulo.
1053,PIXC,031,130,182R,2025-04-11T19:13:01Z,2025-04-11T19:13:12Z,386.4438714981079,13,0.0,0.0,bounding_box,SWOT_L2_HR_PIXC_031_130_182R_20250411T191301_20250411T191312_PGD0_01,https://archive.swot.podaac.earthdata.nasa.gov/podaac-swot-ops-cumulus-protected/SWOT_L2_HR_PIXC_D/SWOT_L2_HR_PIXC_031_130_182R_20250411T191301_20250411T191312_PGD0_01.nc,13 exutorios dentro/intersectando a geometria do granulo.
1054,PIXC,031,130,182R,2025-04-11T19:13:01Z,2025-04-11T19:13:12Z,386.4438714981079,13,0.0,0.0,bounding_box,SWOT_L2_HR_PIXC_031_130_182R_20250411T191301_20250411T191312_PGD0_02,https://archive.swot.podaac.earthdata.nasa.gov/podaac-swot-ops-cumulus-protected/SWOT_L2_HR_PIXC_D/SWOT_L2_HR_PIXC_031_130_182R_20250411T191301_20250411T191312_PGD0_02.nc,13 exutorios dentro/intersectando a geometria do granulo.
1055,PIXC,031,130,181R,2025-04-11T19:12:51Z,2025-04-11T19:13:02Z,227.26615142822266,13,0.0,0.0,bounding_box,SWOT_L2_HR_PIXC_031_130_181R_20250411T191251_20250411T191302_PGD0_01,https://archive.swot.podaac.earthdata.nasa.gov/podaac-swot-ops-cumulus-protected/SWOT_L2_HR_PIXC_D/SWOT_L2_HR_PIXC_031_130_181R_20250411T191251_20250411T191302_PGD0_01.nc,13 exutorios dentro/intersectando a geometria do granulo.
1056,PIXC,031,130,181R,2025-04-11T19:12:51Z,2025-04-11T19:13:02Z,227.26615142822266,13,0.0,0.0,bounding_box,SWOT_L2_HR_PIXC_031_130_181R_20250411T191251_20250411T191302_PGD0_02,https://archive.swot.podaac.earthdata.nasa.gov/podaac-swot-ops-cumulus-protected/SWOT_L2_HR_PIXC_D/SWOT_L2_HR_PIXC_031_130_181R_20250411T191251_20250411T191302_PGD0_02.nc,13 exutorios dentro/intersectando a geometria do granulo.
1057,PIXC,030,436,182L,2025-04-01T20:50:43Z,2025-04-01T20:50:54Z,405.6224002838135,13,0.0,0.0,bounding_box,SWOT_L2_HR_PIXC_030_436_182L_20250401T205043_20250401T205054_PGD0_01,https://archive.swot.podaac.earthdata.nasa.gov/podaac-swot-ops-cumulus-protected/SWOT_L2_HR_PIXC_D/SWOT_L2_HR_PIXC_030_436_182L_20250401T205043_20250401T205054_PGD0_01.nc,13 exutorios dentro/intersectando a geometria do granulo.
1058,PIXC,030,227,127L,2025-03-25T09:29:12Z,2025-03-25T09:29:23Z,365.299861907959,13,0.0,0.0,bounding_box,SWOT_L2_HR_PIXC_030_227_127L_20250325T092912_20250325T092923_PGD0_01,https://archive.swot.podaac.earthdata.nasa.gov/podaac-swot-ops-cumulus-protected/SWOT_L2_HR_PIXC_D/SWOT_L2_HR_PIXC_030_227_127L_20250325T092912_20250325T092923_PGD0_01.nc,13 exutorios dentro/intersectando a geometria do granulo.
1059,PIXC,030,130,182R,2025-03-21T22:27:56Z,2025-03-21T22:28:07Z,412.58197498321533,13,0.0,0.0,bounding_box,SWOT_L2_HR_PIXC_030_130_182R_20250321T222756_20250321T222807_PGD0_01,https://archive.swot.podaac.earthdata.nasa.gov/podaac-swot-ops-cumulus-protected/SWOT_L2_HR_PIXC_D/SWOT_L2_HR_PIXC_030_130_182R_20250321T222756_20250321T222807_PGD0_01.nc,13 exutorios dentro/intersectando a geometria do granulo.
1060,PIXC,030,130,181R,2025-03-21T22:27:46Z,2025-03-21T22:27:57Z,232.16969966888428,13,0.0,0.0,bounding_box,SWOT_L2_HR_PIXC_030_130_181R_20250321T222746_20250321T222757_PGD0_01,https://archive.swot.podaac.earthdata.nasa.gov/podaac-swot-ops-cumulus-protected/SWOT_L2_HR_PIXC_D/SWOT_L2_HR_PIXC_030_130_181R_20250321T222746_20250321T222757_PGD0_01.nc,13 exutorios dentro/intersectando a geometria do granulo.
1061,PIXC,029,436,182L,2025-03-12T00:05:38Z,2025-03-12T00:05:50Z,397.31927585601807,13,0.0,0.0,bounding_box,SWOT_L2_HR_PIXC_029_436_182L_20250312T000538_20250312T000550_PGD0_01,https://archive.swot.podaac.earthdata.nasa.gov/podaac-swot-ops-cumulus-protected/SWOT_L2_HR_PIXC_D/SWOT_L2_HR_PIXC_029_436_182L_20250312T000538_20250312T000550_PGD0_01.nc,13 exutorios dentro/intersectando a geometria do granulo.
1062,PIXC,029,227,127L,2025-03-04T12:44:07Z,2025-03-04T12:44:18Z,377.6132345199585,13,0.0,0.0,bounding_box,SWOT_L2_HR_PIXC_029_227_127L_20250304T124407_20250304T124418_PGD0_01,https://archive.swot.podaac.earthdata.nasa.gov/podaac-swot-ops-cumulus-protected/SWOT_L2_HR_PIXC_D/SWOT_L2_HR_PIXC_029_227_127L_20250304T124407_20250304T124418_PGD0_01.nc,13 exutorios dentro/intersectando a geometria do granulo.
1063,PIXC,029,130,182R,2025-03-01T01:42:51Z,2025-03-01T01:43:03Z,377.7346773147583,13,0.0,0.0,bounding_box,SWOT_L2_HR_PIXC_029_130_182R_20250301T014251_20250301T014303_PGD0_02,https://archive.swot.podaac.earthdata.nasa.gov/podaac-swot-ops-cumulus-protected/SWOT_L2_HR_PIXC_D/SWOT_L2_HR_PIXC_029_130_182R_20250301T014251_20250301T014303_PGD0_02.nc,13 exutorios dentro/intersectando a geometria do granulo.
1064,PIXC,029,130,181R,2025-03-01T01:42:41Z,2025-03-01T01:42:53Z,225.3556022644043,13,0.0,0.0,bounding_box,SWOT_L2_HR_PIXC_029_130_181R_20250301T014241_20250301T014253_PGD0_02,https://archive.swot.podaac.earthdata.nasa.gov/podaac-swot-ops-cumulus-protected/SWOT_L2_HR_PIXC_D/SWOT_L2_HR_PIXC_029_130_181R_20250301T014241_20250301T014253_PGD0_02.nc,13 exutorios dentro/intersectando a geometria do granulo.
1065,PIXC,028,436,182L,2025-02-19T03:20:35Z,2025-02-19T03:20:46Z,437.47639083862305,13,0.0,0.0,bounding_box,SWOT_L2_HR_PIXC_028_436_182L_20250219T032035_20250219T032046_PGD0_02,https://archive.swot.podaac.earthdata.nasa.gov/podaac-swot-ops-cumulus-protected/SWOT_L2_HR_PIXC_D/SWOT_L2_HR_PIXC_028_436_182L_20250219T032035_20250219T032046_PGD0_02.nc,13 exutorios dentro/intersectando a geometria do granulo.
1066,PIXC,028,227,127L,2025-02-11T15:59:02Z,2025-02-11T15:59:13Z,307.5810842514038,13,0.0,0.0,bounding_box,SWOT_L2_HR_PIXC_028_227_127L_20250211T155902_20250211T155913_PGD0_02,https://archive.swot.podaac.earthdata.nasa.gov/podaac-swot-ops-cumulus-protected/SWOT_L2_HR_PIXC_D/SWOT_L2_HR_PIXC_028_227_127L_20250211T155902_20250211T155913_PGD0_02.nc,13 exutorios dentro/intersectando a geometria do granulo.
1067,PIXC,028,130,182R,2025-02-08T04:57:45Z,2025-02-08T04:57:56Z,435.8001298904419,13,0.0,0.0,bounding_box,SWOT_L2_HR_PIXC_028_130_182R_20250208T045745_20250208T045756_PGD0_02,https://archive.swot.podaac.earthdata.nasa.gov/podaac-swot-ops-cumulus-protected/SWOT_L2_HR_PIXC_D/SWOT_L2_HR_PIXC_028_130_182R_20250208T045745_20250208T045756_PGD0_02.nc,13 exutorios dentro/intersectando a geometria do granulo.
1068,PIXC,028,130,181R,2025-02-08T04:57:35Z,2025-02-08T04:57:46Z,266.39154052734375,13,0.0,0.0,bounding_box,SWOT_L2_HR_PIXC_028_130_181R_20250208T045735_20250208T045746_PGD0_02,https://archive.swot.podaac.earthdata.nasa.gov/podaac-swot-ops-cumulus-protected/SWOT_L2_HR_PIXC_D/SWOT_L2_HR_PIXC_028_130_181R_20250208T045735_20250208T045746_PGD0_02.nc,13 exutorios dentro/intersectando a geometria do granulo.
1069,PIXC,027,436,182L,2025-01-29T06:35:30Z,2025-01-29T06:35:41Z,426.9514846801758,13,0.0,0.0,bounding_box,SWOT_L2_HR_PIXC_027_436_182L_20250129T063530_20250129T063541_PGD0_01,https://archive.swot.podaac.earthdata.nasa.gov/podaac-swot-ops-cumulus-protected/SWOT_L2_HR_PIXC_D/SWOT_L2_HR_PIXC_027_436_182L_20250129T063530_20250129T063541_PGD0_01.nc,13 exutorios dentro/intersectando a geometria do granulo.
1070,PIXC,027,227,127L,2025-01-21T19:13:58Z,2025-01-21T19:14:10Z,394.8558168411255,13,0.0,0.0,bounding_box,SWOT_L2_HR_PIXC_027_227_127L_20250121T191358_20250121T191410_PGD0_01,https://archive.swot.podaac.earthdata.nasa.gov/podaac-swot-ops-cumulus-protected/SWOT_L2_HR_PIXC_D/SWOT_L2_HR_PIXC_027_227_127L_20250121T191358_20250121T191410_PGD0_01.nc,13 exutorios dentro/intersectando a geometria do granulo.
1071,PIXC,027,130,182R,2025-01-18T08:12:42Z,2025-01-18T08:12:54Z,524.4204292297363,13,0.0,0.0,bounding_box,SWOT_L2_HR_PIXC_027_130_182R_20250118T081242_20250118T081254_PGD0_01,https://archive.swot.podaac.earthdata.nasa.gov/podaac-swot-ops-cumulus-protected/SWOT_L2_HR_PIXC_D/SWOT_L2_HR_PIXC_027_130_182R_20250118T081242_20250118T081254_PGD0_01.nc,13 exutorios dentro/intersectando a geometria do granulo.
1072,PIXC,027,130,181R,2025-01-18T08:12:32Z,2025-01-18T08:12:44Z,335.33684062957764,13,0.0,0.0,bounding_box,SWOT_L2_HR_PIXC_027_130_181R_20250118T081232_20250118T081244_PGD0_01,https://archive.swot.podaac.earthdata.nasa.gov/podaac-swot-ops-cumulus-protected/SWOT_L2_HR_PIXC_D/SWOT_L2_HR_PIXC_027_130_181R_20250118T081232_20250118T081244_PGD0_01.nc,13 exutorios dentro/intersectando a geometria do granulo.
1073,PIXC,026,436,182L,2025-01-08T09:50:25Z,2025-01-08T09:50:36Z,437.53152084350586,13,0.0,0.0,bounding_box,SWOT_L2_HR_PIXC_026_436_182L_20250108T095025_20250108T095036_PGD0_01,https://archive.swot.podaac.earthdata.nasa.gov/podaac-swot-ops-cumulus-protected/SWOT_L2_HR_PIXC_D/SWOT_L2_HR_PIXC_026_436_182L_20250108T095025_20250108T095036_PGD0_01.nc,13 exutorios dentro/intersectando a geometria do granulo.
1074,PIXC,026,227,127L,2024-12-31T22:28:54Z,2024-12-31T22:29:05Z,405.9810256958008,13,0.0,0.0,bounding_box,SWOT_L2_HR_PIXC_026_227_127L_20241231T222854_20241231T222905_PGD0_01,https://archive.swot.podaac.earthdata.nasa.gov/podaac-swot-ops-cumulus-protected/SWOT_L2_HR_PIXC_D/SWOT_L2_HR_PIXC_026_227_127L_20241231T222854_20241231T222905_PGD0_01.nc,13 exutorios dentro/intersectando a geometria do granulo.
1075,PIXC,026,130,182R,2024-12-28T11:27:39Z,2024-12-28T11:27:50Z,513.2504034042358,13,0.0,0.0,bounding_box,SWOT_L2_HR_PIXC_026_130_182R_20241228T112739_20241228T112750_PGD0_01,https://archive.swot.podaac.earthdata.nasa.gov/podaac-swot-ops-cumulus-protected/SWOT_L2_HR_PIXC_D/SWOT_L2_HR_PIXC_026_130_182R_20241228T112739_20241228T112750_PGD0_01.nc,13 exutorios dentro/intersectando a geometria do granulo.
1076,PIXC,026,130,181R,2024-12-28T11:27:29Z,2024-12-28T11:27:40Z,356.2498722076416,13,0.0,0.0,bounding_box,SWOT_L2_HR_PIXC_026_130_181R_20241228T112729_20241228T112740_PGD0_01,https://archive.swot.podaac.earthdata.nasa.gov/podaac-swot-ops-cumulus-protected/SWOT_L2_HR_PIXC_D/SWOT_L2_HR_PIXC_026_130_181R_20241228T112729_20241228T112740_PGD0_01.nc,13 exutorios dentro/intersectando a geometria do granulo.
1077,PIXC,025,436,182L,2024-12-18T13:05:21Z,2024-12-18T13:05:32Z,477.41486835479736,13,0.0,0.0,bounding_box,SWOT_L2_HR_PIXC_025_436_182L_20241218T130521_20241218T130532_PGD0_01,https://archive.swot.podaac.earthdata.nasa.gov/podaac-swot-ops-cumulus-protected/SWOT_L2_HR_PIXC_D/SWOT_L2_HR_PIXC_025_436_182L_20241218T130521_20241218T130532_PGD0_01.nc,13 exutorios dentro/intersectando a geometria do granulo.
1078,PIXC,025,227,127L,2024-12-11T01:43:49Z,2024-12-11T01:44:00Z,396.4112606048584,13,0.0,0.0,bounding_box,SWOT_L2_HR_PIXC_025_227_127L_20241211T014349_20241211T014400_PGD0_01,https://archive.swot.podaac.earthdata.nasa.gov/podaac-swot-ops-cumulus-protected/SWOT_L2_HR_PIXC_D/SWOT_L2_HR_PIXC_025_227_127L_20241211T014349_20241211T014400_PGD0_01.nc,13 exutorios dentro/intersectando a geometria do granulo.
1079,PIXC,025,130,182R,2024-12-07T14:42:33Z,2024-12-07T14:42:44Z,421.33673763275146,13,0.0,0.0,bounding_box,SWOT_L2_HR_PIXC_025_130_182R_20241207T144233_20241207T144244_PGD0_01,https://archive.swot.podaac.earthdata.nasa.gov/podaac-swot-ops-cumulus-protected/SWOT_L2_HR_PIXC_D/SWOT_L2_HR_PIXC_025_130_182R_20241207T144233_20241207T144244_PGD0_01.nc,13 exutorios dentro/intersectando a geometria do granulo.
1080,PIXC,025,130,181R,2024-12-07T14:42:23Z,2024-12-07T14:42:34Z,259.51119804382324,13,0.0,0.0,bounding_box,SWOT_L2_HR_PIXC_025_130_181R_20241207T144223_20241207T144234_PGD0_01,https://archive.swot.podaac.earthdata.nasa.gov/podaac-swot-ops-cumulus-protected/SWOT_L2_HR_PIXC_D/SWOT_L2_HR_PIXC_025_130_181R_20241207T144223_20241207T144234_PGD0_01.nc,13 exutorios dentro/intersectando a geometria do granulo.
1081,PIXC,024,436,182L,2024-11-27T16:20:18Z,2024-11-27T16:20:29Z,482.1080722808838,13,0.0,0.0,bounding_box,SWOT_L2_HR_PIXC_024_436_182L_20241127T162018_20241127T162029_PGD0_01,https://archive.swot.podaac.earthdata.nasa.gov/podaac-swot-ops-cumulus-protected/SWOT_L2_HR_PIXC_D/SWOT_L2_HR_PIXC_024_436_182L_20241127T162018_20241127T162029_PGD0_01.nc,13 exutorios dentro/intersectando a geometria do granulo.
1082,PIXC,024,227,127L,2024-11-20T04:58:45Z,2024-11-20T04:58:56Z,392.5346746444702,13,0.0,0.0,bounding_box,SWOT_L2_HR_PIXC_024_227_127L_20241120T045845_20241120T045856_PGD0_01,https://archive.swot.podaac.earthdata.nasa.gov/podaac-swot-ops-cumulus-protected/SWOT_L2_HR_PIXC_D/SWOT_L2_HR_PIXC_024_227_127L_20241120T045845_20241120T045856_PGD0_01.nc,13 exutorios dentro/intersectando a geometria do granulo.
1083,PIXC,024,130,182R,2024-11-16T17:57:29Z,2024-11-16T17:57:40Z,510.8636646270752,13,0.0,0.0,bounding_box,SWOT_L2_HR_PIXC_024_130_182R_20241116T175729_20241116T175740_PGD0_01,https://archive.swot.podaac.earthdata.nasa.gov/podaac-swot-ops-cumulus-protected/SWOT_L2_HR_PIXC_D/SWOT_L2_HR_PIXC_024_130_182R_20241116T175729_20241116T175740_PGD0_01.nc,13 exutorios dentro/intersectando a geometria do granulo.
1084,PIXC,024,130,181R,2024-11-16T17:57:19Z,2024-11-16T17:57:30Z,336.08532524108887,13,0.0,0.0,bounding_box,SWOT_L2_HR_PIXC_024_130_181R_20241116T175719_20241116T175730_PGD0_01,https://archive.swot.podaac.earthdata.nasa.gov/podaac-swot-ops-cumulus-protected/SWOT_L2_HR_PIXC_D/SWOT_L2_HR_PIXC_024_130_181R_20241116T175719_20241116T175730_PGD0_01.nc,13 exutorios dentro/intersectando a geometria do granulo.
1085,PIXC,023,436,182L,2024-11-06T19:35:12Z,2024-11-06T19:35:23Z,469.34570598602295,13,0.0,0.0,bounding_box,SWOT_L2_HR_PIXC_023_436_182L_20241106T193512_20241106T193523_PGD0_01,https://archive.swot.podaac.earthdata.nasa.gov/podaac-swot-ops-cumulus-protected/SWOT_L2_HR_PIXC_D/SWOT_L2_HR_PIXC_023_436_182L_20241106T193512_20241106T193523_PGD0_01.nc,13 exutorios dentro/intersectando a geometria do granulo.
1086,PIXC,023,227,127L,2024-10-30T08:13:40Z,2024-10-30T08:13:51Z,419.2088956832886,13,0.0,0.0,bounding_box,SWOT_L2_HR_PIXC_023_227_127L_20241030T081340_20241030T081351_PGD0_01,https://archive.swot.podaac.earthdata.nasa.gov/podaac-swot-ops-cumulus-protected/SWOT_L2_HR_PIXC_D/SWOT_L2_HR_PIXC_023_227_127L_20241030T081340_20241030T081351_PGD0_01.nc,13 exutorios dentro/intersectando a geometria do granulo.
1087,PIXC,023,130,182R,2024-10-26T21:12:25Z,2024-10-26T21:12:36Z,443.987943649292,13,0.0,0.0,bounding_box,SWOT_L2_HR_PIXC_023_130_182R_20241026T211225_20241026T211236_PGD0_01,https://archive.swot.podaac.earthdata.nasa.gov/podaac-swot-ops-cumulus-protected/SWOT_L2_HR_PIXC_D/SWOT_L2_HR_PIXC_023_130_182R_20241026T211225_20241026T211236_PGD0_01.nc,13 exutorios dentro/intersectando a geometria do granulo.
1088,PIXC,023,130,181R,2024-10-26T21:12:15Z,2024-10-26T21:12:26Z,256.3868684768677,13,0.0,0.0,bounding_box,SWOT_L2_HR_PIXC_023_130_181R_20241026T211215_20241026T211226_PGD0_01,https://archive.swot.podaac.earthdata.nasa.gov/podaac-swot-ops-cumulus-protected/SWOT_L2_HR_PIXC_D/SWOT_L2_HR_PIXC_023_130_181R_20241026T211215_20241026T211226_PGD0_01.nc,13 exutorios dentro/intersectando a geometria do granulo.
1089,PIXC,022,227,127L,2024-10-09T11:28:36Z,2024-10-09T11:28:47Z,334.1477403640747,13,0.0,0.0,bounding_box,SWOT_L2_HR_PIXC_022_227_127L_20241009T112836_20241009T112847_PGD0_01,https://archive.swot.podaac.earthdata.nasa.gov/podaac-swot-ops-cumulus-protected/SWOT_L2_HR_PIXC_D/SWOT_L2_HR_PIXC_022_227_127L_20241009T112836_20241009T112847_PGD0_01.nc,13 exutorios dentro/intersectando a geometria do granulo.
1090,PIXC,022,130,182R,2024-10-06T00:27:21Z,2024-10-06T00:27:32Z,384.3010015487671,13,0.0,0.0,bounding_box,SWOT_L2_HR_PIXC_022_130_182R_20241006T002721_20241006T002732_PGD0_01,https://archive.swot.podaac.earthdata.nasa.gov/podaac-swot-ops-cumulus-protected/SWOT_L2_HR_PIXC_D/SWOT_L2_HR_PIXC_022_130_182R_20241006T002721_20241006T002732_PGD0_01.nc,13 exutorios dentro/intersectando a geometria do granulo.
1091,PIXC,022,130,181R,2024-10-06T00:27:11Z,2024-10-06T00:27:22Z,196.57798385620117,13,0.0,0.0,bounding_box,SWOT_L2_HR_PIXC_022_130_181R_20241006T002711_20241006T002722_PGD0_01,https://archive.swot.podaac.earthdata.nasa.gov/podaac-swot-ops-cumulus-protected/SWOT_L2_HR_PIXC_D/SWOT_L2_HR_PIXC_022_130_181R_20241006T002711_20241006T002722_PGD0_01.nc,13 exutorios dentro/intersectando a geometria do granulo.
1092,PIXC,021,436,182L,2024-09-26T02:05:04Z,2024-09-26T02:05:15Z,407.78027629852295,13,0.0,0.0,bounding_box,SWOT_L2_HR_PIXC_021_436_182L_20240926T020504_20240926T020515_PGD0_01,https://archive.swot.podaac.earthdata.nasa.gov/podaac-swot-ops-cumulus-protected/SWOT_L2_HR_PIXC_D/SWOT_L2_HR_PIXC_021_436_182L_20240926T020504_20240926T020515_PGD0_01.nc,13 exutorios dentro/intersectando a geometria do granulo.
1093,PIXC,021,227,127L,2024-09-18T14:43:30Z,2024-09-18T14:43:41Z,362.6534175872803,13,0.0,0.0,bounding_box,SWOT_L2_HR_PIXC_021_227_127L_20240918T144330_20240918T144341_PGD0_01,https://archive.swot.podaac.earthdata.nasa.gov/podaac-swot-ops-cumulus-protected/SWOT_L2_HR_PIXC_D/SWOT_L2_HR_PIXC_021_227_127L_20240918T144330_20240918T144341_PGD0_01.nc,13 exutorios dentro/intersectando a geometria do granulo.
1094,PIXC,021,130,182R,2024-09-15T03:42:13Z,2024-09-15T03:42:24Z,402.35061168670654,13,0.0,0.0,bounding_box,SWOT_L2_HR_PIXC_021_130_182R_20240915T034213_20240915T034224_PGD0_01,https://archive.swot.podaac.earthdata.nasa.gov/podaac-swot-ops-cumulus-protected/SWOT_L2_HR_PIXC_D/SWOT_L2_HR_PIXC_021_130_182R_20240915T034213_20240915T034224_PGD0_01.nc,13 exutorios dentro/intersectando a geometria do granulo.
1095,PIXC,021,130,181R,2024-09-15T03:42:03Z,2024-09-15T03:42:14Z,235.61427783966064,13,0.0,0.0,bounding_box,SWOT_L2_HR_PIXC_021_130_181R_20240915T034203_20240915T034214_PGD0_01,https://archive.swot.podaac.earthdata.nasa.gov/podaac-swot-ops-cumulus-protected/SWOT_L2_HR_PIXC_D/SWOT_L2_HR_PIXC_021_130_181R_20240915T034203_20240915T034214_PGD0_01.nc,13 exutorios dentro/intersectando a geometria do granulo.
1096,PIXC,020,436,182L,2024-09-05T05:19:57Z,2024-09-05T05:20:08Z,381.3312931060791,13,0.0,0.0,bounding_box,SWOT_L2_HR_PIXC_020_436_182L_20240905T051957_20240905T052008_PGD0_01,https://archive.swot.podaac.earthdata.nasa.gov/podaac-swot-ops-cumulus-protected/SWOT_L2_HR_PIXC_D/SWOT_L2_HR_PIXC_020_436_182L_20240905T051957_20240905T052008_PGD0_01.nc,13 exutorios dentro/intersectando a geometria do granulo.
1097,PIXC,020,227,127L,2024-08-28T17:58:24Z,2024-08-28T17:58:35Z,334.49994373321533,13,0.0,0.0,bounding_box,SWOT_L2_HR_PIXC_020_227_127L_20240828T175824_20240828T175835_PGD0_01,https://archive.swot.podaac.earthdata.nasa.gov/podaac-swot-ops-cumulus-protected/SWOT_L2_HR_PIXC_D/SWOT_L2_HR_PIXC_020_227_127L_20240828T175824_20240828T175835_PGD0_01.nc,13 exutorios dentro/intersectando a geometria do granulo.
1098,PIXC,020,130,182R,2024-08-25T06:57:07Z,2024-08-25T06:57:18Z,389.1518259048462,13,0.0,0.0,bounding_box,SWOT_L2_HR_PIXC_020_130_182R_20240825T065707_20240825T065718_PGD0_01,https://archive.swot.podaac.earthdata.nasa.gov/podaac-swot-ops-cumulus-protected/SWOT_L2_HR_PIXC_D/SWOT_L2_HR_PIXC_020_130_182R_20240825T065707_20240825T065718_PGD0_01.nc,13 exutorios dentro/intersectando a geometria do granulo.
1099,PIXC,020,130,181R,2024-08-25T06:56:57Z,2024-08-25T06:57:08Z,224.16853523254395,13,0.0,0.0,bounding_box,SWOT_L2_HR_PIXC_020_130_181R_20240825T065657_20240825T065708_PGD0_01,https://archive.swot.podaac.earthdata.nasa.gov/podaac-swot-ops-cumulus-protected/SWOT_L2_HR_PIXC_D/SWOT_L2_HR_PIXC_020_130_181R_20240825T065657_20240825T065708_PGD0_01.nc,13 exutorios dentro/intersectando a geometria do granulo.
1100,PIXC,019,436,182L,2024-08-15T08:34:51Z,2024-08-15T08:35:02Z,373.8732223510742,13,0.0,0.0,bounding_box,SWOT_L2_HR_PIXC_019_436_182L_20240815T083451_20240815T083502_PGD0_01,https://archive.swot.podaac.earthdata.nasa.gov/podaac-swot-ops-cumulus-protected/SWOT_L2_HR_PIXC_D/SWOT_L2_HR_PIXC_019_436_182L_20240815T083451_20240815T083502_PGD0_01.nc,13 exutorios dentro/intersectando a geometria do granulo.
1101,PIXC,019,227,127L,2024-08-07T21:13:19Z,2024-08-07T21:13:30Z,326.30881786346436,13,0.0,0.0,bounding_box,SWOT_L2_HR_PIXC_019_227_127L_20240807T211319_20240807T211330_PGD0_01,https://archive.swot.podaac.earthdata.nasa.gov/podaac-swot-ops-cumulus-protected/SWOT_L2_HR_PIXC_D/SWOT_L2_HR_PIXC_019_227_127L_20240807T211319_20240807T211330_PGD0_01.nc,13 exutorios dentro/intersectando a geometria do granulo.
1102,PIXC,019,130,182R,2024-08-04T10:12:03Z,2024-08-04T10:12:14Z,393.13497161865234,13,0.0,0.0,bounding_box,SWOT_L2_HR_PIXC_019_130_182R_20240804T101203_20240804T101214_PGD0_01,https://archive.swot.podaac.earthdata.nasa.gov/podaac-swot-ops-cumulus-protected/SWOT_L2_HR_PIXC_D/SWOT_L2_HR_PIXC_019_130_182R_20240804T101203_20240804T101214_PGD0_01.nc,13 exutorios dentro/intersectando a geometria do granulo.
1103,PIXC,019,130,181R,2024-08-04T10:11:53Z,2024-08-04T10:12:04Z,208.75995445251465,13,0.0,0.0,bounding_box,SWOT_L2_HR_PIXC_019_130_181R_20240804T101153_20240804T101204_PGD0_01,https://archive.swot.podaac.earthdata.nasa.gov/podaac-swot-ops-cumulus-protected/SWOT_L2_HR_PIXC_D/SWOT_L2_HR_PIXC_019_130_181R_20240804T101153_20240804T101204_PGD0_01.nc,13 exutorios dentro/intersectando a geometria do granulo.
1104,PIXC,018,436,182L,2024-07-25T11:49:47Z,2024-07-25T11:49:58Z,374.5847339630127,13,0.0,0.0,bounding_box,SWOT_L2_HR_PIXC_018_436_182L_20240725T114947_20240725T114958_PGD0_01,https://archive.swot.podaac.earthdata.nasa.gov/podaac-swot-ops-cumulus-protected/SWOT_L2_HR_PIXC_D/SWOT_L2_HR_PIXC_018_436_182L_20240725T114947_20240725T114958_PGD0_01.nc,13 exutorios dentro/intersectando a geometria do granulo.
1105,PIXC,018,227,127L,2024-07-18T00:28:15Z,2024-07-18T00:28:26Z,311.4415235519409,13,0.0,0.0,bounding_box,SWOT_L2_HR_PIXC_018_227_127L_20240718T002815_20240718T002826_PGD0_01,https://archive.swot.podaac.earthdata.nasa.gov/podaac-swot-ops-cumulus-protected/SWOT_L2_HR_PIXC_D/SWOT_L2_HR_PIXC_018_227_127L_20240718T002815_20240718T002826_PGD0_01.nc,13 exutorios dentro/intersectando a geometria do granulo.
1106,PIXC,018,130,182R,2024-07-14T13:26:59Z,2024-07-14T13:27:10Z,409.4348440170288,13,0.0,0.0,bounding_box,SWOT_L2_HR_PIXC_018_130_182R_20240714T132659_20240714T132710_PGD0_01,https://archive.swot.podaac.earthdata.nasa.gov/podaac-swot-ops-cumulus-protected/SWOT_L2_HR_PIXC_D/SWOT_L2_HR_PIXC_018_130_182R_20240714T132659_20240714T132710_PGD0_01.nc,13 exutorios dentro/intersectando a geometria do granulo.
1107,PIXC,018,130,181R,2024-07-14T13:26:49Z,2024-07-14T13:27:00Z,230.85585689544678,13,0.0,0.0,bounding_box,SWOT_L2_HR_PIXC_018_130_181R_20240714T132649_20240714T132700_PGD0_01,https://archive.swot.podaac.earthdata.nasa.gov/podaac-swot-ops-cumulus-protected/SWOT_L2_HR_PIXC_D/SWOT_L2_HR_PIXC_018_130_181R_20240714T132649_20240714T132700_PGD0_01.nc,13 exutorios dentro/intersectando a geometria do granulo.
1108,PIXC,017,436,182L,2024-07-04T15:04:41Z,2024-07-04T15:04:52Z,380.1454553604126,13,0.0,0.0,bounding_box,SWOT_L2_HR_PIXC_017_436_182L_20240704T150441_20240704T150452_PGD0_01,https://archive.swot.podaac.earthdata.nasa.gov/podaac-swot-ops-cumulus-protected/SWOT_L2_HR_PIXC_D/SWOT_L2_HR_PIXC_017_436_182L_20240704T150441_20240704T150452_PGD0_01.nc,13 exutorios dentro/intersectando a geometria do granulo.
1109,PIXC,017,227,127L,2024-06-27T03:43:10Z,2024-06-27T03:43:21Z,335.7786445617676,13,0.0,0.0,bounding_box,SWOT_L2_HR_PIXC_017_227_127L_20240627T034310_20240627T034321_PGD0_01,https://archive.swot.podaac.earthdata.nasa.gov/podaac-swot-ops-cumulus-protected/SWOT_L2_HR_PIXC_D/SWOT_L2_HR_PIXC_017_227_127L_20240627T034310_20240627T034321_PGD0_01.nc,13 exutorios dentro/intersectando a geometria do granulo.
1110,PIXC,017,130,182R,2024-06-23T16:41:55Z,2024-06-23T16:42:06Z,382.1460018157959,13,0.0,0.0,bounding_box,SWOT_L2_HR_PIXC_017_130_182R_20240623T164155_20240623T164206_PGD0_01,https://archive.swot.podaac.earthdata.nasa.gov/podaac-swot-ops-cumulus-protected/SWOT_L2_HR_PIXC_D/SWOT_L2_HR_PIXC_017_130_182R_20240623T164155_20240623T164206_PGD0_01.nc,13 exutorios dentro/intersectando a geometria do granulo.
1111,PIXC,017,130,181R,2024-06-23T16:41:45Z,2024-06-23T16:41:56Z,201.51719665527344,13,0.0,0.0,bounding_box,SWOT_L2_HR_PIXC_017_130_181R_20240623T164145_20240623T164156_PGD0_01,https://archive.swot.podaac.earthdata.nasa.gov/podaac-swot-ops-cumulus-protected/SWOT_L2_HR_PIXC_D/SWOT_L2_HR_PIXC_017_130_181R_20240623T164145_20240623T164156_PGD0_01.nc,13 exutorios dentro/intersectando a geometria do granulo.
1112,PIXC,016,436,182L,2024-06-13T18:19:38Z,2024-06-13T18:19:49Z,407.5924997329712,13,0.0,0.0,bounding_box,SWOT_L2_HR_PIXC_016_436_182L_20240613T181938_20240613T181949_PGD0_01,https://archive.swot.podaac.earthdata.nasa.gov/podaac-swot-ops-cumulus-protected/SWOT_L2_HR_PIXC_D/SWOT_L2_HR_PIXC_016_436_182L_20240613T181938_20240613T181949_PGD0_01.nc,13 exutorios dentro/intersectando a geometria do granulo.
1113,PIXC,016,227,127L,2024-06-06T06:58:07Z,2024-06-06T06:58:18Z,334.7758903503418,13,0.0,0.0,bounding_box,SWOT_L2_HR_PIXC_016_227_127L_20240606T065807_20240606T065818_PGD0_01,https://archive.swot.podaac.earthdata.nasa.gov/podaac-swot-ops-cumulus-protected/SWOT_L2_HR_PIXC_D/SWOT_L2_HR_PIXC_016_227_127L_20240606T065807_20240606T065818_PGD0_01.nc,13 exutorios dentro/intersectando a geometria do granulo.
1114,PIXC,016,130,182R,2024-06-02T19:56:51Z,2024-06-02T19:57:02Z,390.0431547164917,13,0.0,0.0,bounding_box,SWOT_L2_HR_PIXC_016_130_182R_20240602T195651_20240602T195702_PGD0_01,https://archive.swot.podaac.earthdata.nasa.gov/podaac-swot-ops-cumulus-protected/SWOT_L2_HR_PIXC_D/SWOT_L2_HR_PIXC_016_130_182R_20240602T195651_20240602T195702_PGD0_01.nc,13 exutorios dentro/intersectando a geometria do granulo.
1115,PIXC,016,130,181R,2024-06-02T19:56:41Z,2024-06-02T19:56:52Z,198.5617551803589,13,0.0,0.0,bounding_box,SWOT_L2_HR_PIXC_016_130_181R_20240602T195641_20240602T195652_PGD0_01,https://archive.swot.podaac.earthdata.nasa.gov/podaac-swot-ops-cumulus-protected/SWOT_L2_HR_PIXC_D/SWOT_L2_HR_PIXC_016_130_181R_20240602T195641_20240602T195652_PGD0_01.nc,13 exutorios dentro/intersectando a geometria do granulo.
1116,PIXC,015,436,182L,2024-05-23T21:34:32Z,2024-05-23T21:34:43Z,384.989559173584,13,0.0,0.0,bounding_box,SWOT_L2_HR_PIXC_015_436_182L_20240523T213432_20240523T213443_PGD0_01,https://archive.swot.podaac.earthdata.nasa.gov/podaac-swot-ops-cumulus-protected/SWOT_L2_HR_PIXC_D/SWOT_L2_HR_PIXC_015_436_182L_20240523T213432_20240523T213443_PGD0_01.nc,13 exutorios dentro/intersectando a geometria do granulo.
1117,PIXC,015,227,127L,2024-05-16T10:13:01Z,2024-05-16T10:13:12Z,334.66500186920166,13,0.0,0.0,bounding_box,SWOT_L2_HR_PIXC_015_227_127L_20240516T101301_20240516T101312_PGD0_01,https://archive.swot.podaac.earthdata.nasa.gov/podaac-swot-ops-cumulus-protected/SWOT_L2_HR_PIXC_D/SWOT_L2_HR_PIXC_015_227_127L_20240516T101301_20240516T101312_PGD0_01.nc,13 exutorios dentro/intersectando a geometria do granulo.
1118,PIXC,014,436,182L,2024-05-03T00:49:27Z,2024-05-03T00:49:38Z,396.0390682220459,13,0.0,0.0,bounding_box,SWOT_L2_HR_PIXC_014_436_182L_20240503T004927_20240503T004938_PGD0_01,https://archive.swot.podaac.earthdata.nasa.gov/podaac-swot-ops-cumulus-protected/SWOT_L2_HR_PIXC_D/SWOT_L2_HR_PIXC_014_436_182L_20240503T004927_20240503T004938_PGD0_01.nc,13 exutorios dentro/intersectando a geometria do granulo.
1119,PIXC,014,227,127L,2024-04-25T13:27:57Z,2024-04-25T13:28:08Z,381.6188678741455,13,0.0,0.0,bounding_box,SWOT_L2_HR_PIXC_014_227_127L_20240425T132757_20240425T132808_PGD0_01,https://archive.swot.podaac.earthdata.nasa.gov/podaac-swot-ops-cumulus-protected/SWOT_L2_HR_PIXC_D/SWOT_L2_HR_PIXC_014_227_127L_20240425T132757_20240425T132808_PGD0_01.nc,13 exutorios dentro/intersectando a geometria do granulo.
1120,PIXC,014,130,182R,2024-04-22T02:26:41Z,2024-04-22T02:26:52Z,384.94594383239746,13,0.0,0.0,bounding_box,SWOT_L2_HR_PIXC_014_130_182R_20240422T022641_20240422T022652_PGD0_01,https://archive.swot.podaac.earthdata.nasa.gov/podaac-swot-ops-cumulus-protected/SWOT_L2_HR_PIXC_D/SWOT_L2_HR_PIXC_014_130_182R_20240422T022641_20240422T022652_PGD0_01.nc,13 exutorios dentro/intersectando a geometria do granulo.
1121,PIXC,014,130,181R,2024-04-22T02:26:31Z,2024-04-22T02:26:42Z,213.23889350891113,13,0.0,0.0,bounding_box,SWOT_L2_HR_PIXC_014_130_181R_20240422T022631_20240422T022642_PGD0_01,https://archive.swot.podaac.earthdata.nasa.gov/podaac-swot-ops-cumulus-protected/SWOT_L2_HR_PIXC_D/SWOT_L2_HR_PIXC_014_130_181R_20240422T022631_20240422T022642_PGD0_01.nc,13 exutorios dentro/intersectando a geometria do granulo.
1122,PIXC,013,436,182L,2024-04-12T04:04:24Z,2024-04-12T04:04:35Z,451.55260848999023,13,0.0,0.0,bounding_box,SWOT_L2_HR_PIXC_013_436_182L_20240412T040424_20240412T040435_PGD0_01,https://archive.swot.podaac.earthdata.nasa.gov/podaac-swot-ops-cumulus-protected/SWOT_L2_HR_PIXC_D/SWOT_L2_HR_PIXC_013_436_182L_20240412T040424_20240412T040435_PGD0_01.nc,13 exutorios dentro/intersectando a geometria do granulo.
1123,PIXC,013,227,127L,2024-04-04T16:42:50Z,2024-04-04T16:43:02Z,399.727765083313,13,0.0,0.0,bounding_box,SWOT_L2_HR_PIXC_013_227_127L_20240404T164250_20240404T164302_PGD0_01,https://archive.swot.podaac.earthdata.nasa.gov/podaac-swot-ops-cumulus-protected/SWOT_L2_HR_PIXC_D/SWOT_L2_HR_PIXC_013_227_127L_20240404T164250_20240404T164302_PGD0_01.nc,13 exutorios dentro/intersectando a geometria do granulo.
1124,PIXC,013,130,182R,2024-04-01T05:41:35Z,2024-04-01T05:41:46Z,444.5549545288086,13,0.0,0.0,bounding_box,SWOT_L2_HR_PIXC_013_130_182R_20240401T054135_20240401T054146_PGD0_01,https://archive.swot.podaac.earthdata.nasa.gov/podaac-swot-ops-cumulus-protected/SWOT_L2_HR_PIXC_D/SWOT_L2_HR_PIXC_013_130_182R_20240401T054135_20240401T054146_PGD0_01.nc,13 exutorios dentro/intersectando a geometria do granulo.
1125,PIXC,013,130,181R,2024-04-01T05:41:25Z,2024-04-01T05:41:36Z,289.4046459197998,13,0.0,0.0,bounding_box,SWOT_L2_HR_PIXC_013_130_181R_20240401T054125_20240401T054136_PGD0_01,https://archive.swot.podaac.earthdata.nasa.gov/podaac-swot-ops-cumulus-protected/SWOT_L2_HR_PIXC_D/SWOT_L2_HR_PIXC_013_130_181R_20240401T054125_20240401T054136_PGD0_01.nc,13 exutorios dentro/intersectando a geometria do granulo.
1126,PIXC,012,436,182L,2024-03-22T07:19:18Z,2024-03-22T07:19:30Z,412.72077560424805,13,0.0,0.0,bounding_box,SWOT_L2_HR_PIXC_012_436_182L_20240322T071918_20240322T071930_PGD0_01,https://archive.swot.podaac.earthdata.nasa.gov/podaac-swot-ops-cumulus-protected/SWOT_L2_HR_PIXC_D/SWOT_L2_HR_PIXC_012_436_182L_20240322T071918_20240322T071930_PGD0_01.nc,13 exutorios dentro/intersectando a geometria do granulo.
1127,PIXC,012,227,127L,2024-03-14T19:57:46Z,2024-03-14T19:57:57Z,397.5316505432129,13,0.0,0.0,bounding_box,SWOT_L2_HR_PIXC_012_227_127L_20240314T195746_20240314T195757_PGD0_01,https://archive.swot.podaac.earthdata.nasa.gov/podaac-swot-ops-cumulus-protected/SWOT_L2_HR_PIXC_D/SWOT_L2_HR_PIXC_012_227_127L_20240314T195746_20240314T195757_PGD0_01.nc,13 exutorios dentro/intersectando a geometria do granulo.
1128,PIXC,012,130,182R,2024-03-11T08:56:31Z,2024-03-11T08:56:42Z,454.8735523223877,13,0.0,0.0,bounding_box,SWOT_L2_HR_PIXC_012_130_182R_20240311T085631_20240311T085642_PGD0_01,https://archive.swot.podaac.earthdata.nasa.gov/podaac-swot-ops-cumulus-protected/SWOT_L2_HR_PIXC_D/SWOT_L2_HR_PIXC_012_130_182R_20240311T085631_20240311T085642_PGD0_01.nc,13 exutorios dentro/intersectando a geometria do granulo.
1129,PIXC,012,130,181R,2024-03-11T08:56:21Z,2024-03-11T08:56:32Z,281.95586681365967,13,0.0,0.0,bounding_box,SWOT_L2_HR_PIXC_012_130_181R_20240311T085621_20240311T085632_PGD0_01,https://archive.swot.podaac.earthdata.nasa.gov/podaac-swot-ops-cumulus-protected/SWOT_L2_HR_PIXC_D/SWOT_L2_HR_PIXC_012_130_181R_20240311T085621_20240311T085632_PGD0_01.nc,13 exutorios dentro/intersectando a geometria do granulo.
1130,PIXC,011,436,182L,2024-03-01T10:34:16Z,2024-03-01T10:34:27Z,410.73655128479004,13,0.0,0.0,bounding_box,SWOT_L2_HR_PIXC_011_436_182L_20240301T103416_20240301T103427_PGD0_01,https://archive.swot.podaac.earthdata.nasa.gov/podaac-swot-ops-cumulus-protected/SWOT_L2_HR_PIXC_D/SWOT_L2_HR_PIXC_011_436_182L_20240301T103416_20240301T103427_PGD0_01.nc,13 exutorios dentro/intersectando a geometria do granulo.
1131,PIXC,011,227,127L,2024-02-22T23:12:44Z,2024-02-22T23:12:55Z,411.4932928085327,13,0.0,0.0,bounding_box,SWOT_L2_HR_PIXC_011_227_127L_20240222T231244_20240222T231255_PGD0_01,https://archive.swot.podaac.earthdata.nasa.gov/podaac-swot-ops-cumulus-protected/SWOT_L2_HR_PIXC_D/SWOT_L2_HR_PIXC_011_227_127L_20240222T231244_20240222T231255_PGD0_01.nc,13 exutorios dentro/intersectando a geometria do granulo.
1132,PIXC,011,130,182R,2024-02-19T12:11:28Z,2024-02-19T12:11:39Z,513.5799026489258,13,0.0,0.0,bounding_box,SWOT_L2_HR_PIXC_011_130_182R_20240219T121128_20240219T121139_PGD0_01,https://archive.swot.podaac.earthdata.nasa.gov/podaac-swot-ops-cumulus-protected/SWOT_L2_HR_PIXC_D/SWOT_L2_HR_PIXC_011_130_182R_20240219T121128_20240219T121139_PGD0_01.nc,13 exutorios dentro/intersectando a geometria do granulo.
1133,PIXC,011,130,181R,2024-02-19T12:11:18Z,2024-02-19T12:11:29Z,324.4082221984863,13,0.0,0.0,bounding_box,SWOT_L2_HR_PIXC_011_130_181R_20240219T121118_20240219T121129_PGD0_01,https://archive.swot.podaac.earthdata.nasa.gov/podaac-swot-ops-cumulus-protected/SWOT_L2_HR_PIXC_D/SWOT_L2_HR_PIXC_011_130_181R_20240219T121118_20240219T121129_PGD0_01.nc,13 exutorios dentro/intersectando a geometria do granulo.
1134,PIXC,010,436,182L,2024-02-09T13:49:10Z,2024-02-09T13:49:21Z,495.35470485687256,13,0.0,0.0,bounding_box,SWOT_L2_HR_PIXC_010_436_182L_20240209T134910_20240209T134921_PGD0_01,https://archive.swot.podaac.earthdata.nasa.gov/podaac-swot-ops-cumulus-protected/SWOT_L2_HR_PIXC_D/SWOT_L2_HR_PIXC_010_436_182L_20240209T134910_20240209T134921_PGD0_01.nc,13 exutorios dentro/intersectando a geometria do granulo.
1135,PIXC,010,227,127L,2024-02-02T02:27:39Z,2024-02-02T02:27:50Z,393.1246757507324,13,0.0,0.0,bounding_box,SWOT_L2_HR_PIXC_010_227_127L_20240202T022739_20240202T022750_PGD0_01,https://archive.swot.podaac.earthdata.nasa.gov/podaac-swot-ops-cumulus-protected/SWOT_L2_HR_PIXC_D/SWOT_L2_HR_PIXC_010_227_127L_20240202T022739_20240202T022750_PGD0_01.nc,13 exutorios dentro/intersectando a geometria do granulo.
1136,PIXC,010,130,182R,2024-01-29T15:26:23Z,2024-01-29T15:26:34Z,470.2909965515137,13,0.0,0.0,bounding_box,SWOT_L2_HR_PIXC_010_130_182R_20240129T152623_20240129T152634_PGD0_01,https://archive.swot.podaac.earthdata.nasa.gov/podaac-swot-ops-cumulus-protected/SWOT_L2_HR_PIXC_D/SWOT_L2_HR_PIXC_010_130_182R_20240129T152623_20240129T152634_PGD0_01.nc,13 exutorios dentro/intersectando a geometria do granulo.
1137,PIXC,010,130,181R,2024-01-29T15:26:13Z,2024-01-29T15:26:24Z,311.442476272583,13,0.0,0.0,bounding_box,SWOT_L2_HR_PIXC_010_130_181R_20240129T152613_20240129T152624_PGD0_01,https://archive.swot.podaac.earthdata.nasa.gov/podaac-swot-ops-cumulus-protected/SWOT_L2_HR_PIXC_D/SWOT_L2_HR_PIXC_010_130_181R_20240129T152613_20240129T152624_PGD0_01.nc,13 exutorios dentro/intersectando a geometria do granulo.
1138,PIXC,009,436,182L,2024-01-19T17:04:06Z,2024-01-19T17:04:17Z,432.7275562286377,13,0.0,0.0,bounding_box,SWOT_L2_HR_PIXC_009_436_182L_20240119T170406_20240119T170417_PGD0_01,https://archive.swot.podaac.earthdata.nasa.gov/podaac-swot-ops-cumulus-protected/SWOT_L2_HR_PIXC_D/SWOT_L2_HR_PIXC_009_436_182L_20240119T170406_20240119T170417_PGD0_01.nc,13 exutorios dentro/intersectando a geometria do granulo.
1139,PIXC,009,227,127L,2024-01-12T05:42:32Z,2024-01-12T05:42:43Z,394.4678211212158,13,0.0,0.0,bounding_box,SWOT_L2_HR_PIXC_009_227_127L_20240112T054232_20240112T054243_PGD0_01,https://archive.swot.podaac.earthdata.nasa.gov/podaac-swot-ops-cumulus-protected/SWOT_L2_HR_PIXC_D/SWOT_L2_HR_PIXC_009_227_127L_20240112T054232_20240112T054243_PGD0_01.nc,13 exutorios dentro/intersectando a geometria do granulo.
1140,PIXC,008,436,182L,2023-12-29T20:19:00Z,2023-12-29T20:19:12Z,412.92111015319824,13,0.0,0.0,bounding_box,SWOT_L2_HR_PIXC_008_436_182L_20231229T201900_20231229T201912_PGD0_01,https://archive.swot.podaac.earthdata.nasa.gov/podaac-swot-ops-cumulus-protected/SWOT_L2_HR_PIXC_D/SWOT_L2_HR_PIXC_008_436_182L_20231229T201900_20231229T201912_PGD0_01.nc,13 exutorios dentro/intersectando a geometria do granulo.
1141,PIXC,008,227,127L,2023-12-22T08:57:27Z,2023-12-22T08:57:38Z,455.62878799438477,13,0.0,0.0,bounding_box,SWOT_L2_HR_PIXC_008_227_127L_20231222T085727_20231222T085738_PGD0_01,https://archive.swot.podaac.earthdata.nasa.gov/podaac-swot-ops-cumulus-protected/SWOT_L2_HR_PIXC_D/SWOT_L2_HR_PIXC_008_227_127L_20231222T085727_20231222T085738_PGD0_01.nc,13 exutorios dentro/intersectando a geometria do granulo.
1142,PIXC,008,130,182R,2023-12-18T21:56:11Z,2023-12-18T21:56:22Z,395.28479194641113,13,0.0,0.0,bounding_box,SWOT_L2_HR_PIXC_008_130_182R_20231218T215611_20231218T215622_PGD0_01,https://archive.swot.podaac.earthdata.nasa.gov/podaac-swot-ops-cumulus-protected/SWOT_L2_HR_PIXC_D/SWOT_L2_HR_PIXC_008_130_182R_20231218T215611_20231218T215622_PGD0_01.nc,13 exutorios dentro/intersectando a geometria do granulo.
1143,PIXC,008,130,181R,2023-12-18T21:56:01Z,2023-12-18T21:56:12Z,217.57557106018066,13,0.0,0.0,bounding_box,SWOT_L2_HR_PIXC_008_130_181R_20231218T215601_20231218T215612_PGD0_01,https://archive.swot.podaac.earthdata.nasa.gov/podaac-swot-ops-cumulus-protected/SWOT_L2_HR_PIXC_D/SWOT_L2_HR_PIXC_008_130_181R_20231218T215601_20231218T215612_PGD0_01.nc,13 exutorios dentro/intersectando a geometria do granulo.
1144,PIXC,007,436,182L,2023-12-08T23:33:54Z,2023-12-08T23:34:06Z,398.3461904525757,13,0.0,0.0,bounding_box,SWOT_L2_HR_PIXC_007_436_182L_20231208T233354_20231208T233406_PGD0_01,https://archive.swot.podaac.earthdata.nasa.gov/podaac-swot-ops-cumulus-protected/SWOT_L2_HR_PIXC_D/SWOT_L2_HR_PIXC_007_436_182L_20231208T233354_20231208T233406_PGD0_01.nc,13 exutorios dentro/intersectando a geometria do granulo.
1145,PIXC,007,227,127L,2023-12-01T12:12:23Z,2023-12-01T12:12:34Z,398.44098377227783,13,0.0,0.0,bounding_box,SWOT_L2_HR_PIXC_007_227_127L_20231201T121223_20231201T121234_PGD0_01,https://archive.swot.podaac.earthdata.nasa.gov/podaac-swot-ops-cumulus-protected/SWOT_L2_HR_PIXC_D/SWOT_L2_HR_PIXC_007_227_127L_20231201T121223_20231201T121234_PGD0_01.nc,13 exutorios dentro/intersectando a geometria do granulo.
1146,PIXC,007,130,182R,2023-11-28T01:11:07Z,2023-11-28T01:11:18Z,439.90379905700684,13,0.0,0.0,bounding_box,SWOT_L2_HR_PIXC_007_130_182R_20231128T011107_20231128T011118_PGD0_01,https://archive.swot.podaac.earthdata.nasa.gov/podaac-swot-ops-cumulus-protected/SWOT_L2_HR_PIXC_D/SWOT_L2_HR_PIXC_007_130_182R_20231128T011107_20231128T011118_PGD0_01.nc,13 exutorios dentro/intersectando a geometria do granulo.
1147,PIXC,007,130,181R,2023-11-28T01:10:57Z,2023-11-28T01:11:08Z,318.02244758605957,13,0.0,0.0,bounding_box,SWOT_L2_HR_PIXC_007_130_181R_20231128T011057_20231128T011108_PGD0_01,https://archive.swot.podaac.earthdata.nasa.gov/podaac-swot-ops-cumulus-protected/SWOT_L2_HR_PIXC_D/SWOT_L2_HR_PIXC_007_130_181R_20231128T011057_20231128T011108_PGD0_01.nc,13 exutorios dentro/intersectando a geometria do granulo.
1148,PIXC,006,436,182L,2023-11-18T02:48:49Z,2023-11-18T02:49:00Z,385.5607681274414,13,0.0,0.0,bounding_box,SWOT_L2_HR_PIXC_006_436_182L_20231118T024849_20231118T024900_PGD0_01,https://archive.swot.podaac.earthdata.nasa.gov/podaac-swot-ops-cumulus-protected/SWOT_L2_HR_PIXC_D/SWOT_L2_HR_PIXC_006_436_182L_20231118T024849_20231118T024900_PGD0_01.nc,13 exutorios dentro/intersectando a geometria do granulo.
1149,PIXC,006,227,127L,2023-11-10T15:27:18Z,2023-11-10T15:27:29Z,325.3399953842163,13,0.0,0.0,bounding_box,SWOT_L2_HR_PIXC_006_227_127L_20231110T152718_20231110T152729_PGD0_01,https://archive.swot.podaac.earthdata.nasa.gov/podaac-swot-ops-cumulus-protected/SWOT_L2_HR_PIXC_D/SWOT_L2_HR_PIXC_006_227_127L_20231110T152718_20231110T152729_PGD0_01.nc,13 exutorios dentro/intersectando a geometria do granulo.
1150,PIXC,006,227,127L,2023-11-10T15:27:18Z,2023-11-10T15:27:29Z,325.34169483184814,13,0.0,0.0,bounding_box,SWOT_L2_HR_PIXC_006_227_127L_20231110T152718_20231110T152729_PGD0_02,https://archive.swot.podaac.earthdata.nasa.gov/podaac-swot-ops-cumulus-protected/SWOT_L2_HR_PIXC_D/SWOT_L2_HR_PIXC_006_227_127L_20231110T152718_20231110T152729_PGD0_02.nc,13 exutorios dentro/intersectando a geometria do granulo.
1151,PIXC,006,130,182R,2023-11-07T04:26:02Z,2023-11-07T04:26:13Z,412.93439960479736,13,0.0,0.0,bounding_box,SWOT_L2_HR_PIXC_006_130_182R_20231107T042602_20231107T042613_PGD0_01,https://archive.swot.podaac.earthdata.nasa.gov/podaac-swot-ops-cumulus-protected/SWOT_L2_HR_PIXC_D/SWOT_L2_HR_PIXC_006_130_182R_20231107T042602_20231107T042613_PGD0_01.nc,13 exutorios dentro/intersectando a geometria do granulo.
1152,PIXC,006,130,181R,2023-11-07T04:25:52Z,2023-11-07T04:26:03Z,269.5618190765381,13,0.0,0.0,bounding_box,SWOT_L2_HR_PIXC_006_130_181R_20231107T042552_20231107T042603_PGD0_01,https://archive.swot.podaac.earthdata.nasa.gov/podaac-swot-ops-cumulus-protected/SWOT_L2_HR_PIXC_D/SWOT_L2_HR_PIXC_006_130_181R_20231107T042552_20231107T042603_PGD0_01.nc,13 exutorios dentro/intersectando a geometria do granulo.
1153,PIXC,005,436,182L,2023-10-28T06:03:44Z,2023-10-28T06:03:55Z,388.88900661468506,13,0.0,0.0,bounding_box,SWOT_L2_HR_PIXC_005_436_182L_20231028T060344_20231028T060355_PGD0_01,https://archive.swot.podaac.earthdata.nasa.gov/podaac-swot-ops-cumulus-protected/SWOT_L2_HR_PIXC_D/SWOT_L2_HR_PIXC_005_436_182L_20231028T060344_20231028T060355_PGD0_01.nc,13 exutorios dentro/intersectando a geometria do granulo.
1154,PIXC,005,227,127L,2023-10-20T18:42:12Z,2023-10-20T18:42:23Z,285.10108184814453,13,0.0,0.0,bounding_box,SWOT_L2_HR_PIXC_005_227_127L_20231020T184212_20231020T184223_PGD0_01,https://archive.swot.podaac.earthdata.nasa.gov/podaac-swot-ops-cumulus-protected/SWOT_L2_HR_PIXC_D/SWOT_L2_HR_PIXC_005_227_127L_20231020T184212_20231020T184223_PGD0_01.nc,13 exutorios dentro/intersectando a geometria do granulo.
1155,PIXC,005,130,182R,2023-10-17T07:40:57Z,2023-10-17T07:41:08Z,393.4448289871216,13,0.0,0.0,bounding_box,SWOT_L2_HR_PIXC_005_130_182R_20231017T074057_20231017T074108_PGD0_01,https://archive.swot.podaac.earthdata.nasa.gov/podaac-swot-ops-cumulus-protected/SWOT_L2_HR_PIXC_D/SWOT_L2_HR_PIXC_005_130_182R_20231017T074057_20231017T074108_PGD0_01.nc,13 exutorios dentro/intersectando a geometria do granulo.
1156,PIXC,005,130,181R,2023-10-17T07:40:47Z,2023-10-17T07:40:58Z,212.9768772125244,13,0.0,0.0,bounding_box,SWOT_L2_HR_PIXC_005_130_181R_20231017T074047_20231017T074058_PGD0_01,https://archive.swot.podaac.earthdata.nasa.gov/podaac-swot-ops-cumulus-protected/SWOT_L2_HR_PIXC_D/SWOT_L2_HR_PIXC_005_130_181R_20231017T074047_20231017T074058_PGD0_01.nc,13 exutorios dentro/intersectando a geometria do granulo.
1157,PIXC,004,436,182L,2023-10-07T09:18:39Z,2023-10-07T09:18:50Z,445.2481441497803,13,0.0,0.0,bounding_box,SWOT_L2_HR_PIXC_004_436_182L_20231007T091839_20231007T091850_PGD0_01,https://archive.swot.podaac.earthdata.nasa.gov/podaac-swot-ops-cumulus-protected/SWOT_L2_HR_PIXC_D/SWOT_L2_HR_PIXC_004_436_182L_20231007T091839_20231007T091850_PGD0_01.nc,13 exutorios dentro/intersectando a geometria do granulo.
1158,PIXC,004,227,127L,2023-09-29T21:57:08Z,2023-09-29T21:57:19Z,335.450644493103,13,0.0,0.0,bounding_box,SWOT_L2_HR_PIXC_004_227_127L_20230929T215708_20230929T215719_PGD0_01,https://archive.swot.podaac.earthdata.nasa.gov/podaac-swot-ops-cumulus-protected/SWOT_L2_HR_PIXC_D/SWOT_L2_HR_PIXC_004_227_127L_20230929T215708_20230929T215719_PGD0_01.nc,13 exutorios dentro/intersectando a geometria do granulo.
1159,PIXC,003,436,182L,2023-09-16T12:33:37Z,2023-09-16T12:33:48Z,379.8633794784546,13,0.0,0.0,bounding_box,SWOT_L2_HR_PIXC_003_436_182L_20230916T123337_20230916T123348_PGD0_01,https://archive.swot.podaac.earthdata.nasa.gov/podaac-swot-ops-cumulus-protected/SWOT_L2_HR_PIXC_D/SWOT_L2_HR_PIXC_003_436_182L_20230916T123337_20230916T123348_PGD0_01.nc,13 exutorios dentro/intersectando a geometria do granulo.
1160,PIXC,003,227,127L,2023-09-09T01:12:11Z,2023-09-09T01:12:16Z,106.78741264343262,13,0.0,0.0,bounding_box,SWOT_L2_HR_PIXC_003_227_127L_20230909T011211_20230909T011216_PGD0_01,https://archive.swot.podaac.earthdata.nasa.gov/podaac-swot-ops-cumulus-protected/SWOT_L2_HR_PIXC_D/SWOT_L2_HR_PIXC_003_227_127L_20230909T011211_20230909T011216_PGD0_01.nc,13 exutorios dentro/intersectando a geometria do granulo.
1161,PIXC,003,130,182R,2023-09-05T14:10:49Z,2023-09-05T14:10:52Z,86.22981357574463,13,0.0,0.0,bounding_box,SWOT_L2_HR_PIXC_003_130_182R_20230905T141049_20230905T141052_PGD0_01,https://archive.swot.podaac.earthdata.nasa.gov/podaac-swot-ops-cumulus-protected/SWOT_L2_HR_PIXC_D/SWOT_L2_HR_PIXC_003_130_182R_20230905T141049_20230905T141052_PGD0_01.nc,13 exutorios dentro/intersectando a geometria do granulo.
1162,PIXC,003,130,181R,2023-09-05T14:10:39Z,2023-09-05T14:10:50Z,238.9223575592041,13,0.0,0.0,bounding_box,SWOT_L2_HR_PIXC_003_130_181R_20230905T141039_20230905T141050_PGD0_01,https://archive.swot.podaac.earthdata.nasa.gov/podaac-swot-ops-cumulus-protected/SWOT_L2_HR_PIXC_D/SWOT_L2_HR_PIXC_003_130_181R_20230905T141039_20230905T141050_PGD0_01.nc,13 exutorios dentro/intersectando a geometria do granulo.
1163,PIXC,002,436,182L,2023-08-26T15:48:31Z,2023-08-26T15:48:38Z,179.86769485473633,13,0.0,0.0,bounding_box,SWOT_L2_HR_PIXC_002_436_182L_20230826T154831_20230826T154838_PGD0_01,https://archive.swot.podaac.earthdata.nasa.gov/podaac-swot-ops-cumulus-protected/SWOT_L2_HR_PIXC_D/SWOT_L2_HR_PIXC_002_436_182L_20230826T154831_20230826T154838_PGD0_01.nc,13 exutorios dentro/intersectando a geometria do granulo.
1164,PIXC,001,436,182L,2023-08-05T19:03:26Z,2023-08-05T19:03:37Z,398.15809440612793,13,0.0,0.0,bounding_box,SWOT_L2_HR_PIXC_001_436_182L_20230805T190326_20230805T190337_PGD0_01,https://archive.swot.podaac.earthdata.nasa.gov/podaac-swot-ops-cumulus-protected/SWOT_L2_HR_PIXC_D/SWOT_L2_HR_PIXC_001_436_182L_20230805T190326_20230805T190337_PGD0_01.nc,13 exutorios dentro/intersectando a geometria do granulo.
1165,PIXC,001,227,127L,2023-07-29T07:41:54Z,2023-07-29T07:42:05Z,334.7684679031372,13,0.0,0.0,bounding_box,SWOT_L2_HR_PIXC_001_227_127L_20230729T074154_20230729T074205_PGD0_01,https://archive.swot.podaac.earthdata.nasa.gov/podaac-swot-ops-cumulus-protected/SWOT_L2_HR_PIXC_D/SWOT_L2_HR_PIXC_001_227_127L_20230729T074154_20230729T074205_PGD0_01.nc,13 exutorios dentro/intersectando a geometria do granulo.
1166,RIVERSP,055,255,SA,2026-08-30T00:11:07Z,2026-08-30T00:21:21Z,10.732728004455566,13,0.0,0.0,bounding_box,SWOT_L2_HR_RiverSP_Reach_055_255_SA_20260830T001107_20260830T002121_PID0_01,https://archive.swot.podaac.earthdata.nasa.gov/podaac-swot-ops-cumulus-protected/SWOT_L2_HR_RiverSP_D/SWOT_L2_HR_RiverSP_Reach_055_255_SA_20260830T001107_20260830T002121_PID0_01.zip,RiverSP ja testado: rejeitado por distancia real alta no notebook 03.
